Goodwill Industries of Michiana - E-Commerce Production Report,,,,,,
Date range: 09/09/2026 - 09/09/2026,,,,,,
,,,,,,
Item Tag,Category,Donation Site,Donated,Identified for E-Com,Sent to E-Com,Stage
JW-019552,Jewelry,Store 12,09/05/2026 11:19 AM,09/07/2026 06:55 PM,09/09/2026 01:02 AM,Sent to E-Com
WT-019671,Watches,Outlet DC,09/07/2026 01:55 AM,09/08/2026 05:35 AM,09/09/2026 06:25 AM,Sent to E-Com
WT-019695,Watches,Store 12,09/06/2026 10:30 AM,09/09/2026 09:40 AM,09/09/2026 10:19 AM,Sent to E-Com
AR-019743,Art,Store 04,09/06/2026 05:36 PM,09/08/2026 12:46 PM,09/09/2026 06:51 AM,Sent to E-Com
CL-019873,Clothing,Donation Center 02,09/05/2026 07:48 PM,09/08/2026 04:05 AM,09/09/2026 07:46 AM,Sent to E-Com
CO-019887,Collectibles,Store 04,09/06/2026 05:01 PM,09/08/2026 04:53 AM,09/09/2026 11:58 AM,Sent to E-Com
AR-019888,Art,Outlet DC,09/05/2026 02:34 AM,09/07/2026 11:03 AM,09/09/2026 12:07 AM,Sent to E-Com
WT-020063,Watches,Donation Center 02,09/07/2026 02:42 PM,09/08/2026 09:28 AM,09/09/2026 10:21 AM,Sent to E-Com
HB-020081,Handbags,Donation Center 02,09/06/2026 07:10 PM,09/08/2026 02:08 PM,09/09/2026 01:05 AM,Sent to E-Com
HB-020087,Handbags,Outlet DC,09/06/2026 04:18 AM,09/08/2026 09:06 PM,09/09/2026 04:18 AM,Sent to E-Com
KT-020088,Kitchen,Store 07,09/06/2026 01:43 PM,09/09/2026 02:25 AM,09/09/2026 06:42 PM,Sent to E-Com
HM-020211,Home Decor,Store 07,09/06/2026 12:16 PM,09/08/2026 08:27 PM,09/09/2026 07:48 AM,Sent to E-Com
HM-020212,Home Decor,Store 12,09/05/2026 09:04 AM,09/07/2026 07:11 PM,09/09/2026 12:38 AM,Sent to E-Com
WT-020219,Watches,Store 07,09/06/2026 10:35 AM,09/08/2026 07:32 PM,09/09/2026 04:57 AM,Sent to E-Com
HB-020226,Handbags,Outlet DC,09/07/2026 03:48 AM,09/08/2026 03:23 PM,09/09/2026 05:11 PM,Sent to E-Com
SG-020342,Sporting Goods,Store 04,09/06/2026 03:06 PM,09/07/2026 07:52 PM,09/09/2026 06:41 AM,Sent to E-Com
JW-020344,Jewelry,Donation Center 02,09/06/2026 12:52 PM,09/08/2026 01:41 PM,09/09/2026 09:17 AM,Sent to E-Com
EL-020363,Electronics,Outlet DC,09/05/2026 03:21 PM,09/07/2026 05:59 PM,09/09/2026 01:26 AM,Sent to E-Com
EL-020370,Electronics,Outlet DC,09/07/2026 03:10 PM,09/08/2026 08:53 AM,09/09/2026 01:06 PM,Sent to E-Com
HB-020384,Handbags,Store 12,09/07/2026 03:09 PM,09/08/2026 04:31 PM,09/09/2026 01:17 PM,Sent to E-Com
JW-020394,Jewelry,Store 04,09/05/2026 04:33 PM,09/07/2026 08:47 PM,09/09/2026 11:40 AM,Sent to E-Com
HM-020462,Home Decor,Store 07,09/07/2026 10:30 PM,09/08/2026 05:43 PM,09/09/2026 06:36 AM,Sent to E-Com
CL-020495,Clothing,Store 07,09/06/2026 11:06 PM,09/07/2026 02:57 PM,09/09/2026 01:02 AM,Sent to E-Com
KT-020587,Kitchen,Store 07,09/05/2026 10:09 PM,09/08/2026 12:40 AM,09/09/2026 07:12 PM,Sent to E-Com
SH-020599,Shoes,Store 07,09/06/2026 07:30 AM,09/08/2026 09:13 PM,09/09/2026 10:42 AM,Sent to E-Com
KT-020615,Kitchen,Store 12,09/08/2026 12:23 PM,09/09/2026 09:10 AM,09/09/2026 09:10 PM,Sent to E-Com
AR-020619,Art,Outlet DC,09/06/2026 01:40 PM,09/08/2026 09:07 PM,09/09/2026 01:03 PM,Sent to E-Com
JW-020638,Jewelry,Store 12,09/07/2026 02:27 AM,09/07/2026 11:43 PM,09/09/2026 01:18 AM,Sent to E-Com
SG-020649,Sporting Goods,Store 07,09/08/2026 07:03 PM,09/08/2026 10:45 PM,09/09/2026 02:25 AM,Sent to E-Com
AR-020651,Art,Outlet DC,09/06/2026 11:06 AM,09/07/2026 02:36 PM,09/09/2026 11:36 AM,Sent to E-Com
CL-020670,Clothing,Store 07,09/06/2026 03:30 PM,09/08/2026 10:51 AM,09/09/2026 01:34 AM,Sent to E-Com
EL-020679,Electronics,Store 07,09/07/2026 02:54 AM,09/09/2026 07:55 AM,09/09/2026 08:15 PM,Sent to E-Com
EL-020681,Electronics,Outlet DC,09/07/2026 12:51 AM,09/08/2026 03:46 PM,09/09/2026 01:15 PM,Sent to E-Com
CO-020807,Collectibles,Store 12,09/05/2026 09:52 AM,09/08/2026 12:53 AM,09/09/2026 05:58 PM,Sent to E-Com
CO-020876,Collectibles,Store 07,09/07/2026 01:29 AM,09/09/2026 06:01 PM,09/09/2026 08:05 PM,Sent to E-Com
MD-020890,Media,Store 12,09/08/2026 04:08 AM,09/08/2026 09:45 AM,09/09/2026 01:45 AM,Sent to E-Com
KT-020920,Kitchen,Store 12,09/06/2026 10:52 AM,09/08/2026 08:57 AM,09/09/2026 03:35 AM,Sent to E-Com
HM-020931,Home Decor,Store 04,09/07/2026 07:13 PM,09/07/2026 09:32 PM,09/09/2026 03:58 AM,Sent to E-Com
KT-020933,Kitchen,Donation Center 02,09/05/2026 01:46 PM,09/07/2026 01:01 PM,09/09/2026 10:47 AM,Sent to E-Com
CO-020953,Collectibles,Donation Center 02,09/06/2026 11:28 PM,09/08/2026 04:07 PM,09/09/2026 06:27 AM,Sent to E-Com
KT-020983,Kitchen,Outlet DC,09/06/2026 08:57 AM,09/08/2026 12:23 AM,09/09/2026 05:00 PM,Sent to E-Com
CO-020995,Collectibles,Store 07,09/04/2026 11:01 PM,09/07/2026 03:08 PM,09/09/2026 12:40 PM,Sent to E-Com
AR-021008,Art,Store 07,09/08/2026 03:33 PM,09/09/2026 02:31 PM,09/09/2026 03:41 PM,Sent to E-Com
MD-021038,Media,Store 12,09/08/2026 10:31 AM,09/09/2026 02:42 AM,09/09/2026 02:07 PM,Sent to E-Com
HM-021084,Home Decor,Donation Center 02,09/05/2026 01:58 PM,09/07/2026 10:25 PM,09/09/2026 07:11 PM,Sent to E-Com
TY-021122,Toys,Store 07,09/07/2026 07:58 PM,09/08/2026 01:34 PM,09/09/2026 12:39 PM,Sent to E-Com
MD-021129,Media,Store 12,09/07/2026 01:22 AM,09/08/2026 02:29 AM,09/09/2026 09:52 AM,Sent to E-Com
MD-021148,Media,Store 12,09/08/2026 11:21 AM,09/08/2026 08:13 PM,09/09/2026 11:46 PM,Sent to E-Com
BK-021218,Books,Store 12,09/07/2026 05:56 PM,09/08/2026 11:36 AM,09/09/2026 05:30 PM,Sent to E-Com
BK-021222,Books,Donation Center 02,09/04/2026 10:01 AM,09/07/2026 09:23 AM,09/09/2026 04:42 AM,Sent to E-Com
WT-021263,Watches,Donation Center 02,09/07/2026 07:57 PM,09/07/2026 09:15 PM,09/09/2026 03:13 AM,Sent to E-Com
CO-021264,Collectibles,Store 04,09/07/2026 03:05 AM,09/08/2026 12:57 PM,09/09/2026 01:31 AM,Sent to E-Com
CO-021306,Collectibles,Donation Center 02,09/06/2026 10:50 PM,09/08/2026 12:44 PM,09/09/2026 01:50 PM,Sent to E-Com
SH-021347,Shoes,Store 12,09/06/2026 04:06 AM,09/08/2026 03:00 AM,09/09/2026 10:25 PM,Sent to E-Com
HB-021356,Handbags,Store 12,09/05/2026 10:45 PM,09/08/2026 10:01 PM,09/09/2026 06:28 PM,Sent to E-Com
BK-021368,Books,Store 04,09/06/2026 11:58 AM,09/08/2026 08:45 AM,09/09/2026 12:34 PM,Sent to E-Com
CO-021379,Collectibles,Donation Center 02,09/05/2026 03:31 PM,09/08/2026 07:38 AM,09/09/2026 07:25 PM,Sent to E-Com
EL-021388,Electronics,Store 04,09/07/2026 07:41 PM,09/08/2026 11:34 PM,09/09/2026 04:22 PM,Sent to E-Com
EL-021389,Electronics,Store 04,09/08/2026 07:19 AM,09/08/2026 09:43 PM,09/09/2026 03:48 PM,Sent to E-Com
CL-021396,Clothing,Store 04,09/06/2026 10:23 PM,09/07/2026 07:00 PM,09/09/2026 12:00 PM,Sent to E-Com
AR-021397,Art,Store 07,09/07/2026 04:25 AM,09/08/2026 05:52 AM,09/09/2026 02:43 PM,Sent to E-Com
SG-021399,Sporting Goods,Store 04,09/07/2026 12:23 AM,09/09/2026 09:54 AM,09/09/2026 04:54 PM,Sent to E-Com
HB-021414,Handbags,Store 04,09/05/2026 05:44 AM,09/07/2026 11:32 PM,09/09/2026 01:09 PM,Sent to E-Com
HM-021417,Home Decor,Store 04,09/05/2026 07:57 PM,09/07/2026 12:09 PM,09/09/2026 12:36 AM,Sent to E-Com
JW-021429,Jewelry,Donation Center 02,09/08/2026 02:15 PM,09/09/2026 03:02 AM,09/09/2026 12:39 PM,Sent to E-Com
KT-021449,Kitchen,Store 04,09/08/2026 06:30 PM,09/08/2026 06:43 PM,09/09/2026 08:34 AM,Sent to E-Com
MD-021489,Media,Outlet DC,09/06/2026 08:19 PM,09/08/2026 02:48 AM,09/09/2026 11:13 AM,Sent to E-Com
CL-021492,Clothing,Store 04,09/08/2026 05:23 AM,09/09/2026 01:11 AM,09/09/2026 11:11 AM,Sent to E-Com
CO-021538,Collectibles,Store 04,09/07/2026 05:59 AM,09/08/2026 07:39 PM,09/09/2026 05:52 PM,Sent to E-Com
KT-021548,Kitchen,Store 12,09/07/2026 06:56 AM,09/08/2026 01:13 AM,09/09/2026 07:43 PM,Sent to E-Com
CL-021562,Clothing,Store 04,09/07/2026 03:40 AM,09/07/2026 04:49 AM,09/09/2026 02:55 AM,Sent to E-Com
EL-021566,Electronics,Store 12,09/06/2026 04:38 PM,09/08/2026 06:14 AM,09/09/2026 03:07 PM,Sent to E-Com
AR-021571,Art,Donation Center 02,09/06/2026 10:40 AM,09/08/2026 05:07 PM,09/09/2026 11:23 AM,Sent to E-Com
CO-021581,Collectibles,Outlet DC,09/06/2026 11:09 AM,09/07/2026 07:44 PM,09/09/2026 05:27 AM,Sent to E-Com
HB-021585,Handbags,Store 12,09/08/2026 10:45 AM,09/09/2026 12:32 AM,09/09/2026 03:41 AM,Sent to E-Com
JW-021601,Jewelry,Store 12,09/05/2026 10:07 AM,09/07/2026 09:06 AM,09/09/2026 02:14 AM,Sent to E-Com
MD-021609,Media,Store 12,09/07/2026 11:24 PM,09/08/2026 05:58 PM,09/09/2026 09:33 AM,Sent to E-Com
MD-021623,Media,Store 12,09/07/2026 11:37 PM,09/08/2026 12:28 AM,09/09/2026 07:51 PM,Sent to E-Com
TY-021652,Toys,Store 12,09/07/2026 06:02 PM,09/09/2026 01:21 PM,09/09/2026 02:43 PM,Sent to E-Com
WT-021729,Watches,Store 04,09/08/2026 08:40 AM,09/08/2026 11:20 PM,09/09/2026 09:27 AM,Sent to E-Com
WT-021743,Watches,Donation Center 02,09/06/2026 12:22 PM,09/08/2026 12:10 AM,09/09/2026 02:25 PM,Sent to E-Com
CO-021756,Collectibles,Donation Center 02,09/07/2026 10:28 PM,09/09/2026 05:35 PM,09/09/2026 06:00 PM,Sent to E-Com
CO-021776,Collectibles,Outlet DC,09/05/2026 11:17 PM,09/07/2026 02:42 PM,09/09/2026 11:23 AM,Sent to E-Com
JW-021909,Jewelry,Store 04,09/06/2026 09:12 PM,09/07/2026 10:50 PM,09/09/2026 04:44 AM,Sent to E-Com
JW-021967,Jewelry,Store 12,09/08/2026 05:23 PM,09/09/2026 02:23 AM,09/09/2026 02:29 PM,Sent to E-Com
HB-021970,Handbags,Store 04,09/06/2026 10:24 PM,09/07/2026 02:20 PM,09/09/2026 06:16 AM,Sent to E-Com
BK-021986,Books,Store 12,09/06/2026 11:51 PM,09/08/2026 02:44 PM,09/09/2026 08:16 PM,Sent to E-Com
EL-021987,Electronics,Store 12,09/05/2026 10:30 PM,09/07/2026 08:27 AM,09/09/2026 02:11 AM,Sent to E-Com
MD-021990,Media,Store 12,09/07/2026 12:54 PM,09/08/2026 05:44 PM,09/09/2026 01:41 PM,Sent to E-Com
MD-021995,Media,Store 04,09/05/2026 11:07 AM,09/07/2026 12:57 PM,09/09/2026 05:33 AM,Sent to E-Com
MD-022022,Media,Store 12,09/08/2026 09:10 PM,09/09/2026 07:30 AM,09/09/2026 04:30 PM,Sent to E-Com
MD-022029,Media,Outlet DC,09/08/2026 02:30 AM,09/08/2026 11:10 PM,09/09/2026 12:08 PM,Sent to E-Com
MD-022030,Media,Store 04,09/08/2026 03:36 AM,09/08/2026 05:45 PM,09/09/2026 08:04 AM,Sent to E-Com
MD-022032,Media,Donation Center 02,09/08/2026 06:58 AM,09/09/2026 12:35 AM,09/09/2026 09:44 AM,Sent to E-Com
CO-022039,Collectibles,Store 12,09/09/2026 02:22 AM,09/09/2026 09:21 AM,09/09/2026 02:54 PM,Sent to E-Com
SH-022060,Shoes,Donation Center 02,09/06/2026 10:27 PM,09/08/2026 03:35 PM,09/09/2026 08:31 AM,Sent to E-Com
SG-022063,Sporting Goods,Store 07,09/07/2026 02:05 AM,09/07/2026 11:32 PM,09/09/2026 03:08 AM,Sent to E-Com
FN-022071,Furniture,Outlet DC,09/06/2026 10:34 PM,09/08/2026 12:56 AM,09/09/2026 08:08 PM,Sent to E-Com
BK-022086,Books,Store 04,09/04/2026 08:49 PM,09/07/2026 12:13 PM,09/09/2026 07:39 AM,Sent to E-Com
HM-022093,Home Decor,Store 04,09/07/2026 08:13 AM,09/07/2026 06:12 PM,09/09/2026 02:28 PM,Sent to E-Com
MD-022296,Media,Outlet DC,09/07/2026 12:31 PM,09/07/2026 09:08 PM,09/09/2026 07:25 AM,Sent to E-Com
BK-022312,Books,Donation Center 02,09/07/2026 07:50 PM,09/08/2026 07:18 AM,09/09/2026 11:32 AM,Sent to E-Com
KT-022355,Kitchen,Store 12,09/06/2026 09:18 PM,09/07/2026 11:13 PM,09/09/2026 11:41 AM,Sent to E-Com
SG-022362,Sporting Goods,Store 07,09/08/2026 11:22 PM,09/09/2026 08:22 AM,09/09/2026 08:53 PM,Sent to E-Com
CO-022375,Collectibles,Store 12,09/08/2026 07:32 PM,09/09/2026 02:31 AM,09/09/2026 08:49 AM,Sent to E-Com
BK-022392,Books,Outlet DC,09/07/2026 06:06 AM,09/07/2026 07:24 PM,09/09/2026 03:57 PM,Sent to E-Com
WT-022427,Watches,Store 04,09/07/2026 05:38 AM,09/08/2026 02:29 PM,09/09/2026 05:52 AM,Sent to E-Com
AR-022439,Art,Store 07,09/06/2026 01:29 PM,09/08/2026 07:46 AM,09/09/2026 07:02 PM,Sent to E-Com
HM-022448,Home Decor,Store 12,09/07/2026 02:45 AM,09/08/2026 09:03 AM,09/09/2026 04:42 PM,Sent to E-Com
CL-022450,Clothing,Store 12,09/06/2026 03:30 PM,09/07/2026 11:58 PM,09/09/2026 02:08 PM,Sent to E-Com
CO-022453,Collectibles,Store 07,09/07/2026 01:06 PM,09/08/2026 04:19 AM,09/09/2026 11:08 PM,Sent to E-Com
MD-022476,Media,Store 04,09/07/2026 04:49 AM,09/09/2026 12:47 PM,09/09/2026 03:58 PM,Sent to E-Com
KT-022515,Kitchen,Outlet DC,09/05/2026 11:54 PM,09/08/2026 09:32 PM,09/09/2026 12:18 AM,Sent to E-Com
EL-022582,Electronics,Donation Center 02,09/06/2026 07:08 PM,09/09/2026 01:32 AM,09/09/2026 03:39 AM,Sent to E-Com
BK-022633,Books,Outlet DC,09/06/2026 05:34 PM,09/07/2026 08:37 PM,09/09/2026 02:54 AM,Sent to E-Com
CO-022643,Collectibles,Donation Center 02,09/07/2026 05:39 PM,09/08/2026 06:18 AM,09/09/2026 11:23 PM,Sent to E-Com
MD-022658,Media,Store 07,09/05/2026 11:49 PM,09/07/2026 12:49 PM,09/09/2026 05:40 AM,Sent to E-Com
TY-022667,Toys,Store 12,09/07/2026 08:03 PM,09/07/2026 10:39 PM,09/09/2026 01:49 AM,Sent to E-Com
BK-022707,Books,Store 04,09/05/2026 09:46 AM,09/08/2026 07:31 AM,09/09/2026 04:59 PM,Sent to E-Com
SG-022846,Sporting Goods,Outlet DC,09/06/2026 10:26 PM,09/09/2026 09:12 AM,09/09/2026 07:43 PM,Sent to E-Com
CL-022847,Clothing,Donation Center 02,09/07/2026 02:13 PM,09/08/2026 07:13 AM,09/09/2026 11:23 AM,Sent to E-Com
KT-022854,Kitchen,Donation Center 02,09/06/2026 02:51 AM,09/09/2026 12:08 AM,09/09/2026 08:49 AM,Sent to E-Com
HB-022859,Handbags,Store 04,09/05/2026 02:13 AM,09/08/2026 01:05 AM,09/09/2026 03:37 PM,Sent to E-Com
BK-022868,Books,Store 07,09/07/2026 10:27 AM,09/07/2026 07:54 PM,09/09/2026 10:25 AM,Sent to E-Com
MD-022913,Media,Store 12,09/07/2026 11:14 PM,09/09/2026 09:48 PM,09/09/2026 11:40 PM,Sent to E-Com
MD-022915,Media,Store 12,09/08/2026 07:15 PM,09/09/2026 03:16 PM,09/09/2026 05:53 PM,Sent to E-Com
EL-022932,Electronics,Store 07,09/06/2026 05:50 AM,09/07/2026 09:48 PM,09/09/2026 08:25 AM,Sent to E-Com
UL-001987,Shoes,Store 12,09/05/2026 09:36 PM,09/07/2026 05:28 PM,09/09/2026 12:45 AM,Sent to E-Com
UL-001990,Toys,Store 04,09/07/2026 07:22 PM,09/08/2026 09:32 PM,09/09/2026 05:59 AM,Sent to E-Com
UL-001991,Home Decor,Store 12,09/05/2026 09:51 AM,09/07/2026 09:32 PM,09/09/2026 01:34 AM,Sent to E-Com
UL-002006,Electronics,Store 07,09/07/2026 09:35 AM,09/08/2026 02:04 PM,09/09/2026 05:43 PM,Sent to E-Com
UL-002016,Clothing,Store 04,09/06/2026 12:44 PM,09/08/2026 08:54 AM,09/09/2026 11:49 AM,Sent to E-Com
UL-002019,Books,Donation Center 02,09/05/2026 03:21 PM,09/07/2026 02:35 PM,09/09/2026 12:29 PM,Sent to E-Com
UL-002030,Home Decor,Store 04,09/06/2026 03:55 AM,09/08/2026 07:59 AM,09/09/2026 08:38 PM,Sent to E-Com
UL-002033,Books,Store 04,09/06/2026 09:24 AM,09/07/2026 01:28 PM,09/09/2026 01:02 PM,Sent to E-Com
UL-002041,Collectibles,Store 07,09/08/2026 12:32 AM,09/08/2026 02:43 PM,09/09/2026 09:53 PM,Sent to E-Com
UL-002048,Collectibles,Donation Center 02,09/06/2026 09:32 AM,09/07/2026 10:05 PM,09/09/2026 06:24 PM,Sent to E-Com
UL-002055,Books,Store 12,09/06/2026 10:38 PM,09/07/2026 07:26 PM,09/09/2026 08:53 AM,Sent to E-Com
UL-002063,Books,Store 04,09/07/2026 02:45 PM,09/08/2026 06:11 AM,09/09/2026 03:09 PM,Sent to E-Com
UL-002072,Kitchen,Outlet DC,09/08/2026 02:34 PM,09/09/2026 07:51 AM,09/09/2026 12:08 PM,Sent to E-Com
UL-002073,Clothing,Store 07,09/05/2026 09:46 PM,09/08/2026 04:53 AM,09/09/2026 08:29 PM,Sent to E-Com
UL-002090,Sporting Goods,Store 04,09/06/2026 11:02 AM,09/09/2026 05:01 AM,09/09/2026 05:20 PM,Sent to E-Com
UL-002091,Collectibles,Store 12,09/06/2026 06:27 PM,09/09/2026 12:31 AM,09/09/2026 08:59 PM,Sent to E-Com
UL-002097,Art,Store 07,09/05/2026 04:02 PM,09/08/2026 12:02 AM,09/09/2026 03:25 PM,Sent to E-Com
UL-002102,Collectibles,Donation Center 02,09/09/2026 03:27 AM,09/09/2026 01:54 PM,09/09/2026 08:57 PM,Sent to E-Com
UL-002103,Shoes,Store 04,09/07/2026 07:26 AM,09/07/2026 02:51 PM,09/09/2026 07:51 AM,Sent to E-Com
UL-002107,Jewelry,Outlet DC,09/07/2026 04:01 PM,09/08/2026 01:57 PM,09/09/2026 09:53 PM,Sent to E-Com
UL-002108,Clothing,Outlet DC,09/05/2026 07:43 PM,09/07/2026 04:33 PM,09/09/2026 02:24 AM,Sent to E-Com
UL-002111,Collectibles,Outlet DC,09/07/2026 12:10 PM,09/09/2026 03:43 AM,09/09/2026 01:52 PM,Sent to E-Com
UL-002112,Clothing,Outlet DC,09/05/2026 06:06 AM,09/08/2026 03:42 AM,09/09/2026 11:03 AM,Sent to E-Com
UL-002125,Jewelry,Store 04,09/07/2026 02:58 AM,09/07/2026 10:40 PM,09/09/2026 01:40 AM,Sent to E-Com
UL-002129,Shoes,Store 12,09/07/2026 10:05 PM,09/08/2026 07:37 PM,09/09/2026 09:30 PM,Sent to E-Com
UL-002132,Electronics,Donation Center 02,09/06/2026 07:22 AM,09/08/2026 07:54 PM,09/09/2026 12:47 PM,Sent to E-Com
UL-002135,Sporting Goods,Store 07,09/07/2026 09:01 AM,09/08/2026 08:29 PM,09/09/2026 03:08 PM,Sent to E-Com
UL-002142,Books,Store 07,09/09/2026 06:37 AM,09/09/2026 12:13 PM,09/09/2026 09:44 PM,Sent to E-Com
UL-002155,Books,Outlet DC,09/07/2026 11:51 PM,09/09/2026 04:50 AM,09/09/2026 10:46 AM,Sent to E-Com
UL-002160,Jewelry,Donation Center 02,09/06/2026 08:51 AM,09/07/2026 10:23 AM,09/09/2026 02:25 AM,Sent to E-Com
UL-002164,Media,Donation Center 02,09/06/2026 08:30 AM,09/08/2026 05:37 PM,09/09/2026 06:30 PM,Sent to E-Com
UL-002182,Clothing,Store 07,09/07/2026 12:49 PM,09/08/2026 01:39 AM,09/09/2026 02:54 AM,Sent to E-Com
UL-002203,Handbags,Store 07,09/08/2026 06:09 AM,09/09/2026 09:08 PM,09/09/2026 09:36 PM,Sent to E-Com
UL-002209,Home Decor,Outlet DC,09/05/2026 11:46 AM,09/07/2026 08:58 PM,09/09/2026 06:46 PM,Sent to E-Com
UL-002216,Clothing,Store 07,09/08/2026 11:30 AM,09/09/2026 08:31 PM,09/09/2026 10:39 PM,Sent to E-Com
UL-002233,Clothing,Store 07,09/07/2026 06:21 AM,09/08/2026 08:02 AM,09/09/2026 11:58 AM,Sent to E-Com
UL-002248,Jewelry,Store 12,09/06/2026 11:07 AM,09/09/2026 10:59 AM,09/09/2026 10:20 PM,Sent to E-Com
UL-002269,Collectibles,Outlet DC,09/06/2026 08:55 PM,09/08/2026 05:58 AM,09/09/2026 04:53 PM,Sent to E-Com
UL-002271,Electronics,Store 12,09/05/2026 06:29 PM,09/07/2026 11:34 PM,09/09/2026 12:10 AM,Sent to E-Com
UL-002279,Media,Store 12,09/06/2026 07:34 PM,09/09/2026 08:48 AM,09/09/2026 03:38 PM,Sent to E-Com
UL-002285,Clothing,Store 07,09/05/2026 06:44 PM,09/07/2026 04:15 PM,09/09/2026 09:16 AM,Sent to E-Com
UL-002296,Home Decor,Store 07,09/07/2026 07:49 AM,09/08/2026 12:30 PM,09/09/2026 12:40 PM,Sent to E-Com
UL-002309,Home Decor,Store 12,09/05/2026 04:59 AM,09/08/2026 04:12 AM,09/09/2026 05:45 PM,Sent to E-Com
UL-002340,Electronics,Outlet DC,09/05/2026 09:30 PM,09/07/2026 01:56 PM,09/09/2026 02:13 AM,Sent to E-Com
UL-002374,Books,Donation Center 02,09/07/2026 01:32 AM,09/08/2026 05:18 AM,09/09/2026 03:45 PM,Sent to E-Com
UL-002404,Shoes,Store 04,09/07/2026 09:18 AM,09/08/2026 11:15 PM,09/09/2026 10:04 PM,Sent to E-Com
UL-002411,Clothing,Store 12,09/05/2026 04:31 AM,09/08/2026 01:25 AM,09/09/2026 07:43 AM,Sent to E-Com
UL-002473,Toys,Outlet DC,09/07/2026 05:09 AM,09/07/2026 10:53 AM,09/09/2026 04:29 AM,Sent to E-Com
UL-002557,Electronics,Store 07,09/05/2026 03:02 PM,09/08/2026 06:00 AM,09/09/2026 12:36 AM,Sent to E-Com
UL-002586,Kitchen,Store 04,09/08/2026 10:42 PM,09/09/2026 04:36 PM,09/09/2026 09:14 PM,Sent to E-Com
UL-002619,Jewelry,Store 04,09/04/2026 11:12 PM,09/07/2026 10:37 PM,09/09/2026 04:12 PM,Sent to E-Com
UL-002682,Books,Outlet DC,09/05/2026 11:18 AM,09/07/2026 07:38 PM,09/09/2026 07:59 AM,Sent to E-Com
UL-003172,Clothing,Store 07,09/06/2026 08:10 AM,09/07/2026 07:07 PM,09/09/2026 04:57 PM,Sent to E-Com
PT-000114,Books,Store 12,09/08/2026 03:52 PM,09/08/2026 07:44 PM,09/09/2026 12:33 PM,Sent to E-Com
PT-000115,Books,Store 04,09/08/2026 03:02 AM,09/08/2026 03:38 PM,09/09/2026 11:16 AM,Sent to E-Com
PT-000116,Shoes,Store 07,09/07/2026 08:42 PM,09/07/2026 10:49 PM,09/09/2026 01:51 PM,Sent to E-Com
PT-000117,Handbags,Store 12,09/05/2026 10:28 PM,09/07/2026 08:41 PM,09/09/2026 03:18 PM,Sent to E-Com
PT-000118,Jewelry,Store 07,09/07/2026 05:28 PM,09/09/2026 01:03 AM,09/09/2026 03:37 PM,Sent to E-Com
PT-000119,Clothing,Store 04,09/06/2026 07:33 AM,09/09/2026 02:59 AM,09/09/2026 08:38 AM,Sent to E-Com
PT-000120,Jewelry,Store 12,09/07/2026 12:12 PM,09/09/2026 01:56 AM,09/09/2026 09:53 AM,Sent to E-Com
PT-000121,Shoes,Store 07,09/07/2026 11:09 AM,09/08/2026 04:40 AM,09/09/2026 08:19 AM,Sent to E-Com
PT-000122,Shoes,Store 04,09/06/2026 05:00 AM,09/08/2026 09:49 PM,09/09/2026 10:08 AM,Sent to E-Com
PT-000123,Electronics,Outlet DC,09/07/2026 06:09 PM,09/08/2026 02:38 AM,09/09/2026 04:08 PM,Sent to E-Com
PT-000124,Electronics,Store 07,09/07/2026 03:28 PM,09/08/2026 11:34 PM,09/09/2026 08:04 AM,Sent to E-Com
PT-000125,Books,Store 04,09/06/2026 12:22 PM,09/09/2026 05:14 AM,09/09/2026 12:16 PM,Sent to E-Com
PT-000126,Electronics,Store 07,09/08/2026 02:08 AM,09/09/2026 06:59 AM,09/09/2026 10:27 AM,Sent to E-Com
PT-000127,Clothing,Store 07,09/07/2026 11:49 PM,09/09/2026 03:20 PM,09/09/2026 04:24 PM,Sent to E-Com
PT-000128,Art,Store 07,09/07/2026 04:25 AM,09/07/2026 09:43 PM,09/09/2026 04:19 PM,Sent to E-Com
PT-000129,Home Decor,Outlet DC,09/06/2026 05:43 AM,09/08/2026 06:57 AM,09/09/2026 10:08 AM,Sent to E-Com
PT-000130,Kitchen,Outlet DC,09/07/2026 07:10 PM,09/08/2026 03:24 AM,09/09/2026 01:53 PM,Sent to E-Com
PT-000131,Media,Store 07,09/06/2026 09:07 PM,09/08/2026 06:34 AM,09/09/2026 08:11 AM,Sent to E-Com
PT-000132,Books,Donation Center 02,09/06/2026 12:59 AM,09/07/2026 06:57 PM,09/09/2026 04:51 PM,Sent to E-Com
PT-000133,Jewelry,Store 07,09/05/2026 12:00 PM,09/07/2026 08:20 PM,09/09/2026 10:15 AM,Sent to E-Com
PT-000134,Home Decor,Store 04,09/07/2026 01:17 PM,09/08/2026 01:20 AM,09/09/2026 11:24 AM,Sent to E-Com
PT-000135,Electronics,Donation Center 02,09/07/2026 04:10 PM,09/08/2026 12:31 PM,09/09/2026 10:17 AM,Sent to E-Com
PT-000136,Toys,Store 04,09/06/2026 07:16 AM,09/08/2026 06:19 PM,09/09/2026 08:50 AM,Sent to E-Com
PT-000137,Clothing,Donation Center 02,09/07/2026 06:49 PM,09/08/2026 05:20 AM,09/09/2026 09:38 AM,Sent to E-Com
PT-000138,Home Decor,Store 04,09/08/2026 12:31 PM,09/08/2026 06:47 PM,09/09/2026 02:25 PM,Sent to E-Com
PT-000139,Media,Outlet DC,09/06/2026 07:35 PM,09/08/2026 10:23 PM,09/09/2026 09:50 AM,Sent to E-Com
PT-000140,Clothing,Outlet DC,09/05/2026 06:17 AM,09/07/2026 09:58 PM,09/09/2026 03:16 PM,Sent to E-Com
