GoodwillBooks.com Seller Payment Statement,,,,,,,
Seller: GOODWILL-MICHIANA-TEST,,,,,,,
Statement Period: 08/01/2025 - 08/31/2025,,,,,,,
Payment Date: 09/02/2025,,,,,,,
,,,,,,,
Order #,Order Date,SKU,ISBN,Title,Qty,Item Price,Commission
GWB-880127,08/01/2025,BK-000127,9786790000127,Pre-owned Hardcover Novel,1,$6.99,$1.05
GWB-880128,08/01/2025,BK-000128,9783510000128,Antique Atlas,1,$11.99,$1.80
GWB-880124,08/01/2025,BK-000124,9784410000124,Retro Biography,1,$4.99,$0.75
GWB-880126,08/01/2025,BK-000126,9786800000126,Handmade Textbook,1,$7.99,$1.20
GWB-880129,08/01/2025,BK-000129,9781360000129,Antique Cookbook,1,$2.99,$0.45
GWB-880125,08/01/2025,BK-000125,9786880000125,Lot of 2 Poetry Collection,1,$9.99,$1.50
GWB-880276,08/02/2025,BK-000276,9780340000276,Antique Hardcover Novel,1,$4.99,$0.75
GWB-880284,08/02/2025,MD-000284,9783170000284,Vintage Vinyl Record,1,$20.99,$3.15
GWB-880284,08/02/2025,MD-000284,9783170000284,Vintage Vinyl Record (return),1,-$20.99,$3.15
GWB-880277,08/02/2025,BK-000277,9781450000277,Antique Hardcover Novel,1,$16.99,$2.55
GWB-880275,08/02/2025,BK-000275,9789300000275,Retro Atlas,1,$5.99,$0.90
GWB-880274,08/02/2025,BK-000274,9788700000274,Pre-owned Textbook,1,$4.99,$0.75
GWB-880278,08/02/2025,BK-000278,9781300000278,Like New Biography,1,$5.99,$0.90
GWB-880273,08/02/2025,BK-000273,9783270000273,Antique Paperback Lot,1,$11.99,$1.80
GWB-880282,08/02/2025,BK-000282,9780930000282,Used Textbook,1,$10.99,$1.65
GWB-880281,08/02/2025,BK-000281,9781010000281,Mid-Century Poetry Collection,1,$6.99,$1.05
GWB-880280,08/02/2025,BK-000280,9784730000280,Vintage Field Guide,1,$8.99,$1.35
GWB-880283,08/02/2025,BK-000283,9780480000283,Antique Poetry Collection,1,$6.99,$1.05
GWB-880279,08/02/2025,BK-000279,9784470000279,Vintage Field Guide,1,$11.99,$1.80
GWB-880437,08/03/2025,BK-000437,9786680000437,Retro Textbook,1,$11.99,$1.80
GWB-880439,08/03/2025,BK-000439,9788150000439,Vintage Paperback Lot,1,$11.99,$1.80
GWB-880438,08/03/2025,BK-000438,9783560000438,Vintage Poetry Collection,1,$17.99,$2.70
GWB-880442,08/03/2025,BK-000442,9783030000442,Used Cookbook,1,$23.99,$3.60
GWB-880441,08/03/2025,MD-000441,9783350000441,Vintage Vinyl Record,1,$12.99,$1.95
GWB-880440,08/03/2025,MD-000440,9783720000440,Lot of 2 CD Lot,1,$8.99,$1.35
GWB-880436,08/03/2025,BK-000436,9786780000436,Used Field Guide,1,$4.99,$0.75
GWB-880546,08/04/2025,BK-000546,9784240000546,Handmade Hardcover Novel,1,$10.99,$1.65
GWB-880548,08/04/2025,MD-000548,9781080000548,Antique CD Lot,1,$7.99,$1.20
GWB-880547,08/04/2025,BK-000547,9786340000547,Retro Poetry Collection,1,$4.99,$0.75
GWB-880545,08/04/2025,BK-000545,9785860000545,Like New Field Guide,1,$6.99,$1.05
GWB-880544,08/04/2025,BK-000544,9786620000544,Lot of 2 Cookbook,1,$17.99,$2.70
GWB-880549,08/04/2025,BK-000549,9785130000549,Classic Atlas,1,$7.99,$1.20
GWB-880543,08/04/2025,MD-000543,9782540000543,Handmade Blu-ray Set,1,$6.99,$1.05
GWB-880542,08/04/2025,BK-000542,9780380000542,Mid-Century Field Guide,1,$10.99,$1.65
GWB-880550,08/04/2025,BK-000550,9788410000550,Mid-Century Poetry Collection,1,$12.99,$1.95
GWB-880657,08/05/2025,BK-000657,9786380000657,Mid-Century Cookbook,1,$13.99,$2.10
GWB-880655,08/05/2025,BK-000655,9785670000655,Handmade Paperback Lot,1,$20.99,$3.15
GWB-880659,08/05/2025,BK-000659,9787420000659,Pre-owned Poetry Collection,1,$7.99,$1.20
GWB-880654,08/05/2025,BK-000654,9780860000654,Vintage Biography,1,$12.99,$1.95
GWB-880656,08/05/2025,BK-000656,9787100000656,Vintage Textbook,1,$5.99,$0.90
GWB-880658,08/05/2025,BK-000658,9780860000658,Antique Field Guide,1,$3.99,$0.60
GWB-880788,08/06/2025,BK-000788,9781390000788,Pre-owned Paperback Lot,1,$16.99,$2.55
GWB-880793,08/06/2025,BK-000793,9786980000793,Classic Biography,1,$8.99,$1.35
GWB-880794,08/06/2025,BK-000794,9785130000794,Antique Biography,1,$12.99,$1.95
GWB-880789,08/06/2025,BK-000789,9782380000789,Pre-owned Hardcover Novel,1,$13.99,$2.10
GWB-880787,08/06/2025,MD-000787,9785970000787,Retro Vinyl Record,1,$10.99,$1.65
GWB-880785,08/06/2025,BK-000785,9785700000785,Mid-Century Paperback Lot,1,$9.99,$1.50
GWB-880792,08/06/2025,BK-000792,9786370000792,Antique Biography,1,$19.99,$3.00
GWB-880791,08/06/2025,BK-000791,9782490000791,Lot of 2 Textbook,1,$21.99,$3.30
GWB-880786,08/06/2025,BK-000786,9788500000786,Retro Field Guide,1,$4.99,$0.75
GWB-880790,08/06/2025,BK-000790,9788630000790,Antique Field Guide,1,$21.99,$3.30
GWB-880929,08/07/2025,BK-000929,9783060000929,Handmade Atlas,1,$9.99,$1.50
GWB-880923,08/07/2025,BK-000923,9781030000923,Used Textbook,1,$27.99,$4.20
GWB-880921,08/07/2025,BK-000921,9787890000921,Retro Biography,1,$14.99,$2.25
GWB-880924,08/07/2025,BK-000924,9787140000924,Vintage Textbook,1,$11.99,$1.80
GWB-880926,08/07/2025,BK-000926,9783010000926,Classic Atlas,1,$21.99,$3.30
GWB-880925,08/07/2025,BK-000925,9784280000925,Vintage Paperback Lot,1,$4.99,$0.75
GWB-880922,08/07/2025,MD-000922,9787420000922,Antique CD Lot,1,$33.99,$5.10
GWB-880927,08/07/2025,MD-000927,9787670000927,Antique CD Lot,1,$6.99,$1.05
GWB-880928,08/07/2025,BK-000928,9780370000928,Lot of 2 Paperback Lot,1,$11.99,$1.80
GWB-881041,08/08/2025,BK-001041,9781000001041,Handmade Poetry Collection,1,$2.99,$0.45
GWB-881039,08/08/2025,BK-001039,9784930001039,Lot of 2 Atlas,1,$14.99,$2.25
GWB-881037,08/08/2025,BK-001037,9788520001037,Used Textbook,1,$11.99,$1.80
GWB-881040,08/08/2025,BK-001040,9781550001040,Used Atlas,1,$11.99,$1.80
GWB-881038,08/08/2025,BK-001038,9788430001038,Mid-Century Cookbook,1,$36.99,$5.55
GWB-881044,08/08/2025,BK-001044,9780800001044,Antique Hardcover Novel,1,$23.99,$3.60
GWB-881042,08/08/2025,MD-001042,9783480001042,Classic DVD Box Set,1,$20.99,$3.15
GWB-881045,08/08/2025,BK-001045,9786650001045,Handmade Textbook,1,$6.99,$1.05
GWB-881043,08/08/2025,BK-001043,9788540001043,Vintage Field Guide,1,$21.99,$3.30
GWB-881176,08/09/2025,MD-001176,9786970001176,Handmade Vinyl Record,1,$9.99,$1.50
GWB-881171,08/09/2025,BK-001171,9787500001171,Retro Atlas,1,$12.99,$1.95
GWB-881168,08/09/2025,BK-001168,9783350001168,Like New Cookbook,1,$22.99,$3.45
GWB-881165,08/09/2025,BK-001165,9783850001165,Antique Field Guide,1,$9.99,$1.50
GWB-881164,08/09/2025,BK-001164,9782490001164,Like New Atlas,1,$5.99,$0.90
GWB-881177,08/09/2025,BK-001177,9785430001177,Like New Poetry Collection,1,$10.99,$1.65
GWB-881172,08/09/2025,BK-001172,9784280001172,Mid-Century Poetry Collection,1,$4.99,$0.75
GWB-881178,08/09/2025,BK-001178,9781200001178,Pre-owned Atlas,1,$12.99,$1.95
GWB-881174,08/09/2025,BK-001174,9787450001174,Vintage Field Guide,1,$5.99,$0.90
GWB-881166,08/09/2025,BK-001166,9780000001166,Pre-owned Biography,1,$8.99,$1.35
GWB-881167,08/09/2025,BK-001167,9784960001167,Mid-Century Field Guide,1,$8.99,$1.35
GWB-881173,08/09/2025,BK-001173,9785080001173,Classic Field Guide,1,$4.99,$0.75
GWB-881169,08/09/2025,BK-001169,9787090001169,Antique Atlas,1,$9.99,$1.50
GWB-881170,08/09/2025,BK-001170,9781250001170,Like New Atlas,1,$11.99,$1.80
GWB-881170,08/09/2025,BK-001170,9781250001170,Like New Atlas (return),1,-$11.99,$1.80
GWB-881175,08/09/2025,BK-001175,9781950001175,Handmade Paperback Lot,1,$12.99,$1.95
GWB-881330,08/10/2025,BK-001330,9780160001330,Like New Atlas,1,$15.99,$2.40
GWB-881328,08/10/2025,BK-001328,9784280001328,Antique Paperback Lot,1,$53.99,$8.10
GWB-881319,08/10/2025,BK-001319,9782980001319,Used Field Guide,1,$23.99,$3.60
GWB-881314,08/10/2025,BK-001314,9784290001314,Handmade Biography,1,$7.99,$1.20
GWB-881331,08/10/2025,BK-001331,9789910001331,Pre-owned Paperback Lot,1,$7.99,$1.20
GWB-881315,08/10/2025,BK-001315,9789790001315,Handmade Poetry Collection,1,$4.99,$0.75
GWB-881312,08/10/2025,BK-001312,9789210001312,Vintage Paperback Lot,1,$18.99,$2.85
GWB-881312,08/10/2025,BK-001312,9789210001312,Vintage Paperback Lot (return),1,-$18.99,$2.85
GWB-881326,08/10/2025,BK-001326,9787640001326,Antique Poetry Collection,1,$11.99,$1.80
GWB-881326,08/10/2025,BK-001326,9787640001326,Antique Poetry Collection (return),1,-$11.99,$1.80
GWB-881311,08/10/2025,BK-001311,9788710001311,Classic Field Guide,1,$9.99,$1.50
GWB-881320,08/10/2025,MD-001320,9784280001320,Handmade Blu-ray Set,1,$7.99,$1.20
GWB-881323,08/10/2025,BK-001323,9783500001323,Used Hardcover Novel,1,$8.99,$1.35
GWB-881317,08/10/2025,BK-001317,9784040001317,Lot of 2 Textbook,1,$9.99,$1.50
GWB-881317,08/10/2025,BK-001317,9784040001317,Lot of 2 Textbook (return),1,-$9.99,$1.50
GWB-881318,08/10/2025,BK-001318,9780190001318,Mid-Century Poetry Collection,1,$18.99,$2.85
GWB-881325,08/10/2025,MD-001325,9780590001325,Used DVD Box Set,1,$9.99,$1.50
GWB-881324,08/10/2025,BK-001324,9781610001324,Pre-owned Textbook,1,$10.99,$1.65
GWB-881313,08/10/2025,BK-001313,9789530001313,Mid-Century Poetry Collection,1,$21.99,$3.30
GWB-881327,08/10/2025,BK-001327,9783750001327,Classic Biography,1,$7.99,$1.20
GWB-881316,08/10/2025,BK-001316,9789430001316,Retro Cookbook,1,$7.99,$1.20
GWB-881316,08/10/2025,BK-001316,9789430001316,Retro Cookbook (return),1,-$7.99,$1.20
GWB-881322,08/10/2025,BK-001322,9788500001322,Retro Poetry Collection,1,$8.99,$1.35
GWB-881321,08/10/2025,BK-001321,9789010001321,Classic Textbook,1,$13.99,$2.10
GWB-881329,08/10/2025,BK-001329,9782010001329,Lot of 2 Cookbook,1,$6.99,$1.05
GWB-881449,08/11/2025,BK-001449,9787310001449,Pre-owned Textbook,1,$4.99,$0.75
GWB-881442,08/11/2025,BK-001442,9785590001442,Classic Poetry Collection,1,$12.99,$1.95
GWB-881445,08/11/2025,MD-001445,9782310001445,Handmade DVD Box Set,1,$17.99,$2.70
GWB-881448,08/11/2025,BK-001448,9786460001448,Antique Atlas,1,$25.99,$3.90
GWB-881447,08/11/2025,BK-001447,9780230001447,Retro Textbook,1,$3.99,$0.60
GWB-881444,08/11/2025,BK-001444,9786360001444,Vintage Cookbook,1,$6.99,$1.05
GWB-881441,08/11/2025,BK-001441,9782380001441,Like New Textbook,1,$9.99,$1.50
GWB-881451,08/11/2025,MD-001451,9789960001451,Classic Vinyl Record,1,$13.99,$2.10
GWB-881446,08/11/2025,BK-001446,9789800001446,Lot of 2 Field Guide,1,$7.99,$1.20
GWB-881443,08/11/2025,BK-001443,9786640001443,Retro Hardcover Novel,1,$9.99,$1.50
GWB-881450,08/11/2025,BK-001450,9785550001450,Vintage Paperback Lot,1,$11.99,$1.80
GWB-881572,08/12/2025,BK-001572,9782660001572,Vintage Cookbook,1,$19.99,$3.00
GWB-881571,08/12/2025,BK-001571,9787570001571,Mid-Century Atlas,1,$6.99,$1.05
GWB-881574,08/12/2025,BK-001574,9789420001574,Used Biography,1,$10.99,$1.65
GWB-881573,08/12/2025,BK-001573,9787730001573,Lot of 2 Atlas,1,$11.99,$1.80
GWB-881570,08/12/2025,BK-001570,9788060001570,Lot of 2 Poetry Collection,1,$24.99,$3.75
GWB-881569,08/12/2025,BK-001569,9789950001569,Antique Textbook,1,$6.99,$1.05
GWB-881568,08/12/2025,BK-001568,9782530001568,Mid-Century Poetry Collection,1,$18.99,$2.85
GWB-881678,08/13/2025,BK-001678,9782900001678,Mid-Century Hardcover Novel,1,$13.99,$2.10
GWB-881682,08/13/2025,BK-001682,9786510001682,Retro Field Guide,1,$11.99,$1.80
GWB-881677,08/13/2025,BK-001677,9786150001677,Mid-Century Textbook,1,$10.99,$1.65
GWB-881681,08/13/2025,BK-001681,9789310001681,Classic Field Guide,1,$8.99,$1.35
GWB-881685,08/13/2025,BK-001685,9787060001685,Pre-owned Paperback Lot,1,$11.99,$1.80
GWB-881679,08/13/2025,MD-001679,9783500001679,Used Vinyl Record,1,$6.99,$1.05
GWB-881687,08/13/2025,BK-001687,9787040001687,Lot of 2 Paperback Lot,1,$12.99,$1.95
GWB-881683,08/13/2025,BK-001683,9785030001683,Classic Cookbook,1,$17.99,$2.70
GWB-881686,08/13/2025,BK-001686,9785300001686,Retro Paperback Lot,1,$6.99,$1.05
GWB-881680,08/13/2025,BK-001680,9783120001680,Mid-Century Hardcover Novel,1,$17.99,$2.70
GWB-881684,08/13/2025,BK-001684,9786600001684,Like New Field Guide,1,$26.99,$4.05
GWB-881810,08/14/2025,BK-001810,9783920001810,Classic Textbook,1,$12.99,$1.95
GWB-881813,08/14/2025,BK-001813,9789170001813,Antique Paperback Lot,1,$6.99,$1.05
GWB-881815,08/14/2025,BK-001815,9780640001815,Classic Field Guide,1,$19.99,$3.00
GWB-881811,08/14/2025,BK-001811,9786850001811,Antique Paperback Lot,1,$9.99,$1.50
GWB-881812,08/14/2025,BK-001812,9786880001812,Classic Hardcover Novel,1,$3.99,$0.60
GWB-881814,08/14/2025,BK-001814,9782140001814,Mid-Century Textbook,1,$15.99,$2.40
GWB-881816,08/14/2025,MD-001816,9784830001816,Classic Audiobook,1,$15.99,$2.40
GWB-881946,08/15/2025,BK-001946,9782480001946,Like New Biography,1,$3.99,$0.60
GWB-881940,08/15/2025,BK-001940,9785730001940,Antique Biography,1,$13.99,$2.10
GWB-881941,08/15/2025,BK-001941,9789960001941,Handmade Biography,1,$6.99,$1.05
GWB-881939,08/15/2025,BK-001939,9785460001939,Mid-Century Hardcover Novel,1,$13.99,$2.10
GWB-881943,08/15/2025,MD-001943,9783300001943,Vintage Audiobook,1,$7.99,$1.20
GWB-881942,08/15/2025,MD-001942,9789080001942,Mid-Century Audiobook,1,$18.99,$2.85
GWB-881945,08/15/2025,BK-001945,9785640001945,Classic Field Guide,1,$11.99,$1.80
GWB-881944,08/15/2025,BK-001944,9785820001944,Retro Cookbook,1,$4.99,$0.75
GWB-881947,08/15/2025,BK-001947,9786440001947,Classic Biography,1,$17.99,$2.70
GWB-882066,08/16/2025,MD-002066,9780660002066,Mid-Century CD Lot,1,$11.99,$1.80
GWB-882070,08/16/2025,BK-002070,9784680002070,Handmade Biography,1,$36.99,$5.55
GWB-882061,08/16/2025,BK-002061,9781890002061,Mid-Century Atlas,1,$7.99,$1.20
GWB-882069,08/16/2025,BK-002069,9789250002069,Mid-Century Poetry Collection,1,$11.99,$1.80
GWB-882062,08/16/2025,BK-002062,9782340002062,Lot of 2 Textbook,1,$11.99,$1.80
GWB-882065,08/16/2025,BK-002065,9781280002065,Retro Biography,1,$11.99,$1.80
GWB-882063,08/16/2025,BK-002063,9780370002063,Classic Field Guide,1,$17.99,$2.70
GWB-882071,08/16/2025,BK-002071,9786770002071,Pre-owned Atlas,1,$7.99,$1.20
GWB-882067,08/16/2025,BK-002067,9785680002067,Antique Atlas,1,$5.99,$0.90
GWB-882068,08/16/2025,BK-002068,9782730002068,Vintage Poetry Collection,1,$6.99,$1.05
GWB-882064,08/16/2025,BK-002064,9780460002064,Used Textbook,1,$15.99,$2.40
GWB-882234,08/17/2025,BK-002234,9787050002234,Lot of 2 Biography,1,$14.99,$2.25
GWB-882227,08/17/2025,BK-002227,9781240002227,Classic Hardcover Novel,1,$8.99,$1.35
GWB-882226,08/17/2025,BK-002226,9789580002226,Handmade Atlas,1,$15.99,$2.40
GWB-882231,08/17/2025,BK-002231,9789030002231,Classic Cookbook,1,$23.99,$3.60
GWB-882233,08/17/2025,BK-002233,9785450002233,Antique Cookbook,1,$12.99,$1.95
GWB-882229,08/17/2025,BK-002229,9786190002229,Lot of 2 Textbook,1,$13.99,$2.10
GWB-882232,08/17/2025,BK-002232,9786020002232,Antique Textbook,1,$16.99,$2.55
GWB-882228,08/17/2025,MD-002228,9787470002228,Lot of 2 Blu-ray Set,1,$14.99,$2.25
GWB-882230,08/17/2025,MD-002230,9782780002230,Antique CD Lot,1,$18.99,$2.85
GWB-882235,08/17/2025,BK-002235,9783240002235,Antique Atlas,1,$7.99,$1.20
GWB-882363,08/18/2025,BK-002363,9788940002363,Vintage Atlas,1,$4.99,$0.75
GWB-882371,08/18/2025,BK-002371,9784000002371,Handmade Poetry Collection,1,$2.99,$0.45
GWB-882362,08/18/2025,BK-002362,9786250002362,Classic Cookbook,1,$29.99,$4.50
GWB-882373,08/18/2025,BK-002373,9781690002373,Antique Paperback Lot,1,$5.99,$0.90
GWB-882365,08/18/2025,BK-002365,9789610002365,Pre-owned Textbook,1,$13.99,$2.10
GWB-882366,08/18/2025,BK-002366,9787570002366,Mid-Century Paperback Lot,1,$4.99,$0.75
GWB-882369,08/18/2025,BK-002369,9789720002369,Classic Paperback Lot,1,$4.99,$0.75
GWB-882361,08/18/2025,BK-002361,9786770002361,Used Poetry Collection,1,$13.99,$2.10
GWB-882367,08/18/2025,BK-002367,9787130002367,Like New Field Guide,1,$17.99,$2.70
GWB-882368,08/18/2025,BK-002368,9786640002368,Classic Field Guide,1,$3.99,$0.60
GWB-882370,08/18/2025,BK-002370,9786240002370,Pre-owned Hardcover Novel,1,$5.99,$0.90
GWB-882372,08/18/2025,BK-002372,9780990002372,Handmade Hardcover Novel,1,$5.99,$0.90
GWB-882364,08/18/2025,BK-002364,9781690002364,Classic Atlas,1,$12.99,$1.95
GWB-882503,08/19/2025,MD-002503,9782490002503,Pre-owned CD Lot,1,$7.99,$1.20
GWB-882499,08/19/2025,MD-002499,9789140002499,Handmade Audiobook,1,$11.99,$1.80
GWB-882494,08/19/2025,BK-002494,9782230002494,Mid-Century Biography,1,$18.99,$2.85
GWB-882495,08/19/2025,BK-002495,9785200002495,Antique Paperback Lot,1,$10.99,$1.65
GWB-882504,08/19/2025,BK-002504,9785080002504,Antique Biography,1,$20.99,$3.15
GWB-882497,08/19/2025,BK-002497,9788030002497,Classic Cookbook,1,$24.99,$3.75
GWB-882492,08/19/2025,BK-002492,9787580002492,Mid-Century Hardcover Novel,1,$10.99,$1.65
GWB-882498,08/19/2025,BK-002498,9780650002498,Classic Poetry Collection,1,$12.99,$1.95
GWB-882500,08/19/2025,BK-002500,9786700002500,Lot of 2 Atlas,1,$6.99,$1.05
GWB-882502,08/19/2025,BK-002502,9787320002502,Retro Field Guide,1,$7.99,$1.20
GWB-882501,08/19/2025,BK-002501,9783660002501,Mid-Century Field Guide,1,$17.99,$2.70
GWB-882496,08/19/2025,BK-002496,9781930002496,Mid-Century Paperback Lot,1,$3.99,$0.60
GWB-882496,08/19/2025,BK-002496,9781930002496,Mid-Century Paperback Lot (return),1,-$3.99,$0.60
GWB-882493,08/19/2025,BK-002493,9781090002493,Like New Paperback Lot,1,$15.99,$2.40
GWB-882626,08/20/2025,BK-002626,9789080002626,Antique Hardcover Novel,1,$7.99,$1.20
GWB-882624,08/20/2025,BK-002624,9783020002624,Vintage Biography,1,$5.99,$0.90
GWB-882622,08/20/2025,BK-002622,9784520002622,Pre-owned Biography,1,$4.99,$0.75
GWB-882623,08/20/2025,BK-002623,9788340002623,Retro Paperback Lot,1,$5.99,$0.90
GWB-882625,08/20/2025,BK-002625,9787740002625,Mid-Century Cookbook,1,$6.99,$1.05
GWB-882737,08/21/2025,BK-002737,9786410002737,Like New Biography,1,$9.99,$1.50
GWB-882731,08/21/2025,BK-002731,9780840002731,Classic Atlas,1,$4.99,$0.75
GWB-882740,08/21/2025,BK-002740,9783850002740,Lot of 2 Hardcover Novel,1,$12.99,$1.95
GWB-882733,08/21/2025,BK-002733,9789470002733,Like New Hardcover Novel,1,$16.99,$2.55
GWB-882738,08/21/2025,BK-002738,9784950002738,Pre-owned Hardcover Novel,1,$5.99,$0.90
GWB-882739,08/21/2025,BK-002739,9789680002739,Antique Hardcover Novel,1,$7.99,$1.20
GWB-882735,08/21/2025,BK-002735,9781620002735,Handmade Biography,1,$8.99,$1.35
GWB-882734,08/21/2025,BK-002734,9788650002734,Lot of 2 Atlas,1,$13.99,$2.10
GWB-882732,08/21/2025,BK-002732,9785140002732,Antique Biography,1,$24.99,$3.75
GWB-882732,08/21/2025,BK-002732,9785140002732,Antique Biography (return),1,-$24.99,$3.75
GWB-882736,08/21/2025,MD-002736,9781550002736,Handmade Vinyl Record,1,$25.99,$3.90
GWB-882874,08/22/2025,BK-002874,9788560002874,Used Paperback Lot,1,$7.99,$1.20
GWB-882869,08/22/2025,BK-002869,9781070002869,Pre-owned Biography,1,$10.99,$1.65
GWB-882880,08/22/2025,BK-002880,9783260002880,Vintage Textbook,1,$19.99,$3.00
GWB-882870,08/22/2025,BK-002870,9782190002870,Vintage Cookbook,1,$10.99,$1.65
GWB-882879,08/22/2025,BK-002879,9781450002879,Vintage Cookbook,1,$8.99,$1.35
GWB-882875,08/22/2025,BK-002875,9782210002875,Antique Paperback Lot,1,$14.99,$2.25
GWB-882873,08/22/2025,BK-002873,9780070002873,Pre-owned Biography,1,$7.99,$1.20
GWB-882872,08/22/2025,BK-002872,9785110002872,Antique Hardcover Novel,1,$8.99,$1.35
GWB-882876,08/22/2025,BK-002876,9783540002876,Handmade Poetry Collection,1,$6.99,$1.05
GWB-882871,08/22/2025,BK-002871,9785360002871,Pre-owned Cookbook,1,$12.99,$1.95
GWB-882878,08/22/2025,BK-002878,9781710002878,Antique Cookbook,1,$10.99,$1.65
GWB-882877,08/22/2025,BK-002877,9783390002877,Vintage Biography,1,$6.99,$1.05
GWB-882868,08/22/2025,BK-002868,9782230002868,Handmade Hardcover Novel,1,$4.99,$0.75
GWB-882868,08/22/2025,BK-002868,9782230002868,Handmade Hardcover Novel (return),1,-$4.99,$0.75
GWB-883020,08/23/2025,BK-003020,9781560003020,Retro Biography,1,$17.99,$2.70
GWB-883026,08/23/2025,BK-003026,9788360003026,Lot of 2 Poetry Collection,1,$25.99,$3.90
GWB-883022,08/23/2025,BK-003022,9783590003022,Handmade Paperback Lot,1,$13.99,$2.10
GWB-883018,08/23/2025,BK-003018,9782040003018,Vintage Paperback Lot,1,$7.99,$1.20
GWB-883023,08/23/2025,BK-003023,9786890003023,Vintage Paperback Lot,1,$6.99,$1.05
GWB-883025,08/23/2025,BK-003025,9787000003025,Pre-owned Paperback Lot,1,$21.99,$3.30
GWB-883019,08/23/2025,BK-003019,9784660003019,Retro Hardcover Novel,1,$7.99,$1.20
GWB-883024,08/23/2025,MD-003024,9784250003024,Handmade Vinyl Record,1,$5.99,$0.90
GWB-883021,08/23/2025,BK-003021,9784510003021,Mid-Century Cookbook,1,$7.99,$1.20
GWB-883158,08/24/2025,BK-003158,9788690003158,Antique Biography,1,$11.99,$1.80
GWB-883166,08/24/2025,BK-003166,9782590003166,Like New Paperback Lot,1,$9.99,$1.50
GWB-883157,08/24/2025,BK-003157,9785040003157,Lot of 2 Poetry Collection,1,$8.99,$1.35
GWB-883156,08/24/2025,BK-003156,9788710003156,Retro Hardcover Novel,1,$5.99,$0.90
GWB-883168,08/24/2025,BK-003168,9782080003168,Vintage Poetry Collection,1,$10.99,$1.65
GWB-883164,08/24/2025,BK-003164,9787400003164,Antique Paperback Lot,1,$16.99,$2.55
GWB-883170,08/24/2025,BK-003170,9789160003170,Like New Atlas,1,$13.99,$2.10
GWB-883160,08/24/2025,BK-003160,9786830003160,Pre-owned Hardcover Novel,1,$7.99,$1.20
GWB-883162,08/24/2025,BK-003162,9788830003162,Pre-owned Poetry Collection,1,$15.99,$2.40
GWB-883167,08/24/2025,BK-003167,9784870003167,Pre-owned Field Guide,1,$10.99,$1.65
GWB-883159,08/24/2025,BK-003159,9788740003159,Lot of 2 Biography,1,$20.99,$3.15
GWB-883165,08/24/2025,BK-003165,9781490003165,Vintage Atlas,1,$15.99,$2.40
GWB-883161,08/24/2025,BK-003161,9789230003161,Pre-owned Paperback Lot,1,$7.99,$1.20
GWB-883163,08/24/2025,BK-003163,9786270003163,Lot of 2 Paperback Lot,1,$6.99,$1.05
GWB-883163,08/24/2025,BK-003163,9786270003163,Lot of 2 Paperback Lot (return),1,-$6.99,$1.05
GWB-883169,08/24/2025,BK-003169,9788300003169,Handmade Poetry Collection,1,$2.99,$0.45
GWB-883286,08/25/2025,BK-003286,9782710003286,Used Poetry Collection,1,$12.99,$1.95
GWB-883289,08/25/2025,BK-003289,9781330003289,Handmade Textbook,1,$13.99,$2.10
GWB-883288,08/25/2025,BK-003288,9780210003288,Antique Textbook,1,$10.99,$1.65
GWB-883285,08/25/2025,BK-003285,9785500003285,Vintage Textbook,1,$28.99,$4.35
GWB-883285,08/25/2025,BK-003285,9785500003285,Vintage Textbook (return),1,-$28.99,$4.35
GWB-883292,08/25/2025,BK-003292,9788490003292,Retro Poetry Collection,1,$6.99,$1.05
GWB-883290,08/25/2025,BK-003290,9783850003290,Lot of 2 Field Guide,1,$3.99,$0.60
GWB-883284,08/25/2025,BK-003284,9781910003284,Used Biography,1,$6.99,$1.05
GWB-883287,08/25/2025,BK-003287,9782840003287,Classic Paperback Lot,1,$14.99,$2.25
GWB-883291,08/25/2025,BK-003291,9782280003291,Vintage Poetry Collection,1,$18.99,$2.85
GWB-883421,08/26/2025,BK-003421,9786580003421,Classic Poetry Collection,1,$17.99,$2.70
GWB-883423,08/26/2025,BK-003423,9782340003423,Antique Atlas,1,$12.99,$1.95
GWB-883424,08/26/2025,BK-003424,9786360003424,Vintage Paperback Lot,1,$4.99,$0.75
GWB-883427,08/26/2025,MD-003427,9788160003427,Pre-owned Vinyl Record,1,$4.99,$0.75
GWB-883425,08/26/2025,BK-003425,9788790003425,Retro Poetry Collection,1,$17.99,$2.70
GWB-883419,08/26/2025,BK-003419,9783650003419,Pre-owned Field Guide,1,$14.99,$2.25
GWB-883429,08/26/2025,BK-003429,9786780003429,Retro Poetry Collection,1,$14.99,$2.25
GWB-883420,08/26/2025,BK-003420,9780820003420,Used Textbook,1,$11.99,$1.80
GWB-883422,08/26/2025,BK-003422,9783630003422,Antique Hardcover Novel,1,$6.99,$1.05
GWB-883428,08/26/2025,BK-003428,9783020003428,Vintage Paperback Lot,1,$11.99,$1.80
GWB-883426,08/26/2025,BK-003426,9787910003426,Mid-Century Atlas,1,$11.99,$1.80
GWB-883568,08/27/2025,BK-003568,9789730003568,Retro Biography,1,$9.99,$1.50
GWB-883566,08/27/2025,BK-003566,9784670003566,Like New Poetry Collection,1,$30.99,$4.65
GWB-883560,08/27/2025,BK-003560,9788120003560,Antique Cookbook,1,$3.99,$0.60
GWB-883567,08/27/2025,BK-003567,9783940003567,Like New Paperback Lot,1,$13.99,$2.10
GWB-883561,08/27/2025,BK-003561,9788450003561,Used Hardcover Novel,1,$7.99,$1.20
GWB-883565,08/27/2025,MD-003565,9780450003565,Mid-Century DVD Box Set,1,$3.99,$0.60
GWB-883563,08/27/2025,BK-003563,9784940003563,Vintage Paperback Lot,1,$12.99,$1.95
GWB-883559,08/27/2025,BK-003559,9787440003559,Used Cookbook,1,$9.99,$1.50
GWB-883562,08/27/2025,BK-003562,9785190003562,Classic Poetry Collection,1,$3.99,$0.60
GWB-883564,08/27/2025,BK-003564,9780170003564,Pre-owned Hardcover Novel,1,$9.99,$1.50
GWB-883564,08/27/2025,BK-003564,9780170003564,Pre-owned Hardcover Novel (return),1,-$9.99,$1.50
GWB-883692,08/28/2025,BK-003692,9786700003692,Vintage Cookbook,1,$23.99,$3.60
GWB-883692,08/28/2025,BK-003692,9786700003692,Vintage Cookbook (return),1,-$23.99,$3.60
GWB-883700,08/28/2025,BK-003700,9785690003700,Antique Hardcover Novel,1,$15.99,$2.40
GWB-883702,08/28/2025,BK-003702,9782020003702,Like New Field Guide,1,$13.99,$2.10
GWB-883696,08/28/2025,BK-003696,9788710003696,Vintage Field Guide,1,$12.99,$1.95
GWB-883703,08/28/2025,BK-003703,9788990003703,Handmade Hardcover Novel,1,$12.99,$1.95
GWB-883691,08/28/2025,BK-003691,9782600003691,Handmade Field Guide,1,$25.99,$3.90
GWB-883694,08/28/2025,BK-003694,9787610003694,Like New Poetry Collection,1,$5.99,$0.90
GWB-883697,08/28/2025,BK-003697,9783580003697,Pre-owned Cookbook,1,$5.99,$0.90
GWB-883695,08/28/2025,BK-003695,9781350003695,Antique Poetry Collection,1,$1.99,$0.30
GWB-883701,08/28/2025,BK-003701,9787560003701,Antique Cookbook,1,$7.99,$1.20
GWB-883704,08/28/2025,BK-003704,9783120003704,Retro Atlas,1,$6.99,$1.05
GWB-883690,08/28/2025,BK-003690,9786280003690,Used Atlas,1,$5.99,$0.90
GWB-883699,08/28/2025,BK-003699,9784130003699,Lot of 2 Biography,1,$25.99,$3.90
GWB-883693,08/28/2025,BK-003693,9785360003693,Retro Textbook,1,$10.99,$1.65
GWB-883698,08/28/2025,BK-003698,9789390003698,Used Paperback Lot,1,$9.99,$1.50
GWB-883830,08/29/2025,BK-003830,9788470003830,Mid-Century Textbook,1,$13.99,$2.10
GWB-883831,08/29/2025,BK-003831,9784870003831,Retro Textbook,1,$6.99,$1.05
GWB-883829,08/29/2025,BK-003829,9782750003829,Vintage Field Guide,1,$20.99,$3.15
GWB-883828,08/29/2025,BK-003828,9789650003828,Handmade Poetry Collection,1,$2.99,$0.45
GWB-883827,08/29/2025,BK-003827,9785220003827,Lot of 2 Paperback Lot,1,$4.99,$0.75
GWB-883833,08/29/2025,BK-003833,9786160003833,Vintage Field Guide,1,$15.99,$2.40
GWB-883832,08/29/2025,BK-003832,9785820003832,Vintage Poetry Collection,1,$10.99,$1.65
GWB-883967,08/30/2025,BK-003967,9783520003967,Retro Textbook,1,$11.99,$1.80
GWB-883962,08/30/2025,BK-003962,9780660003962,Pre-owned Cookbook,1,$6.99,$1.05
GWB-883970,08/30/2025,BK-003970,9785540003970,Used Paperback Lot,1,$4.99,$0.75
GWB-883970,08/30/2025,BK-003970,9785540003970,Used Paperback Lot (return),1,-$4.99,$0.75
GWB-883964,08/30/2025,BK-003964,9784190003964,Antique Paperback Lot,1,$23.99,$3.60
GWB-883963,08/30/2025,MD-003963,9782350003963,Used DVD Box Set,1,$23.99,$3.60
GWB-883969,08/30/2025,BK-003969,9784600003969,Retro Hardcover Novel,1,$4.99,$0.75
GWB-883966,08/30/2025,BK-003966,9789640003966,Antique Textbook,1,$13.99,$2.10
GWB-883968,08/30/2025,BK-003968,9786000003968,Like New Paperback Lot,1,$18.99,$2.85
GWB-883965,08/30/2025,BK-003965,9784310003965,Pre-owned Atlas,1,$8.99,$1.35
GWB-883961,08/30/2025,BK-003961,9787610003961,Vintage Poetry Collection,1,$4.99,$0.75
GWB-884128,08/31/2025,BK-004128,9783290004128,Pre-owned Poetry Collection,1,$7.99,$1.20
GWB-884133,08/31/2025,BK-004133,9789650004133,Mid-Century Biography,1,$4.99,$0.75
GWB-884130,08/31/2025,MD-004130,9785780004130,Antique Vinyl Record,1,$12.99,$1.95
GWB-884125,08/31/2025,MD-004125,9781840004125,Lot of 2 DVD Box Set,1,$17.99,$2.70
GWB-884131,08/31/2025,BK-004131,9780560004131,Classic Paperback Lot,1,$4.99,$0.75
GWB-884123,08/31/2025,BK-004123,9782090004123,Classic Atlas,1,$5.99,$0.90
GWB-884122,08/31/2025,BK-004122,9783290004122,Antique Biography,1,$26.99,$4.05
GWB-884124,08/31/2025,BK-004124,9787730004124,Pre-owned Atlas,1,$7.99,$1.20
GWB-884126,08/31/2025,BK-004126,9787690004126,Handmade Cookbook,1,$9.99,$1.50
GWB-884127,08/31/2025,BK-004127,9784450004127,Used Poetry Collection,1,$8.99,$1.35
GWB-884129,08/31/2025,BK-004129,9789900004129,Lot of 2 Cookbook,1,$3.99,$0.60
GWB-884132,08/31/2025,MD-004132,9781570004132,Antique Blu-ray Set,1,$6.99,$1.05
,,,,,,,
Total Sales,,,,,,"$3,718.92",
Total Commission,,,,,,,$558.30
Adjustments,,,,,,,-$5.84
Net Payment,,,,,,,"$3,154.78"
