1st Source Bank - Account Activity,,,,,,
Account: BUSINESS CHECKING ****0101,,,,,,
Statement period: 09/01/2026 - 09/30/2026,,,,,,
,,,,,,
Posting Date,Description,Transaction Type,Debit,Credit,Balance,Reference
09/03/2026,BNKDEPOSIT FEDEX REFUND,BNKDEPOSIT,,28.29,183373.54,40080
09/06/2026,AMAZON.COM SERVICES PAYMENTS ACH CREDIT,ACH CREDIT,,5582.51,188956.05,40010
09/07/2026,EASYPOST POSTAGE REFILL,POS DEBIT,3100.00,,185856.05,40086
09/07/2026,FEDEX ACH PAYMENT,ACH DEBIT,1547.86,,184308.19,40087
09/07/2026,PITNEY BOWES POSTAGE BY PHONE,ACH DEBIT,1800.00,,182508.19,40085
09/10/2026,BNKDEPOSIT FEDEX REFUND,BNKDEPOSIT,,20.46,182528.65,40084
09/10/2026,OSM WORLDWIDE INVOICE ACH,ACH DEBIT,3531.82,,178996.83,40069
09/14/2026,EASYPOST POSTAGE REFILL,POS DEBIT,3200.00,,175796.83,40090
09/14/2026,FEDEX ACH PAYMENT,ACH DEBIT,1505.35,,174291.48,40089
09/14/2026,PITNEY BOWES POSTAGE BY PHONE,ACH DEBIT,1900.00,,172391.48,40091
09/17/2026,BNKDEPOSIT FEDEX REFUND,BNKDEPOSIT,,28.25,172419.73,40088
09/20/2026,AMAZON.COM SERVICES PAYMENTS ACH CREDIT,ACH CREDIT,,5914.35,178334.08,40011
09/21/2026,EASYPOST POSTAGE REFILL,POS DEBIT,3200.00,,175134.08,40093
09/21/2026,FEDEX ACH PAYMENT,ACH DEBIT,1533.23,,173600.85,40095
09/21/2026,PITNEY BOWES POSTAGE BY PHONE,ACH DEBIT,1800.00,,171800.85,40094
09/24/2026,BNKDEPOSIT FEDEX REFUND,BNKDEPOSIT,,19.13,171819.98,40092
09/28/2026,EASYPOST POSTAGE REFILL,POS DEBIT,3500.00,,168319.98,40096
09/28/2026,FEDEX ACH PAYMENT,ACH DEBIT,1670.73,,166649.25,40098
09/28/2026,MONTHLY SERVICE CHARGE,SERVICE CHARGE,15.00,,166634.25,40103
09/28/2026,PITNEY BOWES POSTAGE BY PHONE,ACH DEBIT,2100.00,,164534.25,40097
