Product ID,SKU,Title,Category,Status,Marketplace,Listed By,List Price,Quantity,Created At,Listed At,Sold At,Sold Price,Relist Count
7000030,TY-013075,Toys item TY-013075,Toys,Active,ShopGoodwill,EMP-1003,13.25,1,7/14/2026 9:42:53 PM,7/14/2026 9:54:53 PM,,,0
7000043,JW-013088,Jewelry item JW-013088,Jewelry,Active,ShopGoodwill,EMP-1005,72.71,1,7/5/2026 10:33:04 AM,7/5/2026 10:45:04 AM,,,0
7000974,KT-014019,Kitchen item KT-014019,Kitchen,Active,eBay,EMP-1005,14.63,1,7/31/2026 4:59:27 AM,7/31/2026 5:11:27 AM,,,0
7001717,EL-014762,Electronics item EL-014762,Electronics,Active,ShopGoodwill,EMP-1001,17.60,1,7/16/2026 5:10:09 AM,7/16/2026 5:22:09 AM,,,0
7001896,HM-014941,Home Decor item HM-014941,Home Decor,Active,ShopGoodwill,EMP-1004,44.24,1,7/21/2026 2:54:49 PM,7/21/2026 3:06:49 PM,,,0
7001975,KT-015020,Kitchen item KT-015020,Kitchen,Active,eBay,EMP-1004,27.24,1,8/3/2026 11:47:43 AM,8/3/2026 11:59:43 AM,,,0
7002105,SG-015150,Sporting Goods item SG-015150,Sporting Goods,Active,eBay,EMP-1003,17.13,1,8/9/2026 1:48:47 PM,8/9/2026 2:00:47 PM,,,0
7002187,HM-015232,Home Decor item HM-015232,Home Decor,Active,ShopGoodwill,EMP-1003,21.18,1,7/18/2026 3:15:47 PM,7/18/2026 3:27:47 PM,,,0
7002329,CL-015374,Clothing item CL-015374,Clothing,Active,ShopGoodwill,EMP-1003,31.77,1,8/5/2026 7:47:15 AM,8/5/2026 7:59:15 AM,,,0
7002642,WT-015687,Watches item WT-015687,Watches,Active,ShopGoodwill,EMP-1006,51.09,1,8/12/2026 8:30:25 AM,8/12/2026 8:42:25 AM,,,0
7002678,WT-015723,Watches item WT-015723,Watches,Active,ShopGoodwill,EMP-1005,23.15,1,8/14/2026 5:11:41 PM,8/14/2026 5:23:41 PM,,,0
7002916,CO-015961,Collectibles item CO-015961,Collectibles,Active,eBay,EMP-1003,73.43,1,8/7/2026 5:00:19 PM,8/7/2026 5:12:19 PM,,,0
7003883,EL-016928,Electronics item EL-016928,Electronics,Active,ShopGoodwill,EMP-1006,29.28,1,8/13/2026 11:36:30 AM,8/13/2026 11:48:30 AM,,,0
7004399,SH-017444,Shoes item SH-017444,Shoes,Active,eBay,EMP-1003,12.14,1,8/21/2026 10:49:20 PM,8/21/2026 11:01:20 PM,,,0
7004755,WT-017800,Watches item WT-017800,Watches,Sold,ShopGoodwill,EMP-1002,57.52,1,8/21/2026 4:05:01 PM,8/21/2026 4:17:01 PM,9/1/2026 6:59:57 PM,48.00,0
7004756,JW-017801,Jewelry item JW-017801,Jewelry,Sold,ShopGoodwill,EMP-1002,34.56,1,8/28/2026 1:39:05 PM,8/28/2026 1:51:05 PM,9/1/2026 4:27:39 PM,29.00,0
7004757,JW-017802,Jewelry item JW-017802,Jewelry,Sold,ShopGoodwill,EMP-1002,36.82,1,8/28/2026 8:14:57 AM,8/28/2026 8:26:57 AM,9/1/2026 9:35:42 AM,36.00,0
7004758,HB-017803,Handbags item HB-017803,Handbags,Sold,ShopGoodwill,EMP-1001,15.03,1,8/25/2026 1:34:05 AM,8/25/2026 1:46:05 AM,9/1/2026 7:26:39 AM,13.00,0
7004759,CO-017804,Collectibles item CO-017804,Collectibles,Sold,ShopGoodwill,EMP-1006,47.80,1,8/23/2026 3:49:01 PM,8/23/2026 4:01:01 PM,9/1/2026 12:36:09 AM,45.00,0
7004760,CL-017805,Clothing item CL-017805,Clothing,Sold,ShopGoodwill,EMP-1005,19.43,1,8/31/2026 3:59:32 PM,8/31/2026 4:11:32 PM,9/1/2026 11:49:09 PM,17.00,0
7004761,TY-017806,Toys item TY-017806,Toys,Sold,ShopGoodwill,EMP-1002,11.61,1,8/25/2026 6:17:54 AM,8/25/2026 6:29:54 AM,9/1/2026 2:34:31 PM,11.00,0
7004762,JW-017807,Jewelry item JW-017807,Jewelry,Sold,ShopGoodwill,EMP-1004,22.09,1,8/26/2026 1:28:12 AM,8/26/2026 1:40:12 AM,9/1/2026 10:34:22 AM,20.00,0
7004763,HB-017808,Handbags item HB-017808,Handbags,Sold,ShopGoodwill,EMP-1006,62.54,1,8/25/2026 5:49:06 PM,8/25/2026 6:01:06 PM,9/1/2026 9:42:33 PM,56.00,0
7004764,JW-017809,Jewelry item JW-017809,Jewelry,Sold,ShopGoodwill,EMP-1006,32.23,1,8/21/2026 12:39:04 AM,8/21/2026 12:51:04 AM,9/1/2026 10:24:42 AM,30.00,0
