Pitney Bowes SendPro 360 - Shipment Details,,,,,
Shipment Create Date,Carrier Name,Service,Tracking Number,Total Charges,Transaction Type
08/01/2025,USPS,Ground Advantage,9405500000000000000009,$7.88,Label
08/01/2025,USPS,Ground Advantage,9405500000000000000022,$5.98,Label
08/01/2025,USPS,Ground Advantage,9405500000000000000002,$7.88,Label
08/01/2025,USPS,Priority Mail,9405500000000000000015,$6.57,Label
08/01/2025,USPS,Ground Advantage,9405500000000000000011,$16.71,Label
08/01/2025,USPS,Priority Mail,9405500000000000000006,$7.95,Label
08/01/2025,USPS,Ground Advantage,9405500000000000000023,$7.28,Label
08/01/2025,USPS,Ground Advantage,9405500000000000000027,$5.87,Label
08/01/2025,USPS,Ground Advantage,9405500000000000000013,$6.04,Label
08/01/2025,USPS,Ground Advantage,9405500000000000000029,$4.32,Label
08/01/2025,USPS,Ground Advantage,9405500000000000000025,$5.54,Label
08/01/2025,USPS,Ground Advantage,9405500000000000000028,$6.26,Label
08/01/2025,USPS,Ground Advantage,9405500000000000004797,$4.89,Label
08/01/2025,USPS,Ground Advantage,9405500000000000000017,$11.96,Label
08/01/2025,USPS,Ground Advantage,9405500000000000000021,$4.44,Label
08/01/2025,USPS,Ground Advantage,9405500000000000000014,$4.00,Label
08/01/2025,USPS,Ground Advantage,9405500000000000000004,$10.54,Label
08/01/2025,USPS,Ground Advantage,9405500000000000000007,$14.30,Label
08/01/2025,USPS,Priority Mail,9405500000000000000024,$8.64,Label
08/01/2025,USPS,Ground Advantage,9405500000000000000010,$8.45,Label
08/01/2025,USPS,Ground Advantage,9405500000000000000005,$9.17,Label
08/02/2025,,Postage Refill,,$500.00,Refill
08/02/2025,USPS,Ground Advantage,9405500000000000000030,$8.91,Label
08/02/2025,USPS,Ground Advantage,9405500000000000000066,$5.26,Label
08/02/2025,USPS,Priority Mail,9405500000000000000048,$11.49,Label
08/02/2025,USPS,Ground Advantage,9405500000000000000043,$7.67,Label
08/02/2025,USPS,Ground Advantage,9405500000000000000034,$7.42,Label
08/02/2025,USPS,Ground Advantage,9405500000000000000019,$9.81,Label
08/02/2025,USPS,Ground Advantage,9405500000000000004798,$4.99,Label
08/02/2025,USPS,Ground Advantage,9405500000000000000057,$3.82,Label
08/02/2025,USPS,Ground Advantage,9405500000000000000036,$8.94,Label
08/02/2025,USPS,Ground Advantage,9405500000000000000001,$12.91,Label
08/02/2025,USPS,Ground Advantage,9405500000000000000058,$3.40,Label
08/02/2025,USPS,Ground Advantage,9405500000000000000053,$10.70,Label
08/02/2025,USPS,Priority Mail,9405500000000000000037,$7.62,Label
08/02/2025,USPS,Ground Advantage,9405500000000000000039,$12.14,Label
08/02/2025,USPS,Ground Advantage,9405500000000000000032,$11.48,Label
08/02/2025,USPS,Ground Advantage,9405500000000000000012,$7.91,Label
08/02/2025,USPS,Ground Advantage,9405500000000000000020,$4.22,Label
08/02/2025,USPS,Ground Advantage,9405500000000000000038,$10.23,Label
08/02/2025,USPS,Ground Advantage,9405500000000000000050,$10.56,Label
08/02/2025,USPS,Priority Mail,9405500000000000000046,$6.57,Label
08/02/2025,USPS,Ground Advantage,9405500000000000000003,$7.31,Label
08/02/2025,USPS,Ground Advantage,9405500000000000000054,$8.00,Label
08/02/2025,USPS,Ground Advantage,9405500000000000000018,$6.02,Label
08/02/2025,USPS,Priority Mail,9405500000000000000051,$6.29,Label
08/02/2025,USPS,Ground Advantage,9405500000000000000052,$3.46,Label
08/02/2025,USPS,Priority Mail,9405500000000000000016,$3.88,Label
08/02/2025,USPS,Priority Mail,9405500000000000000044,$12.84,Label
08/02/2025,USPS,Ground Advantage,9405500000000000000059,$5.19,Label
08/02/2025,USPS,Ground Advantage,9405500000000000000062,$4.19,Label
08/02/2025,USPS,Ground Advantage,9405500000000000000008,$10.66,Label
08/02/2025,USPS,Ground Advantage,9405500000000000000063,$4.31,Label
08/02/2025,USPS,Ground Advantage,9405500000000000000002,$7.88,Refund
08/02/2025,USPS,Ground Advantage,9405500000000000000007,$14.30,Refund
08/03/2025,USPS,Ground Advantage,9405500000000000000088,$4.66,Label
08/03/2025,USPS,Ground Advantage,9405500000000000000075,$7.86,Label
08/03/2025,USPS,Ground Advantage,9405500000000000000042,$11.20,Label
08/03/2025,USPS,Ground Advantage,9405500000000000000055,$6.45,Label
08/03/2025,USPS,Ground Advantage,9405500000000000000060,$4.87,Label
08/03/2025,USPS,Ground Advantage,9405500000000000000076,$8.21,Label
08/03/2025,USPS,Ground Advantage,9405500000000000000026,$6.13,Label
08/03/2025,USPS,Ground Advantage,9405500000000000000033,$7.43,Label
08/03/2025,USPS,Ground Advantage,9405500000000000000045,$7.93,Label
08/03/2025,USPS,Ground Advantage,9405500000000000000065,$5.14,Label
08/03/2025,USPS,Ground Advantage,9405500000000000000031,$7.51,Label
08/03/2025,USPS,Priority Mail,9405500000000000000068,$8.13,Label
08/03/2025,USPS,Ground Advantage,9405500000000000000085,$5.74,Label
08/03/2025,USPS,Ground Advantage,9405500000000000000078,$9.29,Label
08/03/2025,USPS,Ground Advantage,9405500000000000000089,$5.61,Label
08/03/2025,USPS,Ground Advantage,9405500000000000000079,$8.03,Label
08/03/2025,USPS,Ground Advantage,9405500000000000000049,$13.63,Label
08/03/2025,USPS,Ground Advantage,9405500000000000000071,$7.17,Label
08/03/2025,USPS,Priority Mail,9405500000000000000047,$8.84,Label
08/03/2025,USPS,Ground Advantage,9405500000000000000067,$17.40,Label
08/03/2025,USPS,Ground Advantage,9405500000000000000056,$4.39,Label
08/03/2025,USPS,Ground Advantage,9405500000000000000086,$4.62,Label
08/03/2025,USPS,Ground Advantage,9405500000000000000070,$11.91,Label
08/03/2025,USPS,Ground Advantage,9405500000000000000081,$8.18,Label
08/03/2025,USPS,Ground Advantage,9405500000000000000061,$3.39,Label
08/03/2025,USPS,Priority Mail,9405500000000000000072,$9.00,Label
08/03/2025,USPS,Ground Advantage,9405500000000000000084,$5.03,Label
08/03/2025,USPS,Priority Mail,9405500000000000000035,$11.40,Label
08/04/2025,USPS,Ground Advantage,9405500000000000000040,$8.85,Label
08/04/2025,USPS,Priority Mail,9405500000000000000073,$8.27,Label
08/04/2025,USPS,Ground Advantage,9405500000000000004799,$4.59,Label
08/04/2025,USPS,Ground Advantage,9405500000000000000095,$6.79,Label
08/04/2025,USPS,Priority Mail,9405500000000000000094,$13.37,Label
08/04/2025,USPS,Ground Advantage,9405500000000000000093,$8.23,Label
08/04/2025,,Postage Refill,,$500.00,Refill
08/04/2025,USPS,Priority Mail,9405500000000000000064,$4.34,Label
08/04/2025,USPS,Ground Advantage,9405500000000000000087,$5.85,Label
08/04/2025,USPS,Ground Advantage,9405500000000000000104,$8.49,Label
08/04/2025,USPS,Priority Mail,9405500000000000000106,$5.96,Label
08/04/2025,USPS,Ground Advantage,9405500000000000000074,$5.73,Label
08/04/2025,USPS,Priority Mail,9405500000000000000096,$11.06,Label
08/04/2025,USPS,Ground Advantage,9405500000000000000091,$10.90,Label
08/04/2025,USPS,Ground Advantage,9405500000000000000041,$11.60,Label
08/04/2025,USPS,Ground Advantage,9405500000000000000107,$4.53,Label
08/04/2025,USPS,Ground Advantage,9405500000000000000110,$4.63,Label
08/04/2025,USPS,Ground Advantage,9405500000000000000097,$8.99,Label
08/04/2025,USPS,Priority Mail,9405500000000000000069,$14.42,Label
08/04/2025,USPS,Ground Advantage,9405500000000000000100,$4.66,Label
08/04/2025,USPS,Ground Advantage,9405500000000000000090,$6.93,Label
08/04/2025,USPS,Ground Advantage,9405500000000000000111,$3.41,Label
08/04/2025,USPS,Ground Advantage,9405500000000000000082,$5.20,Label
08/04/2025,USPS,Priority Mail,9405500000000000000077,$11.28,Label
08/04/2025,USPS,Ground Advantage,9405500000000000000101,$6.93,Label
08/04/2025,USPS,Ground Advantage,9405500000000000000092,$7.41,Label
08/04/2025,USPS,Ground Advantage,9405500000000000000080,$10.05,Label
08/05/2025,USPS,Priority Mail,9405500000000000000109,$6.12,Label
08/05/2025,USPS,Priority Mail,9405500000000000000131,$4.58,Label
08/05/2025,USPS,Priority Mail,9405500000000000000133,$8.00,Label
08/05/2025,USPS,Ground Advantage,9405500000000000000129,$4.79,Label
08/05/2025,USPS,Ground Advantage,9405500000000000000136,$3.25,Label
08/05/2025,USPS,Ground Advantage,9405500000000000000083,$4.64,Label
08/05/2025,USPS,Ground Advantage,9405500000000000000124,$11.60,Label
08/05/2025,USPS,Ground Advantage,9405500000000000000121,$17.69,Label
08/05/2025,USPS,Priority Mail,9405500000000000000123,$7.49,Label
08/05/2025,USPS,Priority Mail,9405500000000000000116,$6.61,Label
08/05/2025,USPS,Ground Advantage,9405500000000000000134,$8.10,Label
08/05/2025,USPS,Ground Advantage,9405500000000000000127,$11.73,Label
08/05/2025,USPS,Ground Advantage,9405500000000000000138,$5.76,Label
08/05/2025,USPS,Ground Advantage,9405500000000000000117,$10.98,Label
08/05/2025,USPS,Ground Advantage,9405500000000000000130,$5.11,Label
08/05/2025,USPS,Ground Advantage,9405500000000000000126,$10.97,Label
08/05/2025,USPS,Ground Advantage,9405500000000000000112,$13.81,Label
08/05/2025,USPS,Priority Mail,9405500000000000000128,$10.41,Label
08/05/2025,USPS,Ground Advantage,9405500000000000000135,$6.38,Label
08/05/2025,USPS,Priority Mail,9405500000000000000139,$3.60,Label
08/05/2025,USPS,Ground Advantage,9405500000000000000102,$6.40,Label
08/06/2025,USPS,Ground Advantage,9405500000000000000143,$12.85,Label
08/06/2025,USPS,Ground Advantage,9405500000000000000098,$5.25,Label
08/06/2025,USPS,Ground Advantage,9405500000000000000114,$7.09,Label
08/06/2025,USPS,Ground Advantage,9405500000000000000125,$7.78,Label
08/06/2025,USPS,Ground Advantage,9405500000000000000157,$6.23,Label
08/06/2025,USPS,Ground Advantage,9405500000000000000165,$5.82,Label
08/06/2025,USPS,Ground Advantage,9405500000000000000162,$8.45,Label
08/06/2025,USPS,Ground Advantage,9405500000000000000141,$6.41,Label
08/06/2025,USPS,Ground Advantage,9405500000000000000113,$14.39,Label
08/06/2025,USPS,Priority Mail,9405500000000000000099,$4.85,Label
08/06/2025,USPS,Priority Mail,9405500000000000000144,$9.10,Label
08/06/2025,USPS,Priority Mail,9405500000000000000163,$6.12,Label
08/06/2025,USPS,Ground Advantage,9405500000000000000103,$4.65,Label
08/06/2025,USPS,Ground Advantage,9405500000000000000145,$5.87,Label
08/06/2025,USPS,Ground Advantage,9405500000000000000132,$7.08,Label
08/06/2025,USPS,Priority Mail,9405500000000000000119,$13.85,Label
08/06/2025,USPS,Priority Mail,9405500000000000000122,$5.89,Label
08/06/2025,USPS,Ground Advantage,9405500000000000000153,$8.07,Label
08/06/2025,USPS,Ground Advantage,9405500000000000000152,$7.49,Label
08/06/2025,USPS,Ground Advantage,9405500000000000000148,$11.14,Label
08/06/2025,USPS,Ground Advantage,9405500000000000004800,$3.49,Label
08/06/2025,USPS,Ground Advantage,9405500000000000000159,$4.99,Label
08/06/2025,USPS,Ground Advantage,9405500000000000000118,$8.85,Label
08/06/2025,USPS,Ground Advantage,9405500000000000000158,$6.33,Label
08/06/2025,USPS,Ground Advantage,9405500000000000000156,$8.38,Label
08/06/2025,,Postage Refill,,$500.00,Refill
08/06/2025,USPS,Ground Advantage,9405500000000000000108,$7.82,Label
08/06/2025,USPS,Priority Mail,9405500000000000000105,$3.85,Label
08/06/2025,USPS,Ground Advantage,9405500000000000000120,$10.92,Label
08/06/2025,USPS,Ground Advantage,9405500000000000000137,$4.70,Label
08/06/2025,USPS,Ground Advantage,9405500000000000000149,$14.62,Label
08/06/2025,USPS,Ground Advantage,9405500000000000000150,$14.52,Label
08/06/2025,USPS,Ground Advantage,9405500000000000000115,$8.26,Label
08/06/2025,USPS,Ground Advantage,9405500000000000000147,$7.77,Label
08/07/2025,USPS,Ground Advantage,9405500000000000000187,$5.51,Label
08/07/2025,USPS,Ground Advantage,9405500000000000000171,$9.85,Label
08/07/2025,USPS,Ground Advantage,9405500000000000000168,$5.58,Label
08/07/2025,USPS,Priority Mail,9405500000000000000173,$11.57,Label
08/07/2025,USPS,Ground Advantage,9405500000000000000142,$10.43,Label
08/07/2025,USPS,Ground Advantage,9405500000000000000170,$6.86,Label
08/07/2025,USPS,Ground Advantage,9405500000000000000178,$11.42,Label
08/07/2025,USPS,Ground Advantage,9405500000000000004803,$3.42,Label
08/07/2025,USPS,Ground Advantage,9405500000000000004801,$5.17,Label
08/07/2025,USPS,Priority Mail,9405500000000000000155,$4.48,Label
08/07/2025,USPS,Ground Advantage,9405500000000000000177,$9.68,Label
08/07/2025,USPS,Ground Advantage,9405500000000000000181,$4.86,Label
08/07/2025,USPS,Ground Advantage,9405500000000000000167,$12.47,Label
08/07/2025,USPS,Ground Advantage,9405500000000000000154,$5.37,Label
08/07/2025,USPS,Ground Advantage,9405500000000000000179,$4.58,Label
08/07/2025,USPS,Ground Advantage,9405500000000000000160,$3.22,Label
08/07/2025,USPS,Priority Mail,9405500000000000000169,$9.53,Label
08/07/2025,USPS,Priority Mail,9405500000000000000151,$7.15,Label
08/07/2025,USPS,Priority Mail,9405500000000000000186,$4.36,Label
08/07/2025,USPS,Priority Mail,9405500000000000000161,$6.86,Label
08/07/2025,USPS,Priority Mail,9405500000000000000172,$11.37,Label
08/07/2025,USPS,Ground Advantage,9405500000000000000189,$6.12,Label
08/07/2025,USPS,Ground Advantage,9405500000000000000164,$6.28,Label
08/07/2025,USPS,Ground Advantage,9405500000000000000166,$9.78,Label
08/07/2025,USPS,Priority Mail,9405500000000000000188,$3.26,Label
08/07/2025,USPS,Ground Advantage,9405500000000000000180,$10.32,Label
08/07/2025,USPS,Ground Advantage,9405500000000000000146,$11.27,Label
08/07/2025,USPS,Ground Advantage,9405500000000000000114,$7.09,Refund
08/07/2025,USPS,Priority Mail,9405500000000000000163,$6.12,Refund
08/07/2025,USPS,Priority Mail,9405500000000000000105,$3.85,Refund
08/08/2025,USPS,Ground Advantage,9405500000000000000183,$4.85,Label
08/08/2025,USPS,Ground Advantage,9405500000000000000195,$6.28,Label
08/08/2025,USPS,Ground Advantage,9405500000000000000140,$15.21,Label
08/08/2025,USPS,Ground Advantage,9405500000000000000206,$6.90,Label
08/08/2025,USPS,Ground Advantage,9405500000000000000175,$9.05,Label
08/08/2025,USPS,Ground Advantage,9405500000000000000214,$3.57,Label
08/08/2025,USPS,Ground Advantage,9405500000000000000217,$4.68,Label
08/08/2025,USPS,Ground Advantage,9405500000000000000220,$5.87,Label
08/08/2025,USPS,Ground Advantage,9405500000000000000216,$4.60,Label
08/08/2025,USPS,Ground Advantage,9405500000000000000193,$11.49,Label
08/08/2025,USPS,Priority Mail,9405500000000000000208,$5.73,Label
08/08/2025,USPS,Ground Advantage,9405500000000000000174,$7.60,Label
08/08/2025,USPS,Ground Advantage,9405500000000000000184,$4.65,Label
08/08/2025,USPS,Ground Advantage,9405500000000000000219,$5.46,Label
08/08/2025,USPS,Ground Advantage,9405500000000000000209,$7.51,Label
08/08/2025,USPS,Ground Advantage,9405500000000000004802,$3.65,Label
08/08/2025,USPS,Ground Advantage,9405500000000000000201,$8.37,Label
08/08/2025,USPS,Ground Advantage,9405500000000000000185,$5.80,Label
08/08/2025,USPS,Ground Advantage,9405500000000000000197,$7.58,Label
08/08/2025,USPS,Ground Advantage,9405500000000000000207,$9.36,Label
08/08/2025,USPS,Ground Advantage,9405500000000000000200,$10.76,Label
08/08/2025,USPS,Ground Advantage,9405500000000000000199,$14.43,Label
08/08/2025,USPS,Priority Mail,9405500000000000000176,$6.45,Label
08/08/2025,USPS,Ground Advantage,9405500000000000000210,$4.75,Label
08/08/2025,USPS,Ground Advantage,9405500000000000000198,$10.07,Label
08/08/2025,USPS,Ground Advantage,9405500000000000000212,$4.24,Label
08/08/2025,USPS,Ground Advantage,9405500000000000000213,$11.27,Label
08/08/2025,USPS,Ground Advantage,9405500000000000000203,$5.72,Label
08/08/2025,USPS,Priority Mail,9405500000000000000190,$4.10,Label
08/08/2025,USPS,Ground Advantage,9405500000000000000194,$12.34,Label
08/08/2025,USPS,Ground Advantage,9405500000000000000196,$8.43,Label
08/09/2025,,Postage Refill,,$500.00,Refill
08/09/2025,USPS,Ground Advantage,9405500000000000000241,$5.97,Label
08/09/2025,USPS,Ground Advantage,9405500000000000000202,$5.92,Label
08/09/2025,USPS,Ground Advantage,9405500000000000000229,$4.86,Label
08/09/2025,USPS,Ground Advantage,9405500000000000000238,$3.37,Label
08/09/2025,USPS,Priority Mail,9405500000000000000215,$3.69,Label
08/09/2025,USPS,Ground Advantage,9405500000000000004804,$3.29,Label
08/09/2025,USPS,Ground Advantage,9405500000000000000226,$7.47,Label
08/09/2025,USPS,Ground Advantage,9405500000000000000211,$4.61,Label
08/09/2025,USPS,Priority Mail,9405500000000000000239,$5.78,Label
08/09/2025,USPS,Priority Mail,9405500000000000000221,$8.98,Label
08/09/2025,USPS,Ground Advantage,9405500000000000000225,$14.32,Label
08/09/2025,USPS,Ground Advantage,9405500000000000000218,$5.54,Label
08/09/2025,USPS,Ground Advantage,9405500000000000000224,$15.87,Label
08/09/2025,USPS,Ground Advantage,9405500000000000000222,$12.47,Label
08/09/2025,USPS,Ground Advantage,9405500000000000000182,$9.02,Label
08/09/2025,USPS,Ground Advantage,9405500000000000000237,$4.68,Label
08/09/2025,USPS,Priority Mail,9405500000000000004805,$5.37,Label
08/09/2025,USPS,Ground Advantage,9405500000000000000231,$4.69,Label
08/09/2025,USPS,Ground Advantage,9405500000000000000232,$8.67,Label
08/09/2025,USPS,Ground Advantage,9405500000000000000230,$4.82,Label
08/09/2025,USPS,Priority Mail,9405500000000000000191,$4.08,Label
08/09/2025,USPS,Ground Advantage,9405500000000000000205,$3.63,Label
08/09/2025,USPS,Ground Advantage,9405500000000000000192,$8.45,Label
08/09/2025,USPS,Ground Advantage,9405500000000000000236,$3.56,Label
08/09/2025,USPS,Ground Advantage,9405500000000000000204,$17.10,Label
08/09/2025,USPS,Ground Advantage,9405500000000000000228,$5.43,Label
08/10/2025,USPS,Ground Advantage,9405500000000000000250,$11.56,Label
08/10/2025,USPS,Ground Advantage,9405500000000000000223,$11.22,Label
08/10/2025,USPS,Priority Mail,9405500000000000000259,$4.08,Label
08/10/2025,USPS,Ground Advantage,9405500000000000000272,$4.14,Label
08/10/2025,USPS,Ground Advantage,9405500000000000000263,$7.00,Label
08/10/2025,USPS,Priority Mail,9405500000000000000233,$5.61,Label
08/10/2025,USPS,Ground Advantage,9405500000000000000265,$9.55,Label
08/10/2025,USPS,Ground Advantage,9405500000000000000227,$7.61,Label
08/10/2025,USPS,Ground Advantage,9405500000000000000270,$6.50,Label
08/10/2025,USPS,Ground Advantage,9405500000000000000249,$11.99,Label
08/10/2025,USPS,Ground Advantage,9405500000000000000235,$7.59,Label
08/10/2025,USPS,Priority Mail,9405500000000000000264,$4.87,Label
08/10/2025,USPS,Ground Advantage,9405500000000000000257,$4.07,Label
08/10/2025,USPS,Priority Mail,9405500000000000000245,$8.52,Label
08/10/2025,USPS,Ground Advantage,9405500000000000000258,$7.73,Label
08/10/2025,USPS,Ground Advantage,9405500000000000000234,$5.18,Label
08/10/2025,USPS,Priority Mail,9405500000000000000240,$4.13,Label
08/10/2025,USPS,Ground Advantage,9405500000000000000256,$4.20,Label
08/10/2025,USPS,Ground Advantage,9405500000000000000266,$6.78,Label
08/10/2025,USPS,Ground Advantage,9405500000000000000260,$3.90,Label
08/10/2025,USPS,Ground Advantage,9405500000000000000271,$6.41,Label
08/10/2025,USPS,Ground Advantage,9405500000000000000247,$15.54,Label
08/10/2025,USPS,Priority Mail,9405500000000000000254,$6.93,Label
08/10/2025,USPS,Ground Advantage,9405500000000000000246,$9.96,Label
08/10/2025,USPS,Priority Mail,9405500000000000000251,$20.22,Label
08/10/2025,USPS,Priority Mail,9405500000000000000268,$4.11,Label
08/11/2025,USPS,Priority Mail,9405500000000000000296,$5.11,Label
08/11/2025,USPS,Priority Mail,9405500000000000000262,$9.56,Label
08/11/2025,USPS,Ground Advantage,9405500000000000000280,$12.36,Label
08/11/2025,USPS,Ground Advantage,9405500000000000000242,$9.82,Label
08/11/2025,USPS,Ground Advantage,9405500000000000000255,$11.51,Label
08/11/2025,USPS,Ground Advantage,9405500000000000000281,$9.65,Label
08/11/2025,USPS,Ground Advantage,9405500000000000000276,$9.07,Label
08/11/2025,USPS,Priority Mail,9405500000000000000261,$4.08,Label
08/11/2025,USPS,Priority Mail,9405500000000000000275,$11.01,Label
08/11/2025,USPS,Ground Advantage,9405500000000000000278,$15.04,Label
08/11/2025,USPS,Ground Advantage,9405500000000000000287,$6.84,Label
08/11/2025,USPS,Ground Advantage,9405500000000000000286,$10.16,Label
08/11/2025,,Postage Refill,,$500.00,Refill
08/11/2025,USPS,Ground Advantage,9405500000000000000244,$7.45,Label
08/11/2025,USPS,Ground Advantage,9405500000000000000285,$7.46,Label
08/11/2025,USPS,Ground Advantage,9405500000000000000243,$11.89,Label
08/11/2025,USPS,Ground Advantage,9405500000000000000273,$3.23,Label
08/11/2025,USPS,Ground Advantage,9405500000000000000248,$9.27,Label
08/11/2025,USPS,Ground Advantage,9405500000000000000269,$3.95,Label
08/11/2025,USPS,Ground Advantage,9405500000000000000289,$3.20,Label
08/11/2025,USPS,Ground Advantage,9405500000000000000277,$9.43,Label
08/11/2025,USPS,Ground Advantage,9405500000000000000267,$5.21,Label
08/11/2025,USPS,Priority Mail,9405500000000000000293,$4.37,Label
08/11/2025,USPS,Ground Advantage,9405500000000000000274,$3.90,Label
08/11/2025,USPS,Ground Advantage,9405500000000000000252,$9.47,Label
08/11/2025,USPS,Priority Mail,9405500000000000000292,$7.38,Label
08/11/2025,USPS,Priority Mail,9405500000000000004806,$4.21,Label
08/11/2025,USPS,Priority Mail,9405500000000000000291,$8.70,Label
08/12/2025,USPS,Ground Advantage,9405500000000000000290,$5.30,Label
08/12/2025,USPS,Ground Advantage,9405500000000000000303,$8.76,Label
08/12/2025,USPS,Ground Advantage,9405500000000000000302,$9.30,Label
08/12/2025,USPS,Ground Advantage,9405500000000000000253,$11.10,Label
08/12/2025,USPS,Ground Advantage,9405500000000000000305,$9.46,Label
08/12/2025,USPS,Ground Advantage,9405500000000000000299,$19.49,Label
08/12/2025,USPS,Priority Mail,9405500000000000000294,$5.67,Label
08/12/2025,USPS,Ground Advantage,9405500000000000000308,$12.16,Label
08/12/2025,USPS,Priority Mail,9405500000000000000297,$8.58,Label
08/12/2025,USPS,Priority Mail,9405500000000000000279,$12.04,Label
08/12/2025,USPS,Ground Advantage,9405500000000000000309,$6.96,Label
08/12/2025,USPS,Ground Advantage,9405500000000000000301,$9.56,Label
08/12/2025,USPS,Ground Advantage,9405500000000000000282,$10.39,Label
08/12/2025,USPS,Priority Mail,9405500000000000000284,$11.97,Label
08/12/2025,USPS,Ground Advantage,9405500000000000000313,$7.65,Label
08/12/2025,USPS,Priority Mail,9405500000000000000307,$5.38,Label
08/13/2025,USPS,Priority Mail,9405500000000000000300,$12.17,Label
08/13/2025,USPS,Ground Advantage,9405500000000000000324,$8.61,Label
08/13/2025,USPS,Ground Advantage,9405500000000000000304,$9.79,Label
08/13/2025,USPS,Ground Advantage,9405500000000000000323,$8.22,Label
08/13/2025,USPS,Priority Mail,9405500000000000000310,$5.66,Label
08/13/2025,USPS,Ground Advantage,9405500000000000000283,$11.63,Label
08/13/2025,USPS,Ground Advantage,9405500000000000000332,$3.94,Label
08/13/2025,USPS,Ground Advantage,9405500000000000000319,$12.47,Label
08/13/2025,USPS,Ground Advantage,9405500000000000000321,$8.95,Label
08/13/2025,USPS,Priority Mail,9405500000000000000314,$7.11,Label
08/13/2025,USPS,Ground Advantage,9405500000000000000328,$5.84,Label
08/13/2025,USPS,Priority Mail,9405500000000000000298,$6.20,Label
08/13/2025,USPS,Ground Advantage,9405500000000000000336,$3.28,Label
08/13/2025,USPS,Ground Advantage,9405500000000000000295,$4.93,Label
08/13/2025,USPS,Ground Advantage,9405500000000000000288,$9.69,Label
08/13/2025,USPS,Priority Mail,9405500000000000000311,$4.55,Label
08/13/2025,USPS,Priority Mail,9405500000000000000333,$3.40,Label
08/13/2025,USPS,Priority Mail,9405500000000000000334,$4.15,Label
08/13/2025,USPS,Ground Advantage,9405500000000000000322,$10.50,Label
08/13/2025,USPS,Ground Advantage,9405500000000000000331,$3.53,Label
08/13/2025,USPS,Ground Advantage,9405500000000000000315,$16.88,Label
08/13/2025,USPS,Ground Advantage,9405500000000000000306,$8.95,Label
08/13/2025,USPS,Priority Mail,9405500000000000000317,$8.98,Label
08/14/2025,USPS,Ground Advantage,9405500000000000000355,$5.16,Label
08/14/2025,USPS,Ground Advantage,9405500000000000000353,$3.48,Label
08/14/2025,USPS,Priority Mail,9405500000000000000335,$4.23,Label
08/14/2025,USPS,Priority Mail,9405500000000000000352,$8.43,Label
08/14/2025,USPS,Priority Mail,9405500000000000000342,$9.21,Label
08/14/2025,USPS,Ground Advantage,9405500000000000000338,$9.99,Label
08/14/2025,USPS,Priority Mail,9405500000000000000337,$8.58,Label
08/14/2025,USPS,Ground Advantage,9405500000000000000362,$6.21,Label
08/14/2025,USPS,Ground Advantage,9405500000000000000351,$4.33,Label
08/14/2025,USPS,Ground Advantage,9405500000000000000349,$5.67,Label
08/14/2025,USPS,Ground Advantage,9405500000000000000327,$5.08,Label
08/14/2025,,Postage Refill,,$500.00,Refill
08/14/2025,USPS,Ground Advantage,9405500000000000000341,$10.87,Label
08/14/2025,USPS,Ground Advantage,9405500000000000000360,$5.76,Label
08/14/2025,USPS,Ground Advantage,9405500000000000000344,$7.12,Label
08/14/2025,USPS,Priority Mail,9405500000000000000330,$4.78,Label
08/14/2025,USPS,Ground Advantage,9405500000000000000326,$5.16,Label
08/14/2025,USPS,Priority Mail,9405500000000000000359,$6.75,Label
08/14/2025,USPS,Ground Advantage,9405500000000000000347,$8.82,Label
08/14/2025,USPS,Priority Mail,9405500000000000000339,$9.80,Label
08/14/2025,USPS,Ground Advantage,9405500000000000000318,$6.56,Label
08/14/2025,USPS,Ground Advantage,9405500000000000000325,$6.91,Label
08/14/2025,USPS,Ground Advantage,9405500000000000000312,$7.98,Label
08/14/2025,USPS,Ground Advantage,9405500000000000000357,$4.60,Label
08/14/2025,USPS,Ground Advantage,9405500000000000000320,$11.09,Label
08/14/2025,USPS,Ground Advantage,9405500000000000000348,$6.82,Label
08/14/2025,USPS,Ground Advantage,9405500000000000000350,$8.02,Label
08/14/2025,USPS,Priority Mail,9405500000000000000358,$5.73,Label
08/14/2025,USPS,Ground Advantage,9405500000000000000361,$6.10,Label
08/15/2025,USPS,Ground Advantage,9405500000000000000373,$9.08,Label
08/15/2025,USPS,Priority Mail,9405500000000000000340,$10.22,Label
08/15/2025,USPS,Ground Advantage,9405500000000000000329,$4.22,Label
08/15/2025,USPS,Ground Advantage,9405500000000000000366,$6.49,Label
08/15/2025,USPS,Ground Advantage,9405500000000000000371,$10.83,Label
08/15/2025,USPS,Priority Mail,9405500000000000000365,$9.67,Label
08/15/2025,USPS,Ground Advantage,9405500000000000000316,$8.98,Label
08/15/2025,USPS,Ground Advantage,9405500000000000000395,$5.28,Label
08/15/2025,USPS,Ground Advantage,9405500000000000000388,$10.41,Label
08/15/2025,USPS,Ground Advantage,9405500000000000000356,$4.46,Label
08/15/2025,USPS,Ground Advantage,9405500000000000000382,$4.98,Label
08/15/2025,USPS,Priority Mail,9405500000000000000343,$9.69,Label
08/15/2025,USPS,Ground Advantage,9405500000000000000377,$4.48,Label
08/15/2025,USPS,Ground Advantage,9405500000000000000354,$5.42,Label
08/15/2025,USPS,Priority Mail,9405500000000000000381,$6.22,Label
08/15/2025,USPS,Ground Advantage,9405500000000000000390,$9.00,Label
08/15/2025,USPS,Ground Advantage,9405500000000000000385,$7.05,Label
08/15/2025,USPS,Ground Advantage,9405500000000000000389,$8.63,Label
08/15/2025,USPS,Ground Advantage,9405500000000000000368,$7.92,Label
08/15/2025,USPS,Priority Mail,9405500000000000000375,$6.96,Label
08/15/2025,USPS,Ground Advantage,9405500000000000000379,$5.76,Label
08/15/2025,USPS,Priority Mail,9405500000000000000397,$3.75,Label
08/15/2025,USPS,Ground Advantage,9405500000000000000380,$5.65,Label
08/15/2025,USPS,Ground Advantage,9405500000000000000345,$6.20,Label
08/15/2025,USPS,Ground Advantage,9405500000000000000384,$6.38,Label
08/15/2025,USPS,Ground Advantage,9405500000000000000393,$3.81,Label
08/15/2025,USPS,Priority Mail,9405500000000000000370,$7.64,Label
08/15/2025,USPS,Priority Mail,9405500000000000000391,$3.84,Label
08/15/2025,USPS,Ground Advantage,9405500000000000000396,$5.99,Label
08/15/2025,USPS,Ground Advantage,9405500000000000000394,$5.60,Label
08/15/2025,USPS,Ground Advantage,9405500000000000000386,$10.49,Label
08/15/2025,USPS,Ground Advantage,9405500000000000000376,$3.52,Label
08/15/2025,USPS,Priority Mail,9405500000000000000387,$5.23,Label
08/16/2025,USPS,Priority Mail,9405500000000000000426,$4.00,Label
08/16/2025,USPS,Ground Advantage,9405500000000000000409,$4.51,Label
08/16/2025,USPS,Priority Mail,9405500000000000000378,$12.44,Label
08/16/2025,USPS,Ground Advantage,9405500000000000000421,$5.48,Label
08/16/2025,USPS,Ground Advantage,9405500000000000000405,$10.82,Label
08/16/2025,USPS,Priority Mail,9405500000000000000425,$5.42,Label
08/16/2025,USPS,Ground Advantage,9405500000000000000424,$4.97,Label
08/16/2025,USPS,Ground Advantage,9405500000000000000392,$3.71,Label
08/16/2025,USPS,Ground Advantage,9405500000000000000372,$7.27,Label
08/16/2025,USPS,Ground Advantage,9405500000000000000418,$4.62,Label
08/16/2025,USPS,Ground Advantage,9405500000000000000369,$9.22,Label
08/16/2025,USPS,Ground Advantage,9405500000000000000419,$6.21,Label
08/16/2025,USPS,Ground Advantage,9405500000000000000363,$8.16,Label
08/16/2025,USPS,Ground Advantage,9405500000000000000420,$9.73,Label
08/16/2025,USPS,Ground Advantage,9405500000000000000383,$9.43,Label
08/16/2025,USPS,Priority Mail,9405500000000000000403,$12.90,Label
08/16/2025,USPS,Priority Mail,9405500000000000000374,$5.85,Label
08/16/2025,USPS,Priority Mail,9405500000000000000406,$14.64,Label
08/16/2025,USPS,Priority Mail,9405500000000000000408,$11.47,Label
08/16/2025,USPS,Ground Advantage,9405500000000000000410,$12.00,Label
08/16/2025,,Postage Refill,,$500.00,Refill
08/16/2025,USPS,Ground Advantage,9405500000000000000346,$12.15,Label
08/16/2025,USPS,Priority Mail,9405500000000000000417,$4.35,Label
08/16/2025,USPS,Priority Mail,9405500000000000000401,$7.77,Label
08/16/2025,USPS,Ground Advantage,9405500000000000000415,$5.75,Label
08/16/2025,USPS,Ground Advantage,9405500000000000000364,$7.83,Label
08/16/2025,USPS,Ground Advantage,9405500000000000000398,$6.21,Label
08/16/2025,USPS,Priority Mail,9405500000000000000399,$6.35,Label
08/16/2025,USPS,Ground Advantage,9405500000000000000411,$4.87,Label
08/16/2025,USPS,Ground Advantage,9405500000000000000412,$5.23,Label
08/16/2025,USPS,Priority Mail,9405500000000000000422,$5.96,Label
08/16/2025,USPS,Ground Advantage,9405500000000000000404,$7.66,Label
08/16/2025,USPS,Priority Mail,9405500000000000000391,$3.84,Refund
08/16/2025,USPS,Priority Mail,9405500000000000000387,$5.23,Refund
08/17/2025,USPS,Priority Mail,9405500000000000000442,$4.84,Label
08/17/2025,USPS,Priority Mail,9405500000000000000423,$8.06,Label
08/17/2025,USPS,Priority Mail,9405500000000000000453,$5.19,Label
08/17/2025,USPS,Priority Mail,9405500000000000000402,$13.75,Label
08/17/2025,USPS,Ground Advantage,9405500000000000000450,$3.70,Label
08/17/2025,USPS,Ground Advantage,9405500000000000000367,$16.64,Label
08/17/2025,USPS,Ground Advantage,9405500000000000000452,$4.67,Label
08/17/2025,USPS,Ground Advantage,9405500000000000000428,$8.76,Label
08/17/2025,USPS,Ground Advantage,9405500000000000000434,$10.79,Label
08/17/2025,USPS,Priority Mail,9405500000000000000430,$10.34,Label
08/17/2025,USPS,Priority Mail,9405500000000000000438,$17.26,Label
08/17/2025,USPS,Ground Advantage,9405500000000000000407,$8.55,Label
08/17/2025,USPS,Ground Advantage,9405500000000000000433,$9.58,Label
08/17/2025,USPS,Ground Advantage,9405500000000000000431,$10.51,Label
08/17/2025,USPS,Ground Advantage,9405500000000000000454,$4.37,Label
08/17/2025,USPS,Ground Advantage,9405500000000000000413,$8.16,Label
08/17/2025,USPS,Ground Advantage,9405500000000000000440,$6.64,Label
08/17/2025,USPS,Priority Mail,9405500000000000000432,$10.33,Label
08/17/2025,USPS,Ground Advantage,9405500000000000000414,$5.99,Label
08/17/2025,USPS,Ground Advantage,9405500000000000000439,$6.66,Label
08/17/2025,USPS,Priority Mail,9405500000000000000444,$11.46,Label
08/18/2025,USPS,Priority Mail,9405500000000000000460,$12.39,Label
08/18/2025,USPS,Ground Advantage,9405500000000000000429,$8.51,Label
08/18/2025,USPS,Ground Advantage,9405500000000000004807,$4.78,Label
08/18/2025,USPS,Ground Advantage,9405500000000000000459,$4.97,Label
08/18/2025,USPS,Ground Advantage,9405500000000000000476,$11.74,Label
08/18/2025,USPS,Ground Advantage,9405500000000000000467,$5.44,Label
08/18/2025,USPS,Ground Advantage,9405500000000000000437,$7.92,Label
08/18/2025,USPS,Ground Advantage,9405500000000000000465,$5.14,Label
08/18/2025,USPS,Ground Advantage,9405500000000000000455,$8.55,Label
08/18/2025,USPS,Priority Mail,9405500000000000000436,$7.73,Label
08/18/2025,USPS,Ground Advantage,9405500000000000000427,$8.09,Label
08/18/2025,USPS,Ground Advantage,9405500000000000000451,$4.83,Label
08/18/2025,USPS,Ground Advantage,9405500000000000000458,$14.42,Label
08/18/2025,USPS,Ground Advantage,9405500000000000000400,$14.21,Label
08/18/2025,USPS,Priority Mail,9405500000000000000466,$5.28,Label
08/18/2025,USPS,Ground Advantage,9405500000000000000472,$8.95,Label
08/18/2025,USPS,Priority Mail,9405500000000000000480,$3.84,Label
08/18/2025,USPS,Ground Advantage,9405500000000000000477,$3.44,Label
08/18/2025,USPS,Ground Advantage,9405500000000000000448,$5.66,Label
08/18/2025,USPS,Ground Advantage,9405500000000000000443,$7.31,Label
08/18/2025,USPS,Ground Advantage,9405500000000000000416,$9.60,Label
08/18/2025,USPS,Priority Mail,9405500000000000000445,$4.86,Label
08/18/2025,USPS,Ground Advantage,9405500000000000000449,$6.50,Label
08/18/2025,USPS,Priority Mail,9405500000000000000473,$5.31,Label
08/18/2025,USPS,Ground Advantage,9405500000000000000471,$5.31,Label
08/18/2025,USPS,Ground Advantage,9405500000000000000474,$6.90,Label
08/18/2025,USPS,Ground Advantage,9405500000000000000447,$6.86,Label
08/18/2025,USPS,Ground Advantage,9405500000000000000468,$4.92,Label
08/18/2025,USPS,Ground Advantage,9405500000000000000446,$8.05,Label
08/18/2025,USPS,Ground Advantage,9405500000000000000481,$5.74,Label
08/18/2025,USPS,Ground Advantage,9405500000000000000441,$5.79,Label
08/18/2025,USPS,Ground Advantage,9405500000000000000462,$7.21,Label
08/18/2025,USPS,Ground Advantage,9405500000000000000482,$4.52,Label
08/18/2025,USPS,Ground Advantage,9405500000000000000456,$5.95,Label
08/18/2025,USPS,Ground Advantage,9405500000000000000440,$6.64,Refund
08/19/2025,USPS,Ground Advantage,9405500000000000000489,$9.87,Label
08/19/2025,,Postage Refill,,$500.00,Refill
08/19/2025,USPS,Priority Mail,9405500000000000000478,$5.11,Label
08/19/2025,USPS,Ground Advantage,9405500000000000000435,$12.95,Label
08/19/2025,USPS,Ground Advantage,9405500000000000000475,$6.27,Label
08/19/2025,USPS,Ground Advantage,9405500000000000000493,$6.68,Label
08/19/2025,USPS,Priority Mail,9405500000000000000491,$14.58,Label
08/19/2025,USPS,Priority Mail,9405500000000000000457,$7.18,Label
08/19/2025,USPS,Ground Advantage,9405500000000000000470,$3.92,Label
08/19/2025,USPS,Priority Mail,9405500000000000000494,$4.16,Label
08/19/2025,USPS,Ground Advantage,9405500000000000000498,$8.74,Label
08/19/2025,USPS,Priority Mail,9405500000000000000461,$13.09,Label
08/19/2025,USPS,Ground Advantage,9405500000000000000499,$7.86,Label
08/19/2025,USPS,Priority Mail,9405500000000000000488,$7.25,Label
08/19/2025,USPS,Ground Advantage,9405500000000000000463,$6.21,Label
08/19/2025,USPS,Ground Advantage,9405500000000000000501,$5.41,Label
08/19/2025,USPS,Priority Mail,9405500000000000000464,$3.31,Label
08/19/2025,USPS,Ground Advantage,9405500000000000000483,$8.86,Label
08/19/2025,USPS,Ground Advantage,9405500000000000000495,$11.60,Label
08/19/2025,USPS,Priority Mail,9405500000000000000502,$7.21,Label
08/19/2025,USPS,Priority Mail,9405500000000000000479,$6.09,Label
08/19/2025,USPS,Ground Advantage,9405500000000000000487,$4.94,Label
08/19/2025,USPS,Ground Advantage,9405500000000000000497,$6.50,Label
08/19/2025,USPS,Ground Advantage,9405500000000000000469,$7.15,Label
08/19/2025,USPS,Priority Mail,9405500000000000000445,$4.86,Refund
08/20/2025,USPS,Priority Mail,9405500000000000000505,$9.74,Label
08/20/2025,USPS,Ground Advantage,9405500000000000000484,$14.10,Label
08/20/2025,USPS,Ground Advantage,9405500000000000000504,$8.66,Label
08/20/2025,USPS,Priority Mail,9405500000000000000528,$6.36,Label
08/20/2025,USPS,Priority Mail,9405500000000000000509,$13.41,Label
08/20/2025,USPS,Priority Mail,9405500000000000000486,$17.51,Label
08/20/2025,USPS,Priority Mail,9405500000000000000525,$5.16,Label
08/20/2025,USPS,Priority Mail,9405500000000000000529,$4.50,Label
08/20/2025,USPS,Ground Advantage,9405500000000000000496,$8.58,Label
08/20/2025,USPS,Priority Mail,9405500000000000000514,$12.36,Label
08/20/2025,USPS,Priority Mail,9405500000000000000527,$4.16,Label
08/20/2025,USPS,Ground Advantage,9405500000000000000517,$8.36,Label
08/20/2025,USPS,Priority Mail,9405500000000000000506,$7.72,Label
08/20/2025,USPS,Priority Mail,9405500000000000000520,$12.51,Label
08/20/2025,USPS,Ground Advantage,9405500000000000000515,$10.83,Label
08/20/2025,USPS,Ground Advantage,9405500000000000000512,$6.57,Label
08/20/2025,USPS,Ground Advantage,9405500000000000000485,$5.05,Label
08/20/2025,USPS,Ground Advantage,9405500000000000000519,$8.68,Label
08/20/2025,USPS,Priority Mail,9405500000000000000490,$13.84,Label
08/20/2025,USPS,Priority Mail,9405500000000000000516,$9.72,Label
08/20/2025,USPS,Ground Advantage,9405500000000000000492,$8.77,Label
08/20/2025,USPS,Priority Mail,9405500000000000000503,$5.12,Label
08/20/2025,USPS,Ground Advantage,9405500000000000000521,$5.98,Label
08/20/2025,USPS,Ground Advantage,9405500000000000000524,$6.92,Label
08/20/2025,USPS,Ground Advantage,9405500000000000000510,$7.90,Label
08/20/2025,USPS,Ground Advantage,9405500000000000000500,$6.66,Label
08/21/2025,USPS,Ground Advantage,9405500000000000000545,$5.85,Label
08/21/2025,USPS,Priority Mail,9405500000000000000508,$9.60,Label
08/21/2025,USPS,Ground Advantage,9405500000000000000544,$5.57,Label
08/21/2025,USPS,Priority Mail,9405500000000000000526,$5.89,Label
08/21/2025,USPS,Ground Advantage,9405500000000000000530,$8.06,Label
08/21/2025,USPS,Priority Mail,9405500000000000000507,$7.65,Label
08/21/2025,USPS,Ground Advantage,9405500000000000000513,$7.54,Label
08/21/2025,USPS,Ground Advantage,9405500000000000000532,$11.47,Label
08/21/2025,USPS,Ground Advantage,9405500000000000000546,$4.10,Label
08/21/2025,USPS,Ground Advantage,9405500000000000000523,$5.04,Label
08/21/2025,USPS,Priority Mail,9405500000000000000539,$4.66,Label
08/21/2025,USPS,Priority Mail,9405500000000000000538,$9.16,Label
08/21/2025,USPS,Ground Advantage,9405500000000000000549,$5.95,Label
08/21/2025,USPS,Ground Advantage,9405500000000000000536,$3.77,Label
08/21/2025,USPS,Ground Advantage,9405500000000000000540,$6.65,Label
08/21/2025,,Postage Refill,,$500.00,Refill
08/21/2025,USPS,Ground Advantage,9405500000000000000535,$14.79,Label
08/21/2025,USPS,Priority Mail,9405500000000000000522,$9.73,Label
08/21/2025,USPS,Priority Mail,9405500000000000000541,$6.59,Label
08/21/2025,USPS,Priority Mail,9405500000000000000534,$12.55,Label
08/21/2025,USPS,Priority Mail,9405500000000000000533,$14.92,Label
08/21/2025,USPS,Ground Advantage,9405500000000000000511,$8.98,Label
08/21/2025,USPS,Ground Advantage,9405500000000000000550,$6.46,Label
08/22/2025,USPS,Ground Advantage,9405500000000000000573,$5.82,Label
08/22/2025,USPS,Priority Mail,9405500000000000000578,$5.36,Label
08/22/2025,USPS,Ground Advantage,9405500000000000000543,$6.35,Label
08/22/2025,USPS,Priority Mail,9405500000000000000565,$7.58,Label
08/22/2025,USPS,Ground Advantage,9405500000000000000537,$7.63,Label
08/22/2025,USPS,Ground Advantage,9405500000000000000547,$6.16,Label
08/22/2025,USPS,Ground Advantage,9405500000000000000577,$3.57,Label
08/22/2025,USPS,Ground Advantage,9405500000000000000531,$8.44,Label
08/22/2025,USPS,Ground Advantage,9405500000000000000580,$6.43,Label
08/22/2025,USPS,Priority Mail,9405500000000000000575,$8.69,Label
08/22/2025,USPS,Ground Advantage,9405500000000000000554,$6.66,Label
08/22/2025,USPS,Ground Advantage,9405500000000000000553,$13.70,Label
08/22/2025,USPS,Priority Mail,9405500000000000000562,$8.28,Label
08/22/2025,USPS,Ground Advantage,9405500000000000000566,$5.60,Label
08/22/2025,USPS,Ground Advantage,9405500000000000000567,$6.37,Label
08/22/2025,USPS,Ground Advantage,9405500000000000000569,$5.76,Label
08/22/2025,USPS,Ground Advantage,9405500000000000000572,$5.83,Label
08/22/2025,USPS,Ground Advantage,9405500000000000000568,$4.63,Label
08/22/2025,USPS,Ground Advantage,9405500000000000000582,$4.54,Label
08/22/2025,USPS,Ground Advantage,9405500000000000000561,$7.77,Label
08/22/2025,USPS,Ground Advantage,9405500000000000000576,$4.13,Label
08/22/2025,USPS,Ground Advantage,9405500000000000000571,$6.87,Label
08/22/2025,USPS,Priority Mail,9405500000000000000564,$9.08,Label
08/22/2025,USPS,Ground Advantage,9405500000000000000518,$5.92,Label
08/22/2025,USPS,Ground Advantage,9405500000000000000581,$4.92,Label
08/22/2025,USPS,Ground Advantage,9405500000000000000556,$7.28,Label
08/22/2025,USPS,Ground Advantage,9405500000000000000548,$3.66,Label
08/22/2025,USPS,Ground Advantage,9405500000000000000559,$9.88,Label
08/23/2025,USPS,Ground Advantage,9405500000000000000542,$4.90,Label
08/23/2025,USPS,Ground Advantage,9405500000000000000558,$9.68,Label
08/23/2025,USPS,Priority Mail,9405500000000000000560,$13.40,Label
08/23/2025,USPS,Ground Advantage,9405500000000000000599,$5.75,Label
08/23/2025,USPS,Priority Mail,9405500000000000000584,$8.55,Label
08/23/2025,USPS,Priority Mail,9405500000000000000597,$5.37,Label
08/23/2025,USPS,Ground Advantage,9405500000000000000588,$10.60,Label
08/23/2025,USPS,Ground Advantage,9405500000000000000602,$8.73,Label
08/23/2025,USPS,Ground Advantage,9405500000000000000606,$4.44,Label
08/23/2025,USPS,Priority Mail,9405500000000000000608,$5.31,Label
08/23/2025,USPS,Ground Advantage,9405500000000000000600,$5.05,Label
08/23/2025,USPS,Ground Advantage,9405500000000000000579,$3.81,Label
08/23/2025,USPS,Ground Advantage,9405500000000000000589,$12.37,Label
08/23/2025,USPS,Ground Advantage,9405500000000000000563,$8.70,Label
08/23/2025,USPS,Priority Mail,9405500000000000000607,$3.21,Label
08/23/2025,USPS,Ground Advantage,9405500000000000000595,$10.98,Label
08/23/2025,USPS,Ground Advantage,9405500000000000000601,$4.70,Label
08/23/2025,USPS,Ground Advantage,9405500000000000000609,$3.77,Label
08/23/2025,USPS,Ground Advantage,9405500000000000000587,$8.51,Label
08/23/2025,USPS,Ground Advantage,9405500000000000000604,$3.92,Label
08/23/2025,USPS,Ground Advantage,9405500000000000000585,$8.37,Label
08/23/2025,USPS,Ground Advantage,9405500000000000000574,$5.91,Label
08/23/2025,USPS,Ground Advantage,9405500000000000000603,$3.67,Label
08/23/2025,USPS,Ground Advantage,9405500000000000000555,$10.54,Label
08/23/2025,USPS,Ground Advantage,9405500000000000000592,$10.86,Label
08/23/2025,USPS,Ground Advantage,9405500000000000000557,$12.63,Label
08/23/2025,USPS,Priority Mail,9405500000000000000551,$11.81,Label
08/23/2025,USPS,Priority Mail,9405500000000000000552,$14.11,Label
08/23/2025,USPS,Ground Advantage,9405500000000000000590,$5.60,Label
08/23/2025,USPS,Ground Advantage,9405500000000000000571,$6.87,Refund
08/24/2025,USPS,Priority Mail,9405500000000000000633,$10.33,Label
08/24/2025,USPS,Priority Mail,9405500000000000004808,$5.16,Label
08/24/2025,USPS,Priority Mail,9405500000000000000610,$11.77,Label
08/24/2025,,Postage Refill,,$500.00,Refill
08/24/2025,USPS,Priority Mail,9405500000000000000613,$10.35,Label
08/24/2025,USPS,Ground Advantage,9405500000000000000627,$4.46,Label
08/24/2025,USPS,Priority Mail,9405500000000000000632,$3.30,Label
08/24/2025,USPS,Ground Advantage,9405500000000000000596,$4.70,Label
08/24/2025,USPS,Ground Advantage,9405500000000000000605,$8.74,Label
08/24/2025,USPS,Ground Advantage,9405500000000000000583,$13.89,Label
08/24/2025,USPS,Ground Advantage,9405500000000000000637,$3.99,Label
08/24/2025,USPS,Ground Advantage,9405500000000000004809,$3.45,Label
08/24/2025,USPS,Priority Mail,9405500000000000000617,$7.53,Label
08/24/2025,USPS,Priority Mail,9405500000000000000614,$10.51,Label
08/24/2025,USPS,Ground Advantage,9405500000000000000624,$5.05,Label
08/24/2025,USPS,Ground Advantage,9405500000000000000631,$4.72,Label
08/24/2025,USPS,Ground Advantage,9405500000000000000594,$8.67,Label
08/24/2025,USPS,Ground Advantage,9405500000000000000611,$10.11,Label
08/24/2025,USPS,Priority Mail,9405500000000000000635,$5.24,Label
08/24/2025,USPS,Priority Mail,9405500000000000000625,$3.66,Label
08/24/2025,USPS,Priority Mail,9405500000000000000591,$11.00,Label
08/24/2025,USPS,Priority Mail,9405500000000000000638,$3.54,Label
08/24/2025,USPS,Priority Mail,9405500000000000000626,$6.63,Label
08/24/2025,USPS,Ground Advantage,9405500000000000000628,$7.88,Label
08/24/2025,USPS,Ground Advantage,9405500000000000000612,$9.52,Label
08/24/2025,USPS,Priority Mail,9405500000000000000598,$3.28,Label
08/24/2025,USPS,Priority Mail,9405500000000000000586,$7.15,Label
08/24/2025,USPS,Ground Advantage,9405500000000000000616,$9.68,Label
08/24/2025,USPS,Priority Mail,9405500000000000000618,$8.16,Label
08/24/2025,USPS,Ground Advantage,9405500000000000000570,$6.05,Label
08/24/2025,USPS,Ground Advantage,9405500000000000000621,$19.23,Label
08/24/2025,USPS,Ground Advantage,9405500000000000000593,$8.52,Label
08/24/2025,USPS,Ground Advantage,9405500000000000000542,$4.90,Refund
08/25/2025,USPS,Priority Mail,9405500000000000000643,$9.10,Label
08/25/2025,USPS,Ground Advantage,9405500000000000000660,$5.24,Label
08/25/2025,USPS,Ground Advantage,9405500000000000000640,$8.49,Label
08/25/2025,USPS,Ground Advantage,9405500000000000000655,$9.22,Label
08/25/2025,USPS,Ground Advantage,9405500000000000000622,$4.70,Label
08/25/2025,USPS,Ground Advantage,9405500000000000000634,$6.02,Label
08/25/2025,USPS,Ground Advantage,9405500000000000000659,$6.27,Label
08/25/2025,USPS,Ground Advantage,9405500000000000000652,$8.49,Label
08/25/2025,USPS,Ground Advantage,9405500000000000000657,$5.98,Label
08/25/2025,USPS,Priority Mail,9405500000000000000623,$9.83,Label
08/25/2025,USPS,Ground Advantage,9405500000000000000654,$3.29,Label
08/25/2025,USPS,Ground Advantage,9405500000000000000649,$6.75,Label
08/25/2025,USPS,Ground Advantage,9405500000000000000620,$5.77,Label
08/25/2025,USPS,Ground Advantage,9405500000000000000639,$3.89,Label
08/25/2025,USPS,Priority Mail,9405500000000000000615,$9.59,Label
08/25/2025,USPS,Ground Advantage,9405500000000000000645,$7.90,Label
08/25/2025,USPS,Ground Advantage,9405500000000000000656,$6.35,Label
08/25/2025,USPS,Ground Advantage,9405500000000000000646,$7.47,Label
08/25/2025,USPS,Ground Advantage,9405500000000000000647,$6.48,Label
08/25/2025,USPS,Ground Advantage,9405500000000000000619,$9.04,Label
08/25/2025,USPS,Priority Mail,9405500000000000000642,$9.13,Label
08/25/2025,USPS,Priority Mail,9405500000000000000629,$8.79,Label
08/25/2025,USPS,Ground Advantage,9405500000000000000636,$5.15,Label
08/25/2025,USPS,Ground Advantage,9405500000000000004809,$3.45,Refund
08/26/2025,USPS,Priority Mail,9405500000000000000679,$6.77,Label
08/26/2025,USPS,Priority Mail,9405500000000000000674,$7.18,Label
08/26/2025,USPS,Ground Advantage,9405500000000000000682,$19.52,Label
08/26/2025,USPS,Ground Advantage,9405500000000000000675,$5.96,Label
08/26/2025,USPS,Ground Advantage,9405500000000000000676,$7.37,Label
08/26/2025,USPS,Ground Advantage,9405500000000000000650,$10.91,Label
08/26/2025,USPS,Priority Mail,9405500000000000000641,$12.16,Label
08/26/2025,USPS,Ground Advantage,9405500000000000000673,$13.39,Label
08/26/2025,USPS,Priority Mail,9405500000000000000668,$11.23,Label
08/26/2025,USPS,Ground Advantage,9405500000000000000644,$11.82,Label
08/26/2025,USPS,Ground Advantage,9405500000000000000663,$8.95,Label
08/26/2025,USPS,Ground Advantage,9405500000000000000653,$6.39,Label
08/26/2025,USPS,Ground Advantage,9405500000000000000684,$3.99,Label
08/26/2025,USPS,Ground Advantage,9405500000000000000683,$10.76,Label
08/26/2025,,Postage Refill,,$500.00,Refill
08/26/2025,USPS,Ground Advantage,9405500000000000000688,$6.23,Label
08/26/2025,USPS,Priority Mail,9405500000000000000672,$9.38,Label
08/26/2025,USPS,Ground Advantage,9405500000000000000686,$6.15,Label
08/26/2025,USPS,Priority Mail,9405500000000000000648,$9.14,Label
08/26/2025,USPS,Ground Advantage,9405500000000000000666,$11.16,Label
08/26/2025,USPS,Ground Advantage,9405500000000000000681,$5.31,Label
08/26/2025,USPS,Priority Mail,9405500000000000004810,$4.60,Label
08/26/2025,USPS,Ground Advantage,9405500000000000000662,$8.54,Label
08/26/2025,USPS,Ground Advantage,9405500000000000000658,$3.33,Label
08/26/2025,USPS,Ground Advantage,9405500000000000000651,$5.88,Label
08/26/2025,USPS,Ground Advantage,9405500000000000000669,$10.04,Label
08/26/2025,USPS,Ground Advantage,9405500000000000000630,$4.36,Label
08/26/2025,USPS,Ground Advantage,9405500000000000000661,$9.16,Label
08/27/2025,USPS,Priority Mail,9405500000000000000707,$5.42,Label
08/27/2025,USPS,Priority Mail,9405500000000000000670,$10.24,Label
08/27/2025,USPS,Priority Mail,9405500000000000000693,$10.75,Label
08/27/2025,USPS,Priority Mail,9405500000000000000716,$6.01,Label
08/27/2025,USPS,Priority Mail,9405500000000000000697,$7.63,Label
08/27/2025,USPS,Ground Advantage,9405500000000000000711,$11.12,Label
08/27/2025,USPS,Priority Mail,9405500000000000000713,$3.54,Label
08/27/2025,USPS,Priority Mail,9405500000000000000687,$5.08,Label
08/27/2025,USPS,Ground Advantage,9405500000000000000685,$3.82,Label
08/27/2025,USPS,Ground Advantage,9405500000000000000694,$8.58,Label
08/27/2025,USPS,Ground Advantage,9405500000000000000698,$14.35,Label
08/27/2025,USPS,Priority Mail,9405500000000000000717,$5.75,Label
08/27/2025,USPS,Ground Advantage,9405500000000000000678,$6.05,Label
08/27/2025,USPS,Ground Advantage,9405500000000000000705,$7.19,Label
08/27/2025,USPS,Ground Advantage,9405500000000000000695,$12.02,Label
08/27/2025,USPS,Ground Advantage,9405500000000000000667,$10.89,Label
08/27/2025,USPS,Ground Advantage,9405500000000000000715,$5.80,Label
08/27/2025,USPS,Ground Advantage,9405500000000000000677,$8.61,Label
08/27/2025,USPS,Priority Mail,9405500000000000000690,$12.58,Label
08/27/2025,USPS,Ground Advantage,9405500000000000000671,$6.08,Label
08/27/2025,USPS,Priority Mail,9405500000000000000701,$9.58,Label
08/27/2025,USPS,Ground Advantage,9405500000000000000691,$9.61,Label
08/27/2025,USPS,Ground Advantage,9405500000000000000696,$7.24,Label
08/27/2025,USPS,Priority Mail,9405500000000000000704,$13.48,Label
08/27/2025,USPS,Ground Advantage,9405500000000000000664,$9.13,Label
08/27/2025,USPS,Ground Advantage,9405500000000000000665,$16.25,Label
08/27/2025,USPS,Ground Advantage,9405500000000000000712,$4.02,Label
08/27/2025,USPS,Priority Mail,9405500000000000000720,$5.89,Label
08/27/2025,USPS,Ground Advantage,9405500000000000004811,$4.75,Label
08/28/2025,USPS,Ground Advantage,9405500000000000000734,$7.83,Label
08/28/2025,USPS,Ground Advantage,9405500000000000000727,$6.29,Label
08/28/2025,USPS,Ground Advantage,9405500000000000000751,$3.36,Label
08/28/2025,USPS,Priority Mail,9405500000000000000700,$9.14,Label
08/28/2025,USPS,Ground Advantage,9405500000000000000724,$12.23,Label
08/28/2025,USPS,Ground Advantage,9405500000000000000699,$12.11,Label
08/28/2025,USPS,Ground Advantage,9405500000000000000746,$5.94,Label
08/28/2025,USPS,Ground Advantage,9405500000000000000737,$6.36,Label
08/28/2025,USPS,Ground Advantage,9405500000000000000708,$3.63,Label
08/28/2025,USPS,Ground Advantage,9405500000000000000719,$5.16,Label
08/28/2025,USPS,Ground Advantage,9405500000000000000739,$9.45,Label
08/28/2025,USPS,Priority Mail,9405500000000000000747,$6.17,Label
08/28/2025,USPS,Ground Advantage,9405500000000000000752,$6.48,Label
08/28/2025,USPS,Priority Mail,9405500000000000000744,$5.73,Label
08/28/2025,USPS,Ground Advantage,9405500000000000000689,$11.07,Label
08/28/2025,USPS,Ground Advantage,9405500000000000000729,$13.05,Label
08/28/2025,USPS,Priority Mail,9405500000000000000745,$4.90,Label
08/28/2025,USPS,Ground Advantage,9405500000000000000703,$7.24,Label
08/28/2025,USPS,Ground Advantage,9405500000000000000706,$8.98,Label
08/28/2025,USPS,Ground Advantage,9405500000000000000723,$9.14,Label
08/28/2025,USPS,Priority Mail,9405500000000000000750,$3.36,Label
08/28/2025,USPS,Priority Mail,9405500000000000000742,$3.93,Label
08/28/2025,USPS,Ground Advantage,9405500000000000000731,$10.61,Label
08/28/2025,,Postage Refill,,$500.00,Refill
08/28/2025,USPS,Ground Advantage,9405500000000000000725,$6.58,Label
08/28/2025,USPS,Ground Advantage,9405500000000000000709,$4.63,Label
08/28/2025,USPS,Ground Advantage,9405500000000000000702,$11.20,Label
08/28/2025,USPS,Ground Advantage,9405500000000000000714,$6.62,Label
08/28/2025,USPS,Ground Advantage,9405500000000000000710,$6.21,Label
08/28/2025,USPS,Ground Advantage,9405500000000000000743,$4.90,Label
08/28/2025,USPS,Ground Advantage,9405500000000000000680,$9.63,Label
08/28/2025,USPS,Ground Advantage,9405500000000000000735,$15.15,Label
08/28/2025,USPS,Ground Advantage,9405500000000000000730,$14.14,Label
08/28/2025,USPS,Ground Advantage,9405500000000000000692,$7.69,Label
08/29/2025,USPS,Ground Advantage,9405500000000000000758,$7.51,Label
08/29/2025,USPS,Priority Mail,9405500000000000000762,$9.40,Label
08/29/2025,USPS,Priority Mail,9405500000000000000736,$6.47,Label
08/29/2025,USPS,Ground Advantage,9405500000000000000754,$10.02,Label
08/29/2025,USPS,Ground Advantage,9405500000000000000768,$3.97,Label
08/29/2025,USPS,Ground Advantage,9405500000000000004812,$5.00,Label
08/29/2025,USPS,Ground Advantage,9405500000000000000718,$5.62,Label
08/29/2025,USPS,Priority Mail,9405500000000000000777,$6.41,Label
08/29/2025,USPS,Ground Advantage,9405500000000000000749,$4.60,Label
08/29/2025,USPS,Ground Advantage,9405500000000000000756,$10.16,Label
08/29/2025,USPS,Ground Advantage,9405500000000000000738,$6.60,Label
08/29/2025,USPS,Ground Advantage,9405500000000000000760,$12.21,Label
08/29/2025,USPS,Ground Advantage,9405500000000000000753,$5.04,Label
08/29/2025,USPS,Priority Mail,9405500000000000000778,$6.92,Label
08/29/2025,USPS,Ground Advantage,9405500000000000000732,$8.96,Label
08/29/2025,USPS,Ground Advantage,9405500000000000000759,$15.73,Label
08/29/2025,USPS,Priority Mail,9405500000000000000721,$7.01,Label
08/29/2025,USPS,Ground Advantage,9405500000000000000769,$9.15,Label
08/29/2025,USPS,Ground Advantage,9405500000000000000761,$10.06,Label
08/29/2025,USPS,Ground Advantage,9405500000000000000771,$4.82,Label
08/29/2025,USPS,Priority Mail,9405500000000000000726,$12.32,Label
08/29/2025,USPS,Ground Advantage,9405500000000000000722,$12.63,Label
08/29/2025,USPS,Ground Advantage,9405500000000000000748,$7.30,Label
08/29/2025,USPS,Ground Advantage,9405500000000000004813,$4.53,Label
08/29/2025,USPS,Priority Mail,9405500000000000000763,$24.27,Label
08/29/2025,USPS,Ground Advantage,9405500000000000000776,$7.52,Label
08/29/2025,USPS,Ground Advantage,9405500000000000000780,$6.47,Label
08/29/2025,USPS,Ground Advantage,9405500000000000000728,$12.30,Label
08/29/2025,USPS,Ground Advantage,9405500000000000000764,$13.10,Label
08/29/2025,USPS,Priority Mail,9405500000000000000773,$8.49,Label
08/29/2025,USPS,Priority Mail,9405500000000000000782,$4.48,Label
08/29/2025,USPS,Priority Mail,9405500000000000000770,$5.24,Label
08/29/2025,USPS,Ground Advantage,9405500000000000000741,$4.46,Label
08/29/2025,USPS,Priority Mail,9405500000000000000779,$4.64,Label
08/29/2025,USPS,Priority Mail,9405500000000000000733,$8.90,Label
08/29/2025,USPS,Priority Mail,9405500000000000000745,$4.90,Refund
08/30/2025,USPS,Priority Mail,9405500000000000000755,$11.79,Label
08/30/2025,USPS,Ground Advantage,9405500000000000000795,$8.90,Label
08/30/2025,USPS,Ground Advantage,9405500000000000000772,$5.78,Label
08/30/2025,USPS,Priority Mail,9405500000000000000800,$6.41,Label
08/30/2025,USPS,Ground Advantage,9405500000000000000791,$9.56,Label
08/30/2025,USPS,Ground Advantage,9405500000000000000757,$8.56,Label
08/30/2025,USPS,Priority Mail,9405500000000000000796,$3.83,Label
08/30/2025,USPS,Ground Advantage,9405500000000000000790,$6.95,Label
08/30/2025,USPS,Ground Advantage,9405500000000000000781,$3.82,Label
08/30/2025,USPS,Priority Mail,9405500000000000000804,$3.77,Label
08/30/2025,USPS,Ground Advantage,9405500000000000000792,$7.28,Label
08/30/2025,USPS,Priority Mail,9405500000000000000805,$6.23,Label
08/30/2025,USPS,Priority Mail,9405500000000000004814,$4.14,Label
08/30/2025,USPS,Priority Mail,9405500000000000000806,$5.54,Label
08/30/2025,USPS,Priority Mail,9405500000000000000766,$8.61,Label
08/30/2025,USPS,Priority Mail,9405500000000000000801,$9.86,Label
08/30/2025,USPS,Ground Advantage,9405500000000000000789,$8.80,Label
08/30/2025,,Postage Refill,,$500.00,Refill
08/30/2025,USPS,Priority Mail,9405500000000000000803,$5.82,Label
08/30/2025,USPS,Priority Mail,9405500000000000000786,$9.28,Label
08/30/2025,USPS,Ground Advantage,9405500000000000000797,$8.70,Label
08/30/2025,USPS,Ground Advantage,9405500000000000000775,$3.76,Label
08/30/2025,USPS,Priority Mail,9405500000000000000740,$11.96,Label
08/30/2025,USPS,Ground Advantage,9405500000000000000765,$15.15,Label
08/30/2025,USPS,Ground Advantage,9405500000000000000787,$12.37,Label
08/30/2025,USPS,Ground Advantage,9405500000000000000802,$4.44,Label
08/30/2025,USPS,Ground Advantage,9405500000000000004815,$3.73,Label
08/30/2025,USPS,Ground Advantage,9405500000000000000774,$4.49,Label
08/31/2025,USPS,Ground Advantage,9405500000000000000798,$8.82,Label
08/31/2025,USPS,Ground Advantage,9405500000000000000841,$6.20,Label
08/31/2025,USPS,Ground Advantage,9405500000000000000784,$14.28,Label
08/31/2025,USPS,Ground Advantage,9405500000000000000832,$4.74,Label
08/31/2025,USPS,Ground Advantage,9405500000000000000829,$10.15,Label
08/31/2025,USPS,Priority Mail,9405500000000000000843,$5.62,Label
08/31/2025,USPS,Ground Advantage,9405500000000000000833,$6.52,Label
08/31/2025,USPS,Ground Advantage,9405500000000000000831,$6.30,Label
08/31/2025,USPS,Priority Mail,9405500000000000000799,$6.74,Label
08/31/2025,USPS,Ground Advantage,9405500000000000000825,$9.31,Label
08/31/2025,USPS,Priority Mail,9405500000000000000785,$12.85,Label
08/31/2025,USPS,Priority Mail,9405500000000000000767,$7.46,Label
08/31/2025,USPS,Ground Advantage,9405500000000000000821,$11.03,Label
08/31/2025,USPS,Ground Advantage,9405500000000000000828,$5.24,Label
08/31/2025,USPS,Ground Advantage,9405500000000000000838,$3.42,Label
08/31/2025,USPS,Priority Mail,9405500000000000000826,$7.17,Label
08/31/2025,USPS,Priority Mail,9405500000000000000818,$8.57,Label
08/31/2025,USPS,Priority Mail,9405500000000000000816,$15.37,Label
08/31/2025,USPS,Ground Advantage,9405500000000000000842,$5.26,Label
08/31/2025,USPS,Priority Mail,9405500000000000000808,$8.57,Label
08/31/2025,USPS,Ground Advantage,9405500000000000000827,$4.17,Label
08/31/2025,USPS,Ground Advantage,9405500000000000000836,$10.27,Label
08/31/2025,USPS,Priority Mail,9405500000000000000810,$6.11,Label
08/31/2025,USPS,Ground Advantage,9405500000000000000817,$9.13,Label
08/31/2025,USPS,Priority Mail,9405500000000000000835,$5.77,Label
08/31/2025,USPS,Ground Advantage,9405500000000000000794,$9.47,Label
08/31/2025,USPS,Ground Advantage,9405500000000000000815,$9.71,Label
08/31/2025,USPS,Priority Mail,9405500000000000000807,$4.80,Label
08/31/2025,USPS,Ground Advantage,9405500000000000000793,$12.41,Label
08/31/2025,USPS,Ground Advantage,9405500000000000000823,$6.03,Label
08/31/2025,USPS,Priority Mail,9405500000000000000839,$6.17,Label
08/31/2025,USPS,Ground Advantage,9405500000000000000840,$3.90,Label
08/31/2025,USPS,Ground Advantage,9405500000000000000830,$5.34,Label
08/31/2025,USPS,Priority Mail,9405500000000000000813,$10.26,Label
08/31/2025,USPS,Ground Advantage,9405500000000000000783,$8.63,Label
08/31/2025,USPS,Ground Advantage,9405500000000000000822,$10.77,Label
