created_at,id,tracking_code,status,from_address_id,from_name,from_company,from_street1,from_street2,from_city,from_state,from_zip,from_country,from_residential,to_address_id,to_name,to_company,to_street1,to_street2,to_city,to_state,to_zip,to_country,to_residential,parcel_id,length,width,height,weight,predefined_package,postage_label_created_at,rate_id,service,carrier,rate,insured_value,is_return,refund_status,reference,label_fee,postage_fee,insurance_fee,options,batch_id
2026-09-19T13:15:00Z,shp_00008622,9400100000000000008622,in_transit,adr_from0001,Goodwill E-Com (test),Goodwill Michiana (test),100 Test Warehouse Rd,,South Bend,IN,46601,US,false,adr_to000000,Test Buyer,,1 Example Ave,,Testville,IN,46601,US,true,prcl_000000,10,8,4,48.0,,2026-09-19T13:15:01Z,rate_000000,GroundAdvantage,USPS,14.87,,false,,SGW-7720678,0.00,14.87,0.00,"[{""label_format"":""PDF""},{""print_custom_1"":""ecom""}]",
2026-09-19T13:16:31Z,shp_00008652,9400100000000000008652,delivered,adr_from0001,Goodwill E-Com (test),Goodwill Michiana (test),100 Test Warehouse Rd,,South Bend,IN,46601,US,false,adr_to000001,Test Buyer,,2 Example Ave,,Sampleton,OH,43004,US,true,prcl_000001,10,8,4,16.0,,2026-09-19T13:16:32Z,rate_000001,Priority,USPS,3.52,,false,,113-0120728-1508743,0.00,3.52,0.00,"[{""label_format"":""PDF""},{""print_custom_1"":""ecom""}]",
2026-09-19T13:22:38Z,shp_00008616,9400100000000000008616,delivered,adr_from0001,Goodwill E-Com (test),Goodwill Michiana (test),100 Test Warehouse Rd,,South Bend,IN,46601,US,false,adr_to000002,Test Buyer,,3 Example Ave,,Mocksburg,MI,49001,US,true,prcl_000002,10,8,4,24.0,,2026-09-19T13:22:39Z,rate_000002,Priority,USPS,6.15,,false,,SGW-7720666,0.00,6.15,0.00,"[{""label_format"":""PDF""},{""print_custom_1"":""ecom""}]",
2026-09-19T13:32:32Z,shp_00008572,9400100000000000008572,delivered,adr_from0001,Goodwill E-Com (test),Goodwill Michiana (test),100 Test Warehouse Rd,,South Bend,IN,46601,US,false,adr_to000003,Test Buyer,,4 Example Ave,,Fakeport,IL,60601,US,true,prcl_000003,10,8,4,25.6,,2026-09-19T13:32:33Z,rate_000003,Priority,USPS,3.48,,false,,112-7420555-8244182,0.00,3.48,0.00,"[{""label_format"":""PDF""},{""print_custom_1"":""ecom""}]",
2026-09-19T13:48:07Z,shp_00008645,9400100000000000008645,delivered,adr_from0001,Goodwill E-Com (test),Goodwill Michiana (test),100 Test Warehouse Rd,,South Bend,IN,46601,US,false,adr_to000004,Test Buyer,,5 Example Ave,,Testville,IN,46601,US,true,prcl_000004,10,8,4,8.0,,2026-09-19T13:48:08Z,rate_000004,GroundAdvantage,USPS,3.37,,false,,111-8020721-4330921,0.00,3.37,0.00,"[{""label_format"":""PDF""},{""print_custom_1"":""ecom""}]",
2026-09-19T14:00:26Z,shp_00008621,9400100000000000008621,delivered,adr_from0001,Goodwill E-Com (test),Goodwill Michiana (test),100 Test Warehouse Rd,,South Bend,IN,46601,US,false,adr_to000005,Test Buyer,,6 Example Ave,,Sampleton,OH,43004,US,true,prcl_000005,10,8,4,80.0,,2026-09-19T14:00:27Z,rate_000005,GroundAdvantage,USPS,11.48,,false,,SGW-7720676,0.00,11.48,0.00,"[{""label_format"":""PDF""},{""print_custom_1"":""ecom""}]",
2026-09-19T14:06:16Z,shp_00008640,9400100000000000008640,delivered,adr_from0001,Goodwill E-Com (test),Goodwill Michiana (test),100 Test Warehouse Rd,,South Bend,IN,46601,US,false,adr_to000006,Test Buyer,,7 Example Ave,,Mocksburg,MI,49001,US,true,prcl_000006,10,8,4,30.4,,2026-09-19T14:06:17Z,rate_000006,GroundAdvantage,USPS,3.79,,false,,112-7320708-4524341,0.00,3.79,0.00,"[{""label_format"":""PDF""},{""print_custom_1"":""ecom""}]",
2026-09-19T14:09:15Z,shp_00008603,9400100000000000008603,delivered,adr_from0001,Goodwill E-Com (test),Goodwill Michiana (test),100 Test Warehouse Rd,,South Bend,IN,46601,US,false,adr_to000007,Test Buyer,,8 Example Ave,,Fakeport,IL,60601,US,true,prcl_000007,10,8,4,64.0,,2026-09-19T14:09:16Z,rate_000007,Priority,USPS,8.86,,false,,SGW-7720638,0.00,8.86,0.00,"[{""label_format"":""PDF""},{""print_custom_1"":""ecom""}]",
2026-09-19T14:13:36Z,shp_00008610,9400100000000000008610,delivered,adr_from0001,Goodwill E-Com (test),Goodwill Michiana (test),100 Test Warehouse Rd,,South Bend,IN,46601,US,false,adr_to000008,Test Buyer,,9 Example Ave,,Testville,IN,46601,US,true,prcl_000008,10,8,4,16.0,,2026-09-19T14:13:37Z,rate_000008,GroundAdvantage,USPS,12.68,,false,,SGW-7720655,0.00,12.68,0.00,"[{""label_format"":""PDF""},{""print_custom_1"":""ecom""}]",
2026-09-19T14:34:21Z,shp_00008599,9400100000000000008599,in_transit,adr_from0001,Goodwill E-Com (test),Goodwill Michiana (test),100 Test Warehouse Rd,,South Bend,IN,46601,US,false,adr_to000009,Test Buyer,,10 Example Ave,,Sampleton,OH,43004,US,true,prcl_000009,10,8,4,28.8,,2026-09-19T14:34:22Z,rate_000009,GroundAdvantage,USPS,6.83,,false,,SGW-7720631,0.00,6.83,0.00,"[{""label_format"":""PDF""},{""print_custom_1"":""ecom""}]",
2026-09-19T14:39:09Z,shp_00008623,9400100000000000008623,delivered,adr_from0001,Goodwill E-Com (test),Goodwill Michiana (test),100 Test Warehouse Rd,,South Bend,IN,46601,US,false,adr_to000010,Test Buyer,,11 Example Ave,,Mocksburg,MI,49001,US,true,prcl_000010,10,8,4,40.0,,2026-09-19T14:39:10Z,rate_000010,GroundAdvantage,USPS,10.84,,false,,SGW-7720679,0.00,10.84,0.00,"[{""label_format"":""PDF""},{""print_custom_1"":""ecom""}]",
2026-09-19T14:43:40Z,shp_00008602,9400100000000000008602,delivered,adr_from0001,Goodwill E-Com (test),Goodwill Michiana (test),100 Test Warehouse Rd,,South Bend,IN,46601,US,false,adr_to000011,Test Buyer,,12 Example Ave,,Fakeport,IL,60601,US,true,prcl_000011,10,8,4,16.0,,2026-09-19T14:43:41Z,rate_000011,GroundAdvantage,USPS,6.51,,false,,SGW-7720637,0.00,6.51,0.00,"[{""label_format"":""PDF""},{""print_custom_1"":""ecom""}]",
2026-09-19T14:52:07Z,shp_00008626,9400100000000000008626,delivered,adr_from0001,Goodwill E-Com (test),Goodwill Michiana (test),100 Test Warehouse Rd,,South Bend,IN,46601,US,false,adr_to000012,Test Buyer,,13 Example Ave,,Testville,IN,46601,US,true,prcl_000012,10,8,4,28.8,,2026-09-19T14:52:08Z,rate_000012,Priority,USPS,3.80,,false,,111-4920691-9169976,0.00,3.80,0.00,"[{""label_format"":""PDF""},{""print_custom_1"":""ecom""}]",
2026-09-19T15:01:48Z,shp_00008611,9400100000000000008611,delivered,adr_from0001,Goodwill E-Com (test),Goodwill Michiana (test),100 Test Warehouse Rd,,South Bend,IN,46601,US,false,adr_to000013,Test Buyer,,14 Example Ave,,Sampleton,OH,43004,US,true,prcl_000013,10,8,4,19.2,,2026-09-19T15:01:49Z,rate_000013,GroundAdvantage,USPS,10.96,,false,,SGW-7720656,0.00,10.96,0.00,"[{""label_format"":""PDF""},{""print_custom_1"":""ecom""}]",
2026-09-19T15:18:02Z,shp_00008656,9400100000000000008656,delivered,adr_from0001,Goodwill E-Com (test),Goodwill Michiana (test),100 Test Warehouse Rd,,South Bend,IN,46601,US,false,adr_to000014,Test Buyer,,15 Example Ave,,Mocksburg,MI,49001,US,true,prcl_000014,10,8,4,28.8,,2026-09-19T15:18:03Z,rate_000014,Priority,USPS,5.70,,false,,21-20748-75281,0.00,5.70,0.00,"[{""label_format"":""PDF""},{""print_custom_1"":""ecom""}]",
2026-09-19T15:24:00Z,shp_00008624,9400100000000000008624,delivered,adr_from0001,Goodwill E-Com (test),Goodwill Michiana (test),100 Test Warehouse Rd,,South Bend,IN,46601,US,false,adr_to000015,Test Buyer,,16 Example Ave,,Fakeport,IL,60601,US,true,prcl_000015,10,8,4,33.6,,2026-09-19T15:24:01Z,rate_000015,GroundAdvantage,USPS,6.67,,false,,SGW-7720680,0.00,6.67,0.00,"[{""label_format"":""PDF""},{""print_custom_1"":""ecom""}]",
2026-09-19T15:49:39Z,shp_00008650,9400100000000000008650,delivered,adr_from0001,Goodwill E-Com (test),Goodwill Michiana (test),100 Test Warehouse Rd,,South Bend,IN,46601,US,false,adr_to000016,Test Buyer,,17 Example Ave,,Testville,IN,46601,US,true,prcl_000016,10,8,4,24.0,,2026-09-19T15:49:40Z,rate_000016,Priority,USPS,3.69,,false,,114-9120726-1043227,0.00,3.69,0.00,"[{""label_format"":""PDF""},{""print_custom_1"":""ecom""}]",
2026-09-19T15:58:14Z,shp_00008649,9400100000000000008649,delivered,adr_from0001,Goodwill E-Com (test),Goodwill Michiana (test),100 Test Warehouse Rd,,South Bend,IN,46601,US,false,adr_to000017,Test Buyer,,18 Example Ave,,Sampleton,OH,43004,US,true,prcl_000017,10,8,4,36.8,,2026-09-19T15:58:15Z,rate_000017,GroundAdvantage,USPS,3.51,,false,,113-7520725-4976048,0.00,3.51,0.00,"[{""label_format"":""PDF""},{""print_custom_1"":""ecom""}]",
2026-09-19T16:08:32Z,shp_00008595,9400100000000000008595,in_transit,adr_from0001,Goodwill E-Com (test),Goodwill Michiana (test),100 Test Warehouse Rd,,South Bend,IN,46601,US,false,adr_to000018,Test Buyer,,19 Example Ave,,Mocksburg,MI,49001,US,true,prcl_000018,10,8,4,33.6,,2026-09-19T16:08:33Z,rate_000018,GroundAdvantage,USPS,6.55,,false,,SGW-7720625,0.00,6.55,0.00,"[{""label_format"":""PDF""},{""print_custom_1"":""ecom""}]",
2026-09-19T16:09:44Z,shp_00008600,9400100000000000008600,delivered,adr_from0001,Goodwill E-Com (test),Goodwill Michiana (test),100 Test Warehouse Rd,,South Bend,IN,46601,US,false,adr_to000019,Test Buyer,,20 Example Ave,,Fakeport,IL,60601,US,true,prcl_000019,10,8,4,17.6,,2026-09-19T16:09:45Z,rate_000019,GroundAdvantage,USPS,8.52,,false,,SGW-7720632,0.00,8.52,0.00,"[{""label_format"":""PDF""},{""print_custom_1"":""ecom""}]",
2026-09-19T16:13:38Z,shp_00008618,9400100000000000008618,delivered,adr_from0001,Goodwill E-Com (test),Goodwill Michiana (test),100 Test Warehouse Rd,,South Bend,IN,46601,US,false,adr_to000020,Test Buyer,,21 Example Ave,,Testville,IN,46601,US,true,prcl_000020,10,8,4,25.6,,2026-09-19T16:13:39Z,rate_000020,Priority,USPS,12.58,,false,,SGW-7720671,0.00,12.58,0.00,"[{""label_format"":""PDF""},{""print_custom_1"":""ecom""}]",
2026-09-19T16:27:21Z,shp_00008594,9400100000000000008594,delivered,adr_from0001,Goodwill E-Com (test),Goodwill Michiana (test),100 Test Warehouse Rd,,South Bend,IN,46601,US,false,adr_to000021,Test Buyer,,22 Example Ave,,Sampleton,OH,43004,US,true,prcl_000021,10,8,4,14.4,,2026-09-19T16:27:22Z,rate_000021,GroundAdvantage,USPS,12.66,,false,,SGW-7720622,0.00,12.66,0.00,"[{""label_format"":""PDF""},{""print_custom_1"":""ecom""}]",
2026-09-19T16:27:59Z,shp_00008608,9400100000000000008608,delivered,adr_from0001,Goodwill E-Com (test),Goodwill Michiana (test),100 Test Warehouse Rd,,South Bend,IN,46601,US,false,adr_to000022,Test Buyer,,23 Example Ave,,Mocksburg,MI,49001,US,true,prcl_000022,10,8,4,64.0,,2026-09-19T16:28:00Z,rate_000022,GroundAdvantage,USPS,9.99,,false,,SGW-7720650,0.00,9.99,0.00,"[{""label_format"":""PDF""},{""print_custom_1"":""ecom""}]",
2026-09-19T16:35:22Z,shp_00008659,9400100000000000008659,delivered,adr_from0001,Goodwill E-Com (test),Goodwill Michiana (test),100 Test Warehouse Rd,,South Bend,IN,46601,US,false,adr_to000023,Test Buyer,,24 Example Ave,,Fakeport,IL,60601,US,true,prcl_000023,10,8,4,14.4,,2026-09-19T16:35:23Z,rate_000023,GroundAdvantage,USPS,4.24,,false,,20-20759-51280,0.00,4.24,0.00,"[{""label_format"":""PDF""},{""print_custom_1"":""ecom""}]",
2026-09-19T16:36:34Z,shp_00008630,9400100000000000008630,delivered,adr_from0001,Goodwill E-Com (test),Goodwill Michiana (test),100 Test Warehouse Rd,,South Bend,IN,46601,US,false,adr_to000024,Test Buyer,,25 Example Ave,,Testville,IN,46601,US,true,prcl_000024,10,8,4,19.2,,2026-09-19T16:36:35Z,rate_000024,GroundAdvantage,USPS,3.62,,false,,112-0920696-7435807,0.00,3.62,0.00,"[{""label_format"":""PDF""},{""print_custom_1"":""ecom""}]",
2026-09-19T16:41:41Z,shp_00008638,9400100000000000008638,delivered,adr_from0001,Goodwill E-Com (test),Goodwill Michiana (test),100 Test Warehouse Rd,,South Bend,IN,46601,US,false,adr_to000025,Test Buyer,,26 Example Ave,,Sampleton,OH,43004,US,true,prcl_000025,10,8,4,25.6,,2026-09-19T16:41:42Z,rate_000025,GroundAdvantage,USPS,5.49,,false,,112-4520706-3594893,0.00,5.49,0.00,"[{""label_format"":""PDF""},{""print_custom_1"":""ecom""}]",
2026-09-19T16:43:06Z,shp_00008651,9400100000000000008651,delivered,adr_from0001,Goodwill E-Com (test),Goodwill Michiana (test),100 Test Warehouse Rd,,South Bend,IN,46601,US,false,adr_to000026,Test Buyer,,27 Example Ave,,Mocksburg,MI,49001,US,true,prcl_000026,10,8,4,16.0,,2026-09-19T16:43:07Z,rate_000026,Priority,USPS,3.87,,false,,113-2620727-6657048,0.00,3.87,0.00,"[{""label_format"":""PDF""},{""print_custom_1"":""ecom""}]",
2026-09-19T16:47:34Z,shp_00008592,9400100000000000008592,in_transit,adr_from0001,Goodwill E-Com (test),Goodwill Michiana (test),100 Test Warehouse Rd,,South Bend,IN,46601,US,false,adr_to000027,Test Buyer,,28 Example Ave,,Fakeport,IL,60601,US,true,prcl_000027,10,8,4,8.0,,2026-09-19T16:47:35Z,rate_000027,Priority,USPS,8.18,,false,,SGW-7720617,0.00,8.18,0.00,"[{""label_format"":""PDF""},{""print_custom_1"":""ecom""}]",
2026-09-19T16:55:05Z,shp_00008614,9400100000000000008614,delivered,adr_from0001,Goodwill E-Com (test),Goodwill Michiana (test),100 Test Warehouse Rd,,South Bend,IN,46601,US,false,adr_to000028,Test Buyer,,29 Example Ave,,Testville,IN,46601,US,true,prcl_000028,10,8,4,17.6,,2026-09-19T16:55:06Z,rate_000028,GroundAdvantage,USPS,10.64,,false,,SGW-7720662,0.00,10.64,0.00,"[{""label_format"":""PDF""},{""print_custom_1"":""ecom""}]",
2026-09-19T17:09:53Z,shp_00008601,9400100000000000008601,delivered,adr_from0001,Goodwill E-Com (test),Goodwill Michiana (test),100 Test Warehouse Rd,,South Bend,IN,46601,US,false,adr_to000029,Test Buyer,,30 Example Ave,,Sampleton,OH,43004,US,true,prcl_000029,10,8,4,9.6,,2026-09-19T17:09:54Z,rate_000029,Priority,USPS,10.52,,false,,SGW-7720635,0.00,10.52,0.00,"[{""label_format"":""PDF""},{""print_custom_1"":""ecom""}]",
2026-09-19T17:12:17Z,shp_00008588,9400100000000000008588,delivered,adr_from0001,Goodwill E-Com (test),Goodwill Michiana (test),100 Test Warehouse Rd,,South Bend,IN,46601,US,false,adr_to000030,Test Buyer,,31 Example Ave,,Mocksburg,MI,49001,US,true,prcl_000030,10,8,4,24.0,,2026-09-19T17:12:18Z,rate_000030,GroundAdvantage,USPS,6.11,,false,,07-20592-09128,0.00,6.11,0.00,"[{""label_format"":""PDF""},{""print_custom_1"":""ecom""}]",
2026-09-19T17:25:22Z,shp_00008644,9400100000000000008644,delivered,adr_from0001,Goodwill E-Com (test),Goodwill Michiana (test),100 Test Warehouse Rd,,South Bend,IN,46601,US,false,adr_to000031,Test Buyer,,32 Example Ave,,Fakeport,IL,60601,US,true,prcl_000031,10,8,4,60.8,,2026-09-19T17:25:23Z,rate_000031,Priority,USPS,5.38,,false,,111-9820720-4113765,0.00,5.38,0.00,"[{""label_format"":""PDF""},{""print_custom_1"":""ecom""}]",
2026-09-19T17:25:26Z,shp_00008593,9400100000000000008593,delivered,adr_from0001,Goodwill E-Com (test),Goodwill Michiana (test),100 Test Warehouse Rd,,South Bend,IN,46601,US,false,adr_to000032,Test Buyer,,33 Example Ave,,Testville,IN,46601,US,true,prcl_000032,10,8,4,17.6,,2026-09-19T17:25:27Z,rate_000032,Priority,USPS,11.85,,false,,SGW-7720618,0.00,11.85,0.00,"[{""label_format"":""PDF""},{""print_custom_1"":""ecom""}]",
2026-09-19T17:37:27Z,shp_00008579,9400100000000000008579,delivered,adr_from0001,Goodwill E-Com (test),Goodwill Michiana (test),100 Test Warehouse Rd,,South Bend,IN,46601,US,false,adr_to000033,Test Buyer,,34 Example Ave,,Sampleton,OH,43004,US,true,prcl_000033,10,8,4,30.4,,2026-09-19T17:37:28Z,rate_000033,GroundAdvantage,USPS,3.83,,false,,113-9820566-9567266,0.00,3.83,0.00,"[{""label_format"":""PDF""},{""print_custom_1"":""ecom""}]",
2026-09-19T17:41:37Z,shp_00008589,9400100000000000008589,delivered,adr_from0001,Goodwill E-Com (test),Goodwill Michiana (test),100 Test Warehouse Rd,,South Bend,IN,46601,US,false,adr_to000034,Test Buyer,,35 Example Ave,,Mocksburg,MI,49001,US,true,prcl_000034,10,8,4,17.6,,2026-09-19T17:41:38Z,rate_000034,GroundAdvantage,USPS,6.84,,false,,m00000020595,0.00,6.84,0.00,"[{""label_format"":""PDF""},{""print_custom_1"":""ecom""}]",
2026-09-19T17:51:22Z,shp_00008641,9400100000000000008641,delivered,adr_from0001,Goodwill E-Com (test),Goodwill Michiana (test),100 Test Warehouse Rd,,South Bend,IN,46601,US,false,adr_to000035,Test Buyer,,36 Example Ave,,Fakeport,IL,60601,US,true,prcl_000035,10,8,4,16.0,,2026-09-19T17:51:23Z,rate_000035,GroundAdvantage,USPS,5.07,,false,,113-1320711-4212631,0.00,5.07,0.00,"[{""label_format"":""PDF""},{""print_custom_1"":""ecom""}]",
2026-09-19T18:00:06Z,shp_00008662,9400100000000000008662,in_transit,adr_from0001,Goodwill E-Com (test),Goodwill Michiana (test),100 Test Warehouse Rd,,South Bend,IN,46601,US,false,adr_to000036,Test Buyer,,37 Example Ave,,Testville,IN,46601,US,true,prcl_000036,10,8,4,16.0,,2026-09-19T18:00:07Z,rate_000036,GroundAdvantage,USPS,6.08,,false,,m00000020768,0.00,6.08,0.00,"[{""label_format"":""PDF""},{""print_custom_1"":""ecom""}]",
2026-09-19T18:06:25Z,shp_00008557,9400100000000000008557,delivered,adr_from0001,Goodwill E-Com (test),Goodwill Michiana (test),100 Test Warehouse Rd,,South Bend,IN,46601,US,false,adr_to000037,Test Buyer,,38 Example Ave,,Sampleton,OH,43004,US,true,prcl_000037,10,8,4,33.6,,2026-09-19T18:06:26Z,rate_000037,GroundAdvantage,USPS,5.04,,false,,113-8620533-4946759,0.00,5.04,0.00,"[{""label_format"":""PDF""},{""print_custom_1"":""ecom""}]",
2026-09-19T18:11:07Z,shp_00008653,9400100000000000008653,delivered,adr_from0001,Goodwill E-Com (test),Goodwill Michiana (test),100 Test Warehouse Rd,,South Bend,IN,46601,US,false,adr_to000038,Test Buyer,,39 Example Ave,,Mocksburg,MI,49001,US,true,prcl_000038,10,8,4,27.2,,2026-09-19T18:11:08Z,rate_000038,Priority,USPS,3.29,,false,,112-3320729-9297920,0.00,3.29,0.00,"[{""label_format"":""PDF""},{""print_custom_1"":""ecom""}]",
2026-09-19T18:14:31Z,shp_00008561,9400100000000000008561,delivered,adr_from0001,Goodwill E-Com (test),Goodwill Michiana (test),100 Test Warehouse Rd,,South Bend,IN,46601,US,false,adr_to000039,Test Buyer,,40 Example Ave,,Fakeport,IL,60601,US,true,prcl_000039,10,8,4,40.0,,2026-09-19T18:14:32Z,rate_000039,GroundAdvantage,USPS,4.93,,false,,113-1520538-5764586,0.00,4.93,0.00,"[{""label_format"":""PDF""},{""print_custom_1"":""ecom""}]",
2026-09-19T18:20:53Z,shp_00008642,9400100000000000008642,delivered,adr_from0001,Goodwill E-Com (test),Goodwill Michiana (test),100 Test Warehouse Rd,,South Bend,IN,46601,US,false,adr_to000040,Test Buyer,,41 Example Ave,,Testville,IN,46601,US,true,prcl_000040,10,8,4,49.6,,2026-09-19T18:20:54Z,rate_000040,GroundAdvantage,USPS,3.90,,false,,113-0220713-9534878,0.00,3.90,0.00,"[{""label_format"":""PDF""},{""print_custom_1"":""ecom""}]",
2026-09-19T18:32:09Z,shp_00008647,9400100000000000008647,delivered,adr_from0001,Goodwill E-Com (test),Goodwill Michiana (test),100 Test Warehouse Rd,,South Bend,IN,46601,US,false,adr_to000041,Test Buyer,,42 Example Ave,,Sampleton,OH,43004,US,true,prcl_000041,10,8,4,22.4,,2026-09-19T18:32:10Z,rate_000041,GroundAdvantage,USPS,3.53,,false,,113-3720723-2951128,0.00,3.53,0.00,"[{""label_format"":""PDF""},{""print_custom_1"":""ecom""}]",
2026-09-19T18:32:34Z,shp_00008625,9400100000000000008625,delivered,adr_from0001,Goodwill E-Com (test),Goodwill Michiana (test),100 Test Warehouse Rd,,South Bend,IN,46601,US,false,adr_to000042,Test Buyer,,43 Example Ave,,Mocksburg,MI,49001,US,true,prcl_000042,10,8,4,17.6,,2026-09-19T18:32:35Z,rate_000042,GroundAdvantage,USPS,8.43,,false,,SGW-7720685,0.00,8.43,0.00,"[{""label_format"":""PDF""},{""print_custom_1"":""ecom""}]",
2026-09-19T18:44:20Z,shp_00008534,9400100000000000008534,delivered,adr_from0001,Goodwill E-Com (test),Goodwill Michiana (test),100 Test Warehouse Rd,,South Bend,IN,46601,US,false,adr_to000043,Test Buyer,,44 Example Ave,,Fakeport,IL,60601,US,true,prcl_000043,10,8,4,33.6,,2026-09-19T18:44:21Z,rate_000043,Priority,USPS,3.84,,false,,111-1420437-1196406,0.00,3.84,0.00,"[{""label_format"":""PDF""},{""print_custom_1"":""ecom""}]",
2026-09-19T18:50:10Z,shp_00008581,9400100000000000008581,delivered,adr_from0001,Goodwill E-Com (test),Goodwill Michiana (test),100 Test Warehouse Rd,,South Bend,IN,46601,US,false,adr_to000044,Test Buyer,,45 Example Ave,,Testville,IN,46601,US,true,prcl_000044,10,8,4,12.8,,2026-09-19T18:50:11Z,rate_000044,Priority,USPS,9.78,,false,,14-20570-33776,0.00,9.78,0.00,"[{""label_format"":""PDF""},{""print_custom_1"":""ecom""}]",
2026-09-19T18:55:22Z,shp_00008627,9400100000000000008627,in_transit,adr_from0001,Goodwill E-Com (test),Goodwill Michiana (test),100 Test Warehouse Rd,,South Bend,IN,46601,US,false,adr_to000045,Test Buyer,,46 Example Ave,,Sampleton,OH,43004,US,true,prcl_000045,10,8,4,19.2,,2026-09-19T18:55:23Z,rate_000045,GroundAdvantage,USPS,3.38,,false,,114-2120692-2096686,0.00,3.38,0.00,"[{""label_format"":""PDF""},{""print_custom_1"":""ecom""}]",
2026-09-19T18:55:43Z,shp_00008633,9400100000000000008633,delivered,adr_from0001,Goodwill E-Com (test),Goodwill Michiana (test),100 Test Warehouse Rd,,South Bend,IN,46601,US,false,adr_to000046,Test Buyer,,47 Example Ave,,Mocksburg,MI,49001,US,true,prcl_000046,10,8,4,68.8,,2026-09-19T18:55:44Z,rate_000046,GroundAdvantage,USPS,3.69,,false,,112-6320700-0408090,0.00,3.69,0.00,"[{""label_format"":""PDF""},{""print_custom_1"":""ecom""}]",
2026-09-19T19:10:12Z,shp_00008559,9400100000000000008559,delivered,adr_from0001,Goodwill E-Com (test),Goodwill Michiana (test),100 Test Warehouse Rd,,South Bend,IN,46601,US,false,adr_to000047,Test Buyer,,48 Example Ave,,Fakeport,IL,60601,US,true,prcl_000047,10,8,4,24.0,,2026-09-19T19:10:13Z,rate_000047,GroundAdvantage,USPS,3.28,,false,,112-1520536-4831301,0.00,3.28,0.00,"[{""label_format"":""PDF""},{""print_custom_1"":""ecom""}]",
2026-09-19T19:23:59Z,shp_00008551,9400100000000000008551,delivered,adr_from0001,Goodwill E-Com (test),Goodwill Michiana (test),100 Test Warehouse Rd,,South Bend,IN,46601,US,false,adr_to000048,Test Buyer,,49 Example Ave,,Testville,IN,46601,US,true,prcl_000048,10,8,4,32.0,,2026-09-19T19:24:00Z,rate_000048,GroundAdvantage,USPS,11.71,,false,,SGW-7720523,0.00,11.71,0.00,"[{""label_format"":""PDF""},{""print_custom_1"":""ecom""}]",
2026-09-19T19:26:48Z,shp_00008541,9400100000000000008541,delivered,adr_from0001,Goodwill E-Com (test),Goodwill Michiana (test),100 Test Warehouse Rd,,South Bend,IN,46601,US,false,adr_to000049,Test Buyer,,50 Example Ave,,Sampleton,OH,43004,US,true,prcl_000049,10,8,4,22.4,,2026-09-19T19:26:49Z,rate_000049,GroundAdvantage,USPS,8.55,,false,,SGW-7720488,0.00,8.55,0.00,"[{""label_format"":""PDF""},{""print_custom_1"":""ecom""}]",
2026-09-19T19:34:00Z,shp_00008617,9400100000000000008617,delivered,adr_from0001,Goodwill E-Com (test),Goodwill Michiana (test),100 Test Warehouse Rd,,South Bend,IN,46601,US,false,adr_to000050,Test Buyer,,51 Example Ave,,Mocksburg,MI,49001,US,true,prcl_000050,10,8,4,32.0,,2026-09-19T19:34:01Z,rate_000050,GroundAdvantage,USPS,7.00,,false,,SGW-7720670,0.00,7.00,0.00,"[{""label_format"":""PDF""},{""print_custom_1"":""ecom""}]",
2026-09-19T19:35:45Z,shp_00008567,9400100000000000008567,delivered,adr_from0001,Goodwill E-Com (test),Goodwill Michiana (test),100 Test Warehouse Rd,,South Bend,IN,46601,US,false,adr_to000051,Test Buyer,,52 Example Ave,,Fakeport,IL,60601,US,true,prcl_000051,10,8,4,20.8,,2026-09-19T19:35:46Z,rate_000051,GroundAdvantage,USPS,5.50,,false,,113-6220549-3162197,0.00,5.50,0.00,"[{""label_format"":""PDF""},{""print_custom_1"":""ecom""}]",
2026-09-19T19:36:00Z,shp_00008605,9400100000000000008605,delivered,adr_from0001,Goodwill E-Com (test),Goodwill Michiana (test),100 Test Warehouse Rd,,South Bend,IN,46601,US,false,adr_to000052,Test Buyer,,53 Example Ave,,Testville,IN,46601,US,true,prcl_000052,10,8,4,17.6,,2026-09-19T19:36:01Z,rate_000052,GroundAdvantage,USPS,9.81,,false,,SGW-7720643,0.00,9.81,0.00,"[{""label_format"":""PDF""},{""print_custom_1"":""ecom""}]",
2026-09-19T19:41:07Z,shp_00008619,9400100000000000008619,delivered,adr_from0001,Goodwill E-Com (test),Goodwill Michiana (test),100 Test Warehouse Rd,,South Bend,IN,46601,US,false,adr_to000053,Test Buyer,,54 Example Ave,,Sampleton,OH,43004,US,true,prcl_000053,10,8,4,25.6,,2026-09-19T19:41:08Z,rate_000053,GroundAdvantage,USPS,6.11,,false,,SGW-7720673,0.00,6.11,0.00,"[{""label_format"":""PDF""},{""print_custom_1"":""ecom""}]",
2026-09-19T20:01:26Z,shp_00008545,9400100000000000008545,in_transit,adr_from0001,Goodwill E-Com (test),Goodwill Michiana (test),100 Test Warehouse Rd,,South Bend,IN,46601,US,false,adr_to000054,Test Buyer,,55 Example Ave,,Mocksburg,MI,49001,US,true,prcl_000054,10,8,4,64.0,,2026-09-19T20:01:27Z,rate_000054,Priority,USPS,12.22,,false,,SGW-7720508,0.00,12.22,0.00,"[{""label_format"":""PDF""},{""print_custom_1"":""ecom""}]",
2026-09-19T20:06:18Z,shp_00008632,9400100000000000008632,delivered,adr_from0001,Goodwill E-Com (test),Goodwill Michiana (test),100 Test Warehouse Rd,,South Bend,IN,46601,US,false,adr_to000055,Test Buyer,,56 Example Ave,,Fakeport,IL,60601,US,true,prcl_000055,10,8,4,24.0,,2026-09-19T20:06:19Z,rate_000055,GroundAdvantage,USPS,4.93,,false,,113-5720699-7551872,0.00,4.93,0.00,"[{""label_format"":""PDF""},{""print_custom_1"":""ecom""}]",
2026-09-19T20:12:16Z,shp_00008615,9400100000000000008615,delivered,adr_from0001,Goodwill E-Com (test),Goodwill Michiana (test),100 Test Warehouse Rd,,South Bend,IN,46601,US,false,adr_to000056,Test Buyer,,57 Example Ave,,Testville,IN,46601,US,true,prcl_000056,10,8,4,16.0,,2026-09-19T20:12:17Z,rate_000056,Priority,USPS,9.41,,false,,SGW-7720665,0.00,9.41,0.00,"[{""label_format"":""PDF""},{""print_custom_1"":""ecom""}]",
2026-09-19T20:21:44Z,shp_00008629,9400100000000000008629,delivered,adr_from0001,Goodwill E-Com (test),Goodwill Michiana (test),100 Test Warehouse Rd,,South Bend,IN,46601,US,false,adr_to000057,Test Buyer,,58 Example Ave,,Sampleton,OH,43004,US,true,prcl_000057,10,8,4,19.2,,2026-09-19T20:21:45Z,rate_000057,GroundAdvantage,USPS,3.39,,false,,112-4420694-9993731,0.00,3.39,0.00,"[{""label_format"":""PDF""},{""print_custom_1"":""ecom""}]",
2026-09-19T20:32:05Z,shp_00008598,9400100000000000008598,delivered,adr_from0001,Goodwill E-Com (test),Goodwill Michiana (test),100 Test Warehouse Rd,,South Bend,IN,46601,US,false,adr_to000058,Test Buyer,,59 Example Ave,,Mocksburg,MI,49001,US,true,prcl_000058,10,8,4,16.0,,2026-09-19T20:32:06Z,rate_000058,GroundAdvantage,USPS,7.29,,false,,SGW-7720630,0.00,7.29,0.00,"[{""label_format"":""PDF""},{""print_custom_1"":""ecom""}]",
2026-09-19T20:34:02Z,shp_00008648,9400100000000000008648,delivered,adr_from0001,Goodwill E-Com (test),Goodwill Michiana (test),100 Test Warehouse Rd,,South Bend,IN,46601,US,false,adr_to000059,Test Buyer,,60 Example Ave,,Fakeport,IL,60601,US,true,prcl_000059,10,8,4,64.0,,2026-09-19T20:34:03Z,rate_000059,GroundAdvantage,USPS,3.91,,false,,113-2520724-7436729,0.00,3.91,0.00,"[{""label_format"":""PDF""},{""print_custom_1"":""ecom""}]",
2026-09-19T20:41:13Z,shp_00008643,9400100000000000008643,delivered,adr_from0001,Goodwill E-Com (test),Goodwill Michiana (test),100 Test Warehouse Rd,,South Bend,IN,46601,US,false,adr_to000060,Test Buyer,,61 Example Ave,,Testville,IN,46601,US,true,prcl_000060,10,8,4,38.4,,2026-09-19T20:41:14Z,rate_000060,GroundAdvantage,USPS,3.58,,false,,111-8620717-4356382,0.00,3.58,0.00,"[{""label_format"":""PDF""},{""print_custom_1"":""ecom""}]",
2026-09-19T20:43:55Z,shp_00008550,9400100000000000008550,delivered,adr_from0001,Goodwill E-Com (test),Goodwill Michiana (test),100 Test Warehouse Rd,,South Bend,IN,46601,US,false,adr_to000061,Test Buyer,,62 Example Ave,,Sampleton,OH,43004,US,true,prcl_000061,10,8,4,16.0,,2026-09-19T20:43:56Z,rate_000061,GroundAdvantage,USPS,11.55,,false,,SGW-7720522,0.00,11.55,0.00,"[{""label_format"":""PDF""},{""print_custom_1"":""ecom""}]",
2026-09-19T20:47:35Z,shp_00008654,9400100000000000008654,delivered,adr_from0001,Goodwill E-Com (test),Goodwill Michiana (test),100 Test Warehouse Rd,,South Bend,IN,46601,US,false,adr_to000062,Test Buyer,,63 Example Ave,,Mocksburg,MI,49001,US,true,prcl_000062,10,8,4,19.2,,2026-09-19T20:47:36Z,rate_000062,GroundAdvantage,USPS,3.63,,false,,112-3820730-4997257,0.00,3.63,0.00,"[{""label_format"":""PDF""},{""print_custom_1"":""ecom""}]",
2026-09-19T20:47:58Z,shp_00008597,9400100000000000008597,in_transit,adr_from0001,Goodwill E-Com (test),Goodwill Michiana (test),100 Test Warehouse Rd,,South Bend,IN,46601,US,false,adr_to000063,Test Buyer,,64 Example Ave,,Fakeport,IL,60601,US,true,prcl_000063,10,8,4,24.0,,2026-09-19T20:47:59Z,rate_000063,GroundAdvantage,USPS,7.58,,false,,SGW-7720628,0.00,7.58,0.00,"[{""label_format"":""PDF""},{""print_custom_1"":""ecom""}]",
