Date,Carrier,Service,Tracking Number,Cost Center,Reference,Weight (lb),Postage,Extra Services,Total
08/23/2026,USPS,Ground Advantage,9405500000000000003429,ECOM,SGW-7716454,2.1,$6.89,$0.00,$6.89
08/23/2026,USPS,Ground Advantage,9405500000000000003438,ECOM,08-16552-17932,0.7,$4.32,$0.00,$4.32
08/23/2026,USPS,Priority Mail,9405500000000000003453,ECOM,01-16576-18150,2.0,$5.24,$0.00,$5.24
08/23/2026,USPS,Ground Advantage,9405500000000000003449,ECOM,16-16568-43551,1.7,$5.26,$0.00,$5.26
08/23/2026,USPS,Ground Advantage,9405500000000000003413,ECOM,06-16404-23756,1.3,$6.71,$0.00,$6.71
08/23/2026,USPS,Ground Advantage,9405500000000000003426,ECOM,SGW-7716441,3.6,$16.22,$0.00,$16.22
08/23/2026,USPS,Ground Advantage,9405500000000000003425,ECOM,SGW-7716440,0.5,$8.56,$0.00,$8.56
08/23/2026,USPS,Ground Advantage,9405500000000000003444,ECOM,18-16559-85809,0.6,$9.88,$0.00,$9.88
08/23/2026,USPS,Priority Mail,9405500000000000003393,ECOM,SGW-7716293,1.3,$14.36,$0.00,$14.36
08/23/2026,USPS,Ground Advantage,9405500000000000003437,ECOM,08-16551-84334,1.1,$5.79,$0.00,$5.79
08/23/2026,USPS,Ground Advantage,9405500000000000003452,ECOM,23-16575-76774,3.4,$5.55,$0.00,$5.55
08/23/2026,USPS,Ground Advantage,9405500000000000003369,ECOM,SGW-7716148,0.7,$9.17,$0.00,$9.17
08/23/2026,USPS,Ground Advantage,9405500000000000003443,ECOM,09-16557-23394,2.5,$11.90,$0.00,$11.90
08/23/2026,USPS,Priority Mail,9405500000000000003459,ECOM,GWB-896595,1.6,$3.37,$0.00,$3.37
08/23/2026,USPS,Priority Mail,9405500000000000003450,ECOM,20-16570-99268,2.7,$10.50,$0.00,$10.50
08/23/2026,USPS,Ground Advantage,9405500000000000003457,ECOM,GWB-896593,1.4,$3.65,$0.00,$3.65
08/23/2026,USPS,Ground Advantage,9405500000000000003434,ECOM,SGW-7716489,0.7,$8.19,$0.00,$8.19
08/23/2026,USPS,Ground Advantage,9405500000000000003417,ECOM,GWB-896423,3.2,$5.97,$0.00,$5.97
08/23/2026,USPS,Priority Mail,9405500000000000003455,ECOM,27-16580-90382,1.1,$9.05,$0.00,$9.05
08/23/2026,USPS,Ground Advantage,9405500000000000003447,ECOM,27-16564-21046,2.1,$6.61,$0.00,$6.61
08/23/2026,USPS,Ground Advantage,9405500000000000003423,ECOM,SGW-7716436,1.7,$9.42,$0.00,$9.42
08/23/2026,USPS,Ground Advantage,9405500000000000003424,ECOM,SGW-7716439,2.7,$10.46,$0.00,$10.46
08/23/2026,USPS,Ground Advantage,9405500000000000003430,ECOM,SGW-7716459,2.9,$17.83,$0.00,$17.83
08/23/2026,USPS,Ground Advantage,9405500000000000003441,ECOM,05-16555-11144,0.8,$7.61,$0.00,$7.61
08/23/2026,USPS,Ground Advantage,9405500000000000003460,ECOM,GWB-896597,1.9,$3.91,$0.00,$3.91
08/23/2026,USPS,Ground Advantage,9405500000000000003428,ECOM,SGW-7716449,3.0,$6.91,$0.00,$6.91
08/23/2026,USPS,Ground Advantage,9405500000000000003397,ECOM,SGW-7716299,0.8,$10.81,$0.00,$10.81
08/23/2026,USPS,Ground Advantage,9405500000000000003396,ECOM,SGW-7716297,1.6,$12.52,$0.00,$12.52
08/23/2026,USPS,Priority Mail,9405500000000000003431,ECOM,SGW-7716468,1.0,$11.58,$0.00,$11.58
08/23/2026,USPS,Ground Advantage,9405500000000000003432,ECOM,SGW-7716473,1.6,$9.80,$0.00,$9.80
08/23/2026,USPS,Ground Advantage,9405500000000000003435,ECOM,SGW-7716491,1.2,$17.70,$0.00,$17.70
08/23/2026,USPS,Ground Advantage,9405500000000000003461,ECOM,GWB-896599,6.0,$5.55,$0.00,$5.55
08/23/2026,USPS,Ground Advantage,9405500000000000003406,ECOM,10-16397-18761,2.1,$5.42,$0.00,$5.42
08/23/2026,USPS,Priority Mail,9405500000000000003440,ECOM,12-16554-62020,1.1,$3.46,$0.00,$3.46
08/23/2026,USPS,Priority Mail,9405500000000000003446,ECOM,03-16561-55157,6.4,$3.92,$0.00,$3.92
08/23/2026,USPS,Ground Advantage,9405500000000000003458,ECOM,GWB-896594,0.7,$6.42,$0.00,$6.42
08/23/2026,USPS,Priority Mail,9405500000000000003374,ECOM,SGW-7716183,1.5,$6.20,$0.00,$6.20
08/23/2026,USPS,Ground Advantage,9405500000000000003427,ECOM,SGW-7716446,2.5,$5.60,$0.00,$5.60
08/23/2026,USPS,Ground Advantage,9405500000000000003436,ECOM,SGW-7716492,0.9,$8.65,$0.00,$8.65
