created_at,id,status,source_type,target_type,charge_type,amount,balance,description,Tracking Number
2026-08-18T13:02:35Z,paylog_006636,complete,user,easypost_bank,service_fee,$4.94000,$1027.18000,,9400100000000000006530
2026-08-18T13:11:27Z,paylog_006637,complete,user,easypost_bank,service_fee,$3.77000,$1023.41000,,9400100000000000006550
2026-08-18T13:19:06Z,paylog_006638,complete,user,easypost_bank,service_fee,$6.07000,$1017.34000,,9400100000000000006559
2026-08-18T14:14:47Z,paylog_006639,complete,user,easypost_bank,service_fee,$3.59000,$1013.75000,,9400100000000000006473
2026-08-18T14:19:46Z,paylog_006640,complete,user,easypost_bank,service_fee,$6.18000,$1007.57000,,9400100000000000006494
2026-08-18T14:24:01Z,paylog_006641,complete,user,easypost_bank,service_fee,$12.35000,$995.22000,,9400100000000000006501
2026-08-18T14:35:14Z,paylog_006642,complete,user,easypost_bank,service_fee,$8.84000,$986.38000,,9400100000000000006498
2026-08-18T14:38:34Z,paylog_006643,complete,user,easypost_bank,service_fee,$3.63000,$982.75000,,9400100000000000006528
2026-08-18T14:48:08Z,paylog_006644,complete,user,easypost_bank,service_fee,$6.09000,$976.66000,,9400100000000000006554
2026-08-18T14:56:19Z,paylog_006645,complete,user,easypost_bank,service_fee,$8.58000,$968.08000,,9400100000000000006448
2026-08-18T15:08:21Z,paylog_006646,complete,user,easypost_bank,service_fee,$14.32000,$953.76000,,9400100000000000006496
2026-08-18T15:09:18Z,paylog_006647,complete,user,easypost_bank,service_fee,$7.24000,$946.52000,,9400100000000000006514
2026-08-18T15:10:18Z,paylog_006648,complete,user,easypost_bank,service_fee,$6.69000,$939.83000,,9400100000000000006523
2026-08-18T15:13:54Z,paylog_006649,complete,user,easypost_bank,service_fee,$3.34000,$936.49000,,9400100000000000006542
2026-08-18T15:18:34Z,paylog_006650,complete,user,easypost_bank,service_fee,$3.44000,$933.05000,,9400100000000000006543
2026-08-18T15:24:19Z,paylog_006651,complete,user,easypost_bank,service_fee,$9.69000,$923.36000,,9400100000000000006452
2026-08-18T15:26:11Z,paylog_006652,complete,user,easypost_bank,service_fee,$3.43000,$919.93000,,9400100000000000006527
2026-08-18T15:27:33Z,paylog_006653,complete,user,easypost_bank,service_fee,$3.85000,$916.08000,,9400100000000000006544
2026-08-18T15:44:34Z,paylog_006654,complete,user,easypost_bank,service_fee,$7.18000,$908.90000,,9400100000000000006497
2026-08-18T15:44:43Z,paylog_006655,complete,user,easypost_bank,service_fee,$10.32000,$898.58000,,9400100000000000006518
2026-08-18T15:46:29Z,paylog_006656,complete,user,easypost_bank,service_fee,$6.27000,$892.31000,,9400100000000000006561
2026-08-18T15:48:05Z,paylog_006657,complete,user,easypost_bank,service_fee,$8.73000,$883.58000,,9400100000000000006507
2026-08-18T15:53:44Z,paylog_006658,complete,user,easypost_bank,service_fee,$3.88000,$879.70000,,9400100000000000006532
2026-08-18T16:03:34Z,paylog_006659,complete,user,easypost_bank,service_fee,$3.46000,$876.24000,,9400100000000000006529
2026-08-18T16:22:10Z,paylog_006660,complete,user,easypost_bank,service_fee,$9.39000,$866.85000,,9400100000000000006510
2026-08-18T16:23:37Z,paylog_006661,complete,user,easypost_bank,service_fee,$10.07000,$856.78000,,9400100000000000006504
2026-08-18T16:38:29Z,paylog_006662,complete,user,easypost_bank,service_fee,$9.02000,$847.76000,,9400100000000000006499
2026-08-18T16:39:34Z,paylog_006663,complete,user,easypost_bank,service_fee,$3.84000,$843.92000,,9400100000000000006551
2026-08-18T16:40:40Z,paylog_006664,complete,user,easypost_bank,service_fee,$3.80000,$840.12000,,9400100000000000006541
2026-08-18T16:55:34Z,paylog_006665,complete,user,easypost_bank,service_fee,$3.58000,$836.54000,,9400100000000000006535
2026-08-18T16:56:26Z,paylog_006666,complete,user,easypost_bank,service_fee,$14.30000,$822.24000,,9400100000000000006455
2026-08-18T16:56:31Z,paylog_006667,complete,user,easypost_bank,service_fee,$6.99000,$815.25000,,9400100000000000006503
2026-08-18T16:58:19Z,paylog_006668,complete,user,easypost_bank,service_fee,$5.48000,$809.77000,,9400100000000000006549
2026-08-18T16:58:36Z,paylog_006669,complete,user,easypost_bank,service_fee,$5.35000,$804.42000,,9400100000000000006531
2026-08-18T17:01:05Z,paylog_006670,complete,user,easypost_bank,service_fee,$5.31000,$799.11000,,9400100000000000006537
2026-08-18T17:12:58Z,paylog_006671,complete,user,easypost_bank,service_fee,$5.16000,$793.95000,,9400100000000000006552
2026-08-18T17:17:33Z,paylog_006672,complete,user,easypost_bank,service_fee,$5.39000,$788.56000,,9400100000000000006533
2026-08-18T17:17:33Z,paylog_006673,complete,user,easypost_bank,service_fee,$7.98000,$780.58000,,9400100000000000006553
2026-08-18T17:30:03Z,paylog_006674,complete,user,easypost_bank,service_fee,$3.91000,$776.67000,,9400100000000000006482
2026-08-18T17:33:52Z,paylog_006675,complete,user,easypost_bank,service_fee,$9.24000,$767.43000,,9400100000000000006515
2026-08-18T17:39:09Z,paylog_006676,complete,user,easypost_bank,service_fee,$3.64000,$763.79000,,9400100000000000006474
2026-08-18T17:41:35Z,paylog_006677,complete,user,easypost_bank,service_fee,$3.61000,$760.18000,,9400100000000000006483
2026-08-18T17:42:30Z,paylog_006678,complete,user,easypost_bank,service_fee,$11.18000,$749.00000,,9400100000000000006516
2026-08-18T17:52:03Z,paylog_006679,complete,user,easypost_bank,service_fee,$8.28000,$740.72000,,9400100000000000006526
2026-08-18T17:56:28Z,paylog_006680,complete,user,easypost_bank,service_fee,$9.03000,$731.69000,,9400100000000000006511
2026-08-18T17:57:34Z,paylog_006681,complete,user,easypost_bank,service_fee,$3.81000,$727.88000,,9400100000000000006536
2026-08-18T17:58:13Z,paylog_006682,complete,user,easypost_bank,service_fee,$5.62000,$722.26000,,9400100000000000006546
2026-08-18T17:58:46Z,paylog_006683,complete,user,easypost_bank,service_fee,$7.29000,$714.97000,,9400100000000000006519
2026-08-18T17:58:47Z,paylog_006684,complete,user,easypost_bank,service_fee,$5.68000,$709.29000,,9400100000000000006490
2026-08-18T18:01:10Z,paylog_006685,complete,user,easypost_bank,service_fee,$8.10000,$701.19000,,9400100000000000006517
2026-08-18T18:06:24Z,paylog_006686,complete,user,easypost_bank,service_fee,$12.32000,$688.87000,,9400100000000000006461
2026-08-18T18:24:29Z,paylog_006687,complete,user,easypost_bank,service_fee,$6.11000,$682.76000,,9400100000000000006493
2026-08-18T18:26:47Z,paylog_006688,complete,user,easypost_bank,service_fee,$6.04000,$676.72000,,9400100000000000006453
2026-08-18T18:36:01Z,paylog_006689,complete,user,easypost_bank,service_fee,$5.53000,$671.19000,,9400100000000000006548
2026-08-18T18:36:45Z,paylog_006690,complete,user,easypost_bank,service_fee,$5.85000,$665.34000,,9400100000000000006540
2026-08-18T19:09:52Z,paylog_006691,complete,user,easypost_bank,service_fee,$9.04000,$656.30000,,9400100000000000006525
2026-08-18T19:22:39Z,paylog_006692,complete,user,easypost_bank,service_fee,$8.65000,$647.65000,,9400100000000000006384
2026-08-18T19:23:16Z,paylog_006693,complete,user,easypost_bank,service_fee,$13.33000,$634.32000,,9400100000000000006502
2026-08-18T19:27:10Z,paylog_006694,complete,user,easypost_bank,service_fee,$3.45000,$630.87000,,9400100000000000006545
2026-08-18T19:30:43Z,paylog_006695,complete,user,easypost_bank,service_fee,$5.75000,$625.12000,,9400100000000000006471
2026-08-18T20:38:16Z,paylog_006696,complete,user,easypost_bank,service_fee,$16.18000,$608.94000,,9400100000000000006409
2026-08-18T20:44:57Z,paylog_006697,complete,user,easypost_bank,service_fee,$5.61000,$603.33000,,9400100000000000006539
2026-08-18T20:59:56Z,paylog_006698,complete,user,easypost_bank,service_fee,$3.45000,$599.88000,,9400100000000000006467
2026-08-18T22:00:00Z,paylog_006699,complete,refund,user,refund,$3.65000,$603.53000,,9400100000000000006424
2026-08-18T22:00:00Z,paylog_006700,complete,refund,user,refund,$5.12000,$608.65000,,9400100000000000006415
