Date,Transaction ID,Payment Method,Amount
08/01/2026,PB-REFILL-202608-1,ACH 1st Source ...0101,$500.00
08/03/2026,PB-REFILL-202608-2,ACH 1st Source ...0101,$500.00
08/05/2026,PB-REFILL-202608-3,ACH 1st Source ...0101,$500.00
08/08/2026,PB-REFILL-202608-4,ACH 1st Source ...0101,$500.00
08/10/2026,PB-REFILL-202608-5,ACH 1st Source ...0101,$500.00
08/11/2026,PB-REFILL-202608-6,ACH 1st Source ...0101,$500.00
08/13/2026,PB-REFILL-202608-7,ACH 1st Source ...0101,$500.00
08/15/2026,PB-REFILL-202608-8,ACH 1st Source ...0101,$500.00
08/17/2026,PB-REFILL-202608-9,ACH 1st Source ...0101,$500.00
08/19/2026,PB-REFILL-202608-10,ACH 1st Source ...0101,$500.00
08/22/2026,PB-REFILL-202608-11,ACH 1st Source ...0101,$500.00
08/24/2026,PB-REFILL-202608-12,ACH 1st Source ...0101,$500.00
08/26/2026,PB-REFILL-202608-13,ACH 1st Source ...0101,$500.00
08/29/2026,PB-REFILL-202608-14,ACH 1st Source ...0101,$500.00
08/30/2026,PB-REFILL-202608-15,ACH 1st Source ...0101,$500.00
