OSM Worldwide invoice,,,,,
Invoice #,Ship Date,Tracking,Service,Weight,Charge
OSM-INV-20250929,10/01/2025,OSM00000001536,BPM,1.0,$6.45
OSM-INV-20250929,10/01/2025,OSM00000001532,BPM,2.7,$6.24
OSM-INV-20250929,10/01/2025,OSM00000001523,Parcel Select Lightweight,1.4,$3.78
OSM-INV-20250929,10/01/2025,OSM00000001515,BPM,1.7,$3.45
OSM-INV-20250929,10/01/2025,OSM00000001528,BPM,10.8,$3.75
OSM-INV-20250929,10/01/2025,OSM00000001513,BPM,5.7,$3.31
OSM-INV-20250929,10/01/2025,OSM00000001522,BPM,0.9,$3.71
OSM-INV-20250929,10/01/2025,OSM00000001514,BPM,3.0,$3.90
OSM-INV-20250929,10/01/2025,OSM00000001533,BPM,6.1,$3.50
OSM-INV-20250929,10/01/2025,OSM00000001488,BPM,3.4,$3.67
OSM-INV-20250929,10/01/2025,OSM00000001496,BPM,1.2,$3.87
OSM-INV-20250929,10/01/2025,OSM00000001537,Parcel Select Lightweight,4.3,$4.92
OSM-INV-20250929,10/01/2025,OSM00000001525,Parcel Select Lightweight,1.5,$3.62
OSM-INV-20250929,10/01/2025,OSM00000001502,Parcel Select Lightweight,1.2,$3.54
OSM-INV-20250929,10/01/2025,OSM00000001494,BPM,2.5,$3.75
OSM-INV-20250929,10/01/2025,OSM00000001508,BPM,2.5,$4.02
OSM-INV-20250929,10/01/2025,OSM00000001529,Parcel Select Lightweight,2.4,$3.33
OSM-INV-20250929,10/01/2025,OSM00000001492,Parcel Select Lightweight,1.2,$3.73
OSM-INV-20250929,10/01/2025,OSM00000001534,Parcel Select Lightweight,4.5,$6.36
OSM-INV-20250929,10/01/2025,OSM00000001530,Parcel Select Lightweight,1.1,$3.74
OSM-INV-20250929,10/01/2025,OSM00000001519,Parcel Select Lightweight,1.1,$3.61
OSM-INV-20250929,10/01/2025,OSM00000001517,BPM,1.3,$3.64
OSM-INV-20250929,10/01/2025,OSM00000001485,BPM,1.9,$3.67
OSM-INV-20250929,10/01/2025,OSM00000001521,BPM,0.6,$3.37
OSM-INV-20250929,10/01/2025,OSM00000001511,BPM,2.8,$3.59
OSM-INV-20250929,10/01/2025,OSM00000001473,Parcel Select Lightweight,4.1,$3.78
OSM-INV-20250929,10/01/2025,OSM00000001490,Parcel Select Lightweight,2.1,$3.38
OSM-INV-20250929,10/01/2025,OSM00000001520,BPM,1.9,$3.78
OSM-INV-20250929,10/01/2025,OSM00000001524,Parcel Select Lightweight,2.0,$3.66
OSM-INV-20250929,10/01/2025,OSM00000001463,Parcel Select Lightweight,1.1,$3.53
OSM-INV-20250929,10/02/2025,OSM00000001543,BPM,2.1,$3.65
OSM-INV-20250929,10/02/2025,OSM00000001540,BPM,5.5,$3.75
OSM-INV-20250929,10/02/2025,OSM00000001548,BPM,2.0,$3.33
OSM-INV-20250929,10/02/2025,OSM00000001554,Parcel Select Lightweight,2.1,$5.37
OSM-INV-20250929,10/02/2025,OSM00000001555,BPM,2.3,$6.31
OSM-INV-20250929,10/02/2025,OSM00000001541,BPM,1.5,$3.70
OSM-INV-20250929,10/02/2025,OSM00000001542,Parcel Select Lightweight,5.4,$3.73
OSM-INV-20250929,10/02/2025,OSM00000001535,BPM,1.8,$5.72
OSM-INV-20250929,10/02/2025,OSM00000001558,BPM,5.2,$3.38
OSM-INV-20250929,10/02/2025,OSM00000001495,Parcel Select Lightweight,1.9,$3.52
OSM-INV-20250929,10/02/2025,OSM00000001556,BPM,1.1,$3.86
OSM-INV-20250929,10/02/2025,OSM00000001551,Parcel Select Lightweight,2.8,$3.59
OSM-INV-20250929,10/02/2025,OSM00000001557,Parcel Select Lightweight,1.2,$4.72
OSM-INV-20250929,10/02/2025,OSM00000001549,Parcel Select Lightweight,2.5,$3.55
OSM-INV-20250929,10/02/2025,OSM00000001552,BPM,1.3,$3.39
OSM-INV-20250929,10/02/2025,OSM00000001545,BPM,1.1,$3.51
OSM-INV-20250929,10/02/2025,OSM00000001526,Parcel Select Lightweight,0.7,$3.68
OSM-INV-20250929,10/02/2025,OSM00000001512,Parcel Select Lightweight,1.1,$3.50
OSM-INV-20250929,10/02/2025,OSM00000001510,BPM,1.6,$3.37
OSM-INV-20250929,10/02/2025,OSM00000001518,BPM,2.3,$3.59
OSM-INV-20250929,10/02/2025,OSM00000001546,Parcel Select Lightweight,0.6,$3.70
OSM-INV-20250929,10/02/2025,OSM00000001561,Parcel Select Lightweight,5.1,$4.63
OSM-INV-20250929,10/02/2025,OSM00000001559,BPM,0.7,$5.55
OSM-INV-20250929,10/03/2025,OSM00000001568,BPM,0.9,$3.42
OSM-INV-20250929,10/03/2025,OSM00000001578,Parcel Select Lightweight,2.4,$3.64
OSM-INV-20250929,10/03/2025,OSM00000001576,BPM,1.1,$3.53
OSM-INV-20250929,10/03/2025,OSM00000001572,Parcel Select Lightweight,1.8,$3.66
OSM-INV-20250929,10/03/2025,OSM00000001564,BPM,1.6,$3.83
OSM-INV-20250929,10/03/2025,OSM00000001583,Parcel Select Lightweight,0.6,$3.73
OSM-INV-20250929,10/03/2025,OSM00000001581,Parcel Select Lightweight,2.2,$3.37
OSM-INV-20250929,10/03/2025,OSM00000001591,BPM,1.7,$3.52
OSM-INV-20250929,10/03/2025,OSM00000001516,BPM,2.2,$3.90
OSM-INV-20250929,10/03/2025,OSM00000001575,BPM,2.3,$3.48
OSM-INV-20250929,10/03/2025,OSM00000001566,BPM,1.7,$3.39
OSM-INV-20250929,10/03/2025,OSM00000001553,BPM,2.2,$6.03
OSM-INV-20250929,10/03/2025,OSM00000001580,BPM,0.8,$3.62
OSM-INV-20250929,10/03/2025,OSM00000001531,BPM,2.5,$6.46
OSM-INV-20250929,10/03/2025,OSM00000001527,BPM,0.9,$3.50
OSM-INV-20250929,10/03/2025,OSM00000001550,BPM,1.0,$3.33
OSM-INV-20250929,10/03/2025,OSM00000001562,BPM,1.4,$5.52
OSM-INV-20250929,10/03/2025,OSM00000001592,Parcel Select Lightweight,1.7,$3.65
OSM-INV-20250929,10/03/2025,OSM00000001589,Parcel Select Lightweight,4.8,$3.50
OSM-INV-20250929,10/03/2025,OSM00000001579,Parcel Select Lightweight,3.1,$3.39
OSM-INV-20250929,10/03/2025,OSM00000001582,Parcel Select Lightweight,1.0,$3.90
OSM-INV-20250929,10/03/2025,OSM00000001570,Parcel Select Lightweight,6.3,$3.41
OSM-INV-20250929,10/03/2025,OSM00000001538,BPM,4.0,$3.52
OSM-INV-20250929,10/03/2025,OSM00000001539,BPM,3.0,$3.81
OSM-INV-20250929,10/03/2025,OSM00000001587,Parcel Select Lightweight,1.2,$4.85
OSM-INV-20250929,10/03/2025,OSM00000001544,Parcel Select Lightweight,1.8,$3.27
OSM-INV-20250929,10/03/2025,OSM00000001547,Parcel Select Lightweight,1.1,$3.89
OSM-INV-20250929,10/03/2025,OSM00000001577,Parcel Select Lightweight,2.0,$3.59
OSM-INV-20250929,10/03/2025,OSM00000001588,Parcel Select Lightweight,2.0,$5.28
OSM-INV-20250929,10/03/2025,OSM00000001584,Parcel Select Lightweight,1.4,$3.46
OSM-INV-20250929,10/03/2025,OSM00000001567,Parcel Select Lightweight,1.9,$3.79
OSM-INV-20250929,10/04/2025,OSM00000001607,Parcel Select Lightweight,1.7,$3.65
OSM-INV-20250929,10/04/2025,OSM00000001596,BPM,1.1,$3.90
OSM-INV-20250929,10/04/2025,OSM00000001590,BPM,1.9,$5.27
OSM-INV-20250929,10/04/2025,OSM00000001585,Parcel Select Lightweight,1.1,$3.29
OSM-INV-20250929,10/04/2025,OSM00000001613,Parcel Select Lightweight,4.0,$3.38
OSM-INV-20250929,10/04/2025,OSM00000001600,BPM,1.4,$3.29
OSM-INV-20250929,10/04/2025,OSM00000001621,Parcel Select Lightweight,0.5,$4.33
OSM-INV-20250929,10/04/2025,OSM00000001616,BPM,1.3,$3.80
OSM-INV-20250929,10/04/2025,OSM00000001623,BPM,2.5,$3.56
OSM-INV-20250929,10/04/2025,OSM00000001569,BPM,2.4,$3.60
OSM-INV-20250929,10/04/2025,OSM00000001563,BPM,6.6,$3.46
OSM-INV-20250929,10/04/2025,OSM00000001612,Parcel Select Lightweight,2.5,$3.70
OSM-INV-20250929,10/04/2025,OSM00000001586,BPM,1.1,$5.21
OSM-INV-20250929,10/04/2025,OSM00000001597,BPM,1.0,$3.84
OSM-INV-20250929,10/04/2025,OSM00000001609,BPM,4.1,$3.76
OSM-INV-20250929,10/04/2025,OSM00000001593,Parcel Select Lightweight,3.6,$3.75
OSM-INV-20250929,10/04/2025,OSM00000001603,BPM,2.8,$3.68
OSM-INV-20250929,10/04/2025,OSM00000001574,Parcel Select Lightweight,0.9,$3.72
OSM-INV-20250929,10/04/2025,OSM00000001622,BPM,0.9,$6.02
OSM-INV-20250929,10/04/2025,OSM00000001602,BPM,1.3,$3.85
OSM-INV-20250929,10/04/2025,OSM00000001618,BPM,3.3,$3.62
OSM-INV-20250929,10/04/2025,OSM00000001611,BPM,1.7,$3.46
OSM-INV-20250929,10/04/2025,OSM00000001604,BPM,3.0,$3.88
OSM-INV-20250929,10/04/2025,OSM00000001571,Parcel Select Lightweight,0.6,$3.46
OSM-INV-20250929,10/04/2025,OSM00000001595,BPM,1.8,$3.91
OSM-INV-20250929,10/04/2025,OSM00000001598,BPM,0.7,$3.40
OSM-INV-20250929,10/04/2025,OSM00000001610,BPM,2.5,$3.37
OSM-INV-20250929,10/04/2025,OSM00000001605,Parcel Select Lightweight,2.5,$3.48
OSM-INV-20250929,10/04/2025,OSM00000001615,BPM,1.1,$3.65
OSM-INV-20250929,10/04/2025,OSM00000001573,BPM,2.6,$3.70
OSM-INV-20250929,10/04/2025,OSM00000001608,BPM,1.6,$3.65
OSM-INV-20250929,10/04/2025,OSM00000001560,BPM,0.9,$5.84
OSM-INV-20250929,10/04/2025,OSM00000001594,Parcel Select Lightweight,1.7,$3.74
OSM-INV-20250929,10/05/2025,OSM00000001645,Parcel Select Lightweight,2.7,$3.69
OSM-INV-20250929,10/05/2025,OSM00000001636,BPM,3.3,$3.80
OSM-INV-20250929,10/05/2025,OSM00000001632,BPM,1.1,$3.52
OSM-INV-20250929,10/05/2025,OSM00000001631,Parcel Select Lightweight,1.7,$3.45
OSM-INV-20250929,10/05/2025,OSM00000001601,BPM,4.8,$3.60
OSM-INV-20250929,10/05/2025,OSM00000001642,BPM,1.1,$3.53
OSM-INV-20250929,10/05/2025,OSM00000001637,Parcel Select Lightweight,2.0,$3.84
OSM-INV-20250929,10/05/2025,OSM00000001628,Parcel Select Lightweight,3.3,$3.85
OSM-INV-20250929,10/05/2025,OSM00000001649,Parcel Select Lightweight,2.2,$3.64
OSM-INV-20250929,10/05/2025,OSM00000001606,BPM,1.0,$3.72
OSM-INV-20250929,10/05/2025,OSM00000001638,BPM,4.5,$3.69
OSM-INV-20250929,10/05/2025,OSM00000001619,BPM,2.2,$5.55
OSM-INV-20250929,10/05/2025,OSM00000001655,BPM,2.8,$5.70
OSM-INV-20250929,10/05/2025,OSM00000001634,Parcel Select Lightweight,2.1,$3.43
OSM-INV-20250929,10/05/2025,OSM00000001617,Parcel Select Lightweight,2.3,$3.65
OSM-INV-20250929,10/05/2025,OSM00000001629,BPM,0.6,$3.80
OSM-INV-20250929,10/05/2025,OSM00000001658,Parcel Select Lightweight,1.1,$5.35
OSM-INV-20250929,10/05/2025,OSM00000001650,BPM,1.0,$3.47
OSM-INV-20250929,10/05/2025,OSM00000001599,Parcel Select Lightweight,1.2,$3.73
OSM-INV-20250929,10/05/2025,OSM00000001653,Parcel Select Lightweight,2.6,$3.60
OSM-INV-20250929,10/05/2025,OSM00000001647,Parcel Select Lightweight,1.3,$3.77
OSM-INV-20250929,10/05/2025,OSM00000001644,Parcel Select Lightweight,2.8,$3.82
OSM-INV-20250929,10/05/2025,OSM00000001652,BPM,1.0,$6.20
OSM-INV-20250929,10/05/2025,OSM00000001614,BPM,1.2,$3.72
OSM-INV-20250929,10/05/2025,OSM00000001565,BPM,1.0,$3.70
OSM-INV-20250929,10/05/2025,OSM00000001627,Parcel Select Lightweight,4.2,$3.57
OSM-INV-20250929,10/05/2025,OSM00000001643,Parcel Select Lightweight,2.2,$3.67
OSM-INV-20250929,10/05/2025,OSM00000001624,BPM,3.7,$5.85
OSM-INV-20250929,10/05/2025,OSM00000001646,BPM,1.1,$3.72
OSM-INV-20250929,10/05/2025,OSM00000001659,Parcel Select Lightweight,1.2,$3.40
OSM-INV-20250929,10/05/2025,OSM00000001657,BPM,0.7,$5.02
OSM-INV-20250929,10/05/2025,OSM00000001635,Parcel Select Lightweight,0.5,$3.85
OSM-INV-20250929,10/05/2025,OSM00000001626,BPM,3.9,$3.82
OSM-INV-20251006,10/06/2025,OSM00000001672,BPM,2.2,$3.67
OSM-INV-20251006,10/06/2025,OSM00000001668,Parcel Select Lightweight,1.8,$3.32
OSM-INV-20251006,10/06/2025,OSM00000001670,BPM,3.3,$3.73
OSM-INV-20251006,10/06/2025,OSM00000001630,Parcel Select Lightweight,1.2,$3.55
OSM-INV-20251006,10/06/2025,OSM00000001648,BPM,2.3,$3.80
OSM-INV-20251006,10/06/2025,OSM00000001620,Parcel Select Lightweight,3.2,$5.12
OSM-INV-20251006,10/06/2025,OSM00000001625,Parcel Select Lightweight,3.8,$3.51
OSM-INV-20251006,10/06/2025,OSM00000001679,Parcel Select Lightweight,3.4,$6.29
OSM-INV-20251006,10/06/2025,OSM00000001656,Parcel Select Lightweight,1.8,$6.40
OSM-INV-20251006,10/06/2025,OSM00000001669,Parcel Select Lightweight,2.8,$3.84
OSM-INV-20251006,10/06/2025,OSM00000001651,BPM,2.5,$3.60
OSM-INV-20251006,10/06/2025,OSM00000001671,BPM,2.5,$3.28
OSM-INV-20251006,10/06/2025,OSM00000001664,BPM,2.0,$3.76
OSM-INV-20251006,10/06/2025,OSM00000001676,BPM,1.8,$3.39
OSM-INV-20251006,10/06/2025,OSM00000001680,Parcel Select Lightweight,1.5,$3.21
OSM-INV-20251006,10/06/2025,OSM00000001667,BPM,3.3,$3.30
OSM-INV-20251006,10/06/2025,OSM00000001660,Parcel Select Lightweight,0.9,$3.76
OSM-INV-20251006,10/06/2025,OSM00000001639,BPM,2.0,$3.35
OSM-INV-20251006,10/06/2025,OSM00000001633,BPM,3.4,$3.34
OSM-INV-20251006,10/06/2025,OSM00000001674,Parcel Select Lightweight,0.6,$3.42
OSM-INV-20251006,10/06/2025,OSM00000001640,BPM,2.0,$3.91
OSM-INV-20251006,10/06/2025,OSM00000001673,Parcel Select Lightweight,2.7,$3.30
OSM-INV-20251006,10/06/2025,OSM00000001654,BPM,1.2,$3.98
OSM-INV-20251006,10/07/2025,OSM00000001641,Parcel Select Lightweight,1.8,$3.49
OSM-INV-20251006,10/07/2025,OSM00000001706,Parcel Select Lightweight,1.1,$6.36
OSM-INV-20251006,10/07/2025,OSM00000001704,Parcel Select Lightweight,1.0,$4.90
OSM-INV-20251006,10/07/2025,OSM00000001662,BPM,1.8,$3.32
OSM-INV-20251006,10/07/2025,OSM00000001694,Parcel Select Lightweight,1.4,$3.28
OSM-INV-20251006,10/07/2025,OSM00000001663,Parcel Select Lightweight,2.5,$3.89
OSM-INV-20251006,10/07/2025,OSM00000001685,Parcel Select Lightweight,0.9,$3.37
OSM-INV-20251006,10/07/2025,OSM00000001701,BPM,0.9,$3.73
OSM-INV-20251006,10/07/2025,OSM00000001689,BPM,3.9,$3.66
OSM-INV-20251006,10/07/2025,OSM00000001705,BPM,2.1,$5.17
OSM-INV-20251006,10/07/2025,OSM00000001682,Parcel Select Lightweight,1.3,$3.58
OSM-INV-20251006,10/07/2025,OSM00000001703,BPM,2.0,$3.54
OSM-INV-20251006,10/07/2025,OSM00000001697,Parcel Select Lightweight,0.8,$3.59
OSM-INV-20251006,10/07/2025,OSM00000001665,Parcel Select Lightweight,1.0,$3.85
OSM-INV-20251006,10/07/2025,OSM00000001686,BPM,1.5,$3.90
OSM-INV-20251006,10/07/2025,OSM00000001681,BPM,0.8,$3.76
OSM-INV-20251006,10/07/2025,OSM00000001677,BPM,2.9,$3.21
OSM-INV-20251006,10/07/2025,OSM00000001684,Parcel Select Lightweight,0.8,$3.56
OSM-INV-20251006,10/07/2025,OSM00000001690,BPM,0.8,$3.56
OSM-INV-20251006,10/07/2025,OSM00000001687,Parcel Select Lightweight,0.3,$3.67
OSM-INV-20251006,10/07/2025,OSM00000001661,BPM,0.9,$3.76
OSM-INV-20251006,10/07/2025,OSM00000001699,Parcel Select Lightweight,1.9,$3.56
OSM-INV-20251006,10/07/2025,OSM00000001700,Parcel Select Lightweight,1.1,$3.69
OSM-INV-20251006,10/07/2025,OSM00000001678,BPM,4.1,$6.25
OSM-INV-20251006,10/07/2025,OSM00000001695,Parcel Select Lightweight,0.9,$3.39
OSM-INV-20251006,10/07/2025,OSM00000001692,Parcel Select Lightweight,2.7,$3.77
OSM-INV-20251006,10/07/2025,OSM00000001683,BPM,2.5,$3.50
OSM-INV-20251006,10/07/2025,OSM00000001666,BPM,1.9,$3.78
OSM-INV-20251006,10/08/2025,OSM00000001711,BPM,3.3,$3.51
OSM-INV-20251006,10/08/2025,OSM00000001718,BPM,0.9,$3.79
OSM-INV-20251006,10/08/2025,OSM00000001726,Parcel Select Lightweight,2.8,$5.39
OSM-INV-20251006,10/08/2025,OSM00000001721,Parcel Select Lightweight,4.2,$3.68
OSM-INV-20251006,10/08/2025,OSM00000001729,BPM,0.8,$4.12
OSM-INV-20251006,10/08/2025,OSM00000001708,BPM,2.9,$3.74
OSM-INV-20251006,10/08/2025,OSM00000001731,BPM,3.2,$4.98
OSM-INV-20251006,10/08/2025,OSM00000001702,BPM,1.0,$3.78
OSM-INV-20251006,10/08/2025,OSM00000001698,Parcel Select Lightweight,1.7,$3.51
OSM-INV-20251006,10/08/2025,OSM00000001675,Parcel Select Lightweight,2.6,$3.72
OSM-INV-20251006,10/08/2025,OSM00000001709,BPM,2.2,$3.29
OSM-INV-20251006,10/08/2025,OSM00000001725,BPM,1.3,$5.90
OSM-INV-20251006,10/08/2025,OSM00000001688,BPM,0.5,$3.78
OSM-INV-20251006,10/08/2025,OSM00000001693,BPM,1.6,$3.74
OSM-INV-20251006,10/08/2025,OSM00000001719,BPM,3.0,$3.83
OSM-INV-20251006,10/08/2025,OSM00000001732,BPM,2.8,$5.85
OSM-INV-20251006,10/08/2025,OSM00000001727,BPM,0.7,$5.21
OSM-INV-20251006,10/08/2025,OSM00000001735,BPM,0.8,$3.64
OSM-INV-20251006,10/08/2025,OSM00000001691,BPM,1.9,$3.48
OSM-INV-20251006,10/08/2025,OSM00000001713,Parcel Select Lightweight,2.0,$3.76
OSM-INV-20251006,10/08/2025,OSM00000001710,Parcel Select Lightweight,1.2,$3.60
OSM-INV-20251006,10/08/2025,OSM00000001716,BPM,2.4,$3.42
OSM-INV-20251006,10/08/2025,OSM00000001717,BPM,3.7,$3.43
OSM-INV-20251006,10/08/2025,OSM00000001728,Parcel Select Lightweight,0.5,$5.01
OSM-INV-20251006,10/08/2025,OSM00000001723,BPM,4.2,$3.61
OSM-INV-20251006,10/08/2025,OSM00000001730,Parcel Select Lightweight,2.9,$4.04
OSM-INV-20251006,10/08/2025,OSM00000001715,Parcel Select Lightweight,1.5,$3.86
OSM-INV-20251006,10/08/2025,OSM00000001722,Parcel Select Lightweight,0.9,$3.43
OSM-INV-20251006,10/08/2025,OSM00000001696,Parcel Select Lightweight,0.9,$3.87
OSM-INV-20251006,10/08/2025,OSM00000001733,BPM,2.3,$3.92
OSM-INV-20251006,10/08/2025,OSM00000001720,BPM,2.2,$3.54
OSM-INV-20251006,10/08/2025,OSM00000001707,BPM,2.3,$3.58
OSM-INV-20251006,10/09/2025,OSM00000001767,BPM,1.5,$4.71
OSM-INV-20251006,10/09/2025,OSM00000001758,Parcel Select Lightweight,2.1,$3.30
OSM-INV-20251006,10/09/2025,OSM00000001765,Parcel Select Lightweight,1.7,$3.31
OSM-INV-20251006,10/09/2025,OSM00000001712,Parcel Select Lightweight,1.1,$3.91
OSM-INV-20251006,10/09/2025,OSM00000001766,BPM,1.5,$5.48
OSM-INV-20251006,10/09/2025,OSM00000001757,BPM,1.5,$3.63
OSM-INV-20251006,10/09/2025,OSM00000001744,Parcel Select Lightweight,1.3,$3.57
OSM-INV-20251006,10/09/2025,OSM00000001764,Parcel Select Lightweight,1.1,$3.73
OSM-INV-20251006,10/09/2025,OSM00000001737,BPM,3.9,$3.77
OSM-INV-20251006,10/09/2025,OSM00000001714,Parcel Select Lightweight,1.3,$3.85
OSM-INV-20251006,10/09/2025,OSM00000001750,Parcel Select Lightweight,2.0,$3.59
OSM-INV-20251006,10/09/2025,OSM00000001760,BPM,2.3,$3.91
OSM-INV-20251006,10/09/2025,OSM00000001724,BPM,0.6,$3.70
OSM-INV-20251006,10/09/2025,OSM00000001752,BPM,4.9,$3.55
OSM-INV-20251006,10/09/2025,OSM00000001761,BPM,4.4,$3.88
OSM-INV-20251006,10/09/2025,OSM00000001736,BPM,0.7,$5.15
OSM-INV-20251006,10/09/2025,OSM00000001751,BPM,1.1,$3.40
OSM-INV-20251006,10/09/2025,OSM00000001738,Parcel Select Lightweight,4.2,$3.35
OSM-INV-20251006,10/09/2025,OSM00000001739,BPM,2.0,$3.67
OSM-INV-20251006,10/09/2025,OSM00000001741,BPM,6.6,$3.79
OSM-INV-20251006,10/09/2025,OSM00000001745,Parcel Select Lightweight,1.4,$3.33
OSM-INV-20251006,10/09/2025,OSM00000001748,Parcel Select Lightweight,4.1,$3.65
OSM-INV-20251006,10/09/2025,OSM00000001753,BPM,1.2,$3.57
OSM-INV-20251006,10/09/2025,OSM00000001769,Parcel Select Lightweight,2.0,$6.28
OSM-INV-20251006,10/10/2025,OSM00000001803,BPM,1.4,$5.30
OSM-INV-20251006,10/10/2025,OSM00000001784,Parcel Select Lightweight,2.3,$3.74
OSM-INV-20251006,10/10/2025,OSM00000001746,Parcel Select Lightweight,1.4,$3.80
OSM-INV-20251006,10/10/2025,OSM00000001792,BPM,2.1,$3.75
OSM-INV-20251006,10/10/2025,OSM00000001771,Parcel Select Lightweight,1.8,$3.40
OSM-INV-20251006,10/10/2025,OSM00000001797,BPM,0.6,$3.41
OSM-INV-20251006,10/10/2025,OSM00000001742,Parcel Select Lightweight,3.1,$3.30
OSM-INV-20251006,10/10/2025,OSM00000001756,Parcel Select Lightweight,4.6,$3.84
OSM-INV-20251006,10/10/2025,OSM00000001747,BPM,4.0,$3.87
OSM-INV-20251006,10/10/2025,OSM00000001759,Parcel Select Lightweight,2.9,$3.46
OSM-INV-20251006,10/10/2025,OSM00000001779,BPM,1.8,$3.45
OSM-INV-20251006,10/10/2025,OSM00000001754,BPM,0.9,$3.88
OSM-INV-20251006,10/10/2025,OSM00000001790,Parcel Select Lightweight,2.4,$3.79
OSM-INV-20251006,10/10/2025,OSM00000001804,Parcel Select Lightweight,1.7,$4.77
OSM-INV-20251006,10/10/2025,OSM00000001793,BPM,0.7,$4.98
OSM-INV-20251006,10/10/2025,OSM00000001743,BPM,2.1,$3.78
OSM-INV-20251006,10/10/2025,OSM00000001755,BPM,4.2,$3.81
OSM-INV-20251006,10/10/2025,OSM00000001763,Parcel Select Lightweight,1.5,$5.92
OSM-INV-20251006,10/10/2025,OSM00000001740,Parcel Select Lightweight,2.0,$3.61
OSM-INV-20251006,10/10/2025,OSM00000001798,BPM,2.1,$3.80
OSM-INV-20251006,10/10/2025,OSM00000001800,BPM,3.6,$5.12
OSM-INV-20251006,10/10/2025,OSM00000001780,Parcel Select Lightweight,0.8,$3.67
OSM-INV-20251006,10/10/2025,OSM00000001785,Parcel Select Lightweight,1.1,$3.32
OSM-INV-20251006,10/10/2025,OSM00000001789,BPM,5.2,$3.75
OSM-INV-20251006,10/10/2025,OSM00000001776,BPM,1.6,$3.45
OSM-INV-20251006,10/10/2025,OSM00000001775,BPM,2.2,$3.41
OSM-INV-20251006,10/10/2025,OSM00000001762,Parcel Select Lightweight,0.6,$3.96
OSM-INV-20251006,10/10/2025,OSM00000001794,Parcel Select Lightweight,1.6,$4.19
OSM-INV-20251006,10/10/2025,OSM00000001734,BPM,1.6,$6.30
OSM-INV-20251006,10/10/2025,OSM00000001783,Parcel Select Lightweight,3.3,$3.28
OSM-INV-20251006,10/10/2025,OSM00000001786,BPM,4.4,$3.27
OSM-INV-20251006,10/10/2025,OSM00000001774,BPM,2.1,$3.68
OSM-INV-20251006,10/10/2025,OSM00000001805,BPM,1.8,$3.55
OSM-INV-20251006,10/10/2025,OSM00000001773,Parcel Select Lightweight,1.7,$3.77
OSM-INV-20251006,10/11/2025,OSM00000001818,BPM,1.2,$3.59
OSM-INV-20251006,10/11/2025,OSM00000001817,BPM,0.9,$3.91
OSM-INV-20251006,10/11/2025,OSM00000001770,BPM,8.6,$3.77
OSM-INV-20251006,10/11/2025,OSM00000001814,Parcel Select Lightweight,1.1,$3.77
OSM-INV-20251006,10/11/2025,OSM00000001815,BPM,1.5,$3.68
OSM-INV-20251006,10/11/2025,OSM00000001791,BPM,1.4,$3.81
OSM-INV-20251006,10/11/2025,OSM00000001781,Parcel Select Lightweight,2.0,$3.85
OSM-INV-20251006,10/11/2025,OSM00000001801,BPM,0.4,$5.31
OSM-INV-20251006,10/11/2025,OSM00000001823,BPM,0.6,$4.31
OSM-INV-20251006,10/11/2025,OSM00000001808,BPM,1.8,$3.57
OSM-INV-20251006,10/11/2025,OSM00000001810,Parcel Select Lightweight,1.6,$3.45
OSM-INV-20251006,10/11/2025,OSM00000001821,Parcel Select Lightweight,0.9,$6.14
OSM-INV-20251006,10/11/2025,OSM00000001820,BPM,0.9,$5.06
OSM-INV-20251006,10/11/2025,OSM00000001806,BPM,2.1,$3.70
OSM-INV-20251006,10/11/2025,OSM00000001787,BPM,2.0,$3.73
OSM-INV-20251006,10/11/2025,OSM00000001795,BPM,0.9,$6.07
OSM-INV-20251006,10/11/2025,OSM00000001749,BPM,2.0,$3.31
OSM-INV-20251006,10/11/2025,OSM00000001811,BPM,2.0,$3.30
OSM-INV-20251006,10/11/2025,OSM00000001796,BPM,2.8,$4.91
OSM-INV-20251006,10/11/2025,OSM00000001772,BPM,0.9,$3.71
OSM-INV-20251006,10/11/2025,OSM00000001819,BPM,5.0,$6.00
OSM-INV-20251006,10/11/2025,OSM00000001809,Parcel Select Lightweight,4.2,$3.58
OSM-INV-20251006,10/11/2025,OSM00000001778,BPM,3.0,$3.39
OSM-INV-20251006,10/11/2025,OSM00000001813,Parcel Select Lightweight,1.2,$3.32
OSM-INV-20251006,10/11/2025,OSM00000001788,BPM,2.4,$3.34
OSM-INV-20251006,10/11/2025,OSM00000001822,BPM,4.6,$5.28
OSM-INV-20251006,10/11/2025,OSM00000001768,Parcel Select Lightweight,1.2,$6.36
OSM-INV-20251006,10/11/2025,OSM00000001802,BPM,1.3,$5.41
OSM-INV-20251006,10/11/2025,OSM00000001799,BPM,1.0,$5.84
OSM-INV-20251006,10/12/2025,OSM00000001816,BPM,2.8,$3.29
OSM-INV-20251006,10/12/2025,OSM00000001837,BPM,2.2,$3.81
OSM-INV-20251006,10/12/2025,OSM00000001854,BPM,6.6,$6.03
OSM-INV-20251006,10/12/2025,OSM00000001835,BPM,1.7,$3.48
OSM-INV-20251006,10/12/2025,OSM00000001846,Parcel Select Lightweight,1.4,$3.61
OSM-INV-20251006,10/12/2025,OSM00000001861,Parcel Select Lightweight,2.9,$6.11
OSM-INV-20251006,10/12/2025,OSM00000001828,Parcel Select Lightweight,1.8,$3.52
OSM-INV-20251006,10/12/2025,OSM00000001857,BPM,1.0,$4.72
OSM-INV-20251006,10/12/2025,OSM00000001852,BPM,4.0,$3.85
OSM-INV-20251006,10/12/2025,OSM00000001777,BPM,2.1,$3.46
OSM-INV-20251006,10/12/2025,OSM00000001782,BPM,0.4,$3.37
OSM-INV-20251006,10/12/2025,OSM00000001832,Parcel Select Lightweight,0.6,$3.70
OSM-INV-20251006,10/12/2025,OSM00000001829,BPM,4.5,$3.85
OSM-INV-20251006,10/12/2025,OSM00000001831,Parcel Select Lightweight,0.9,$3.71
OSM-INV-20251006,10/12/2025,OSM00000001847,BPM,2.5,$3.87
OSM-INV-20251006,10/12/2025,OSM00000001807,BPM,2.3,$3.87
OSM-INV-20251006,10/12/2025,OSM00000001839,BPM,4.0,$3.87
OSM-INV-20251006,10/12/2025,OSM00000001838,Parcel Select Lightweight,2.4,$3.89
OSM-INV-20251006,10/12/2025,OSM00000001812,BPM,2.1,$3.59
OSM-INV-20251006,10/12/2025,OSM00000001851,BPM,0.6,$3.38
OSM-INV-20251006,10/12/2025,OSM00000001827,Parcel Select Lightweight,0.6,$3.44
OSM-INV-20251006,10/12/2025,OSM00000001825,BPM,2.2,$3.71
OSM-INV-20251006,10/12/2025,OSM00000001850,BPM,2.0,$3.80
OSM-INV-20251006,10/12/2025,OSM00000001841,Parcel Select Lightweight,0.7,$3.27
OSM-INV-20251006,10/12/2025,OSM00000001824,BPM,1.0,$3.69
OSM-INV-20251006,10/12/2025,OSM00000001842,Parcel Select Lightweight,1.9,$3.52
OSM-INV-20251006,10/12/2025,OSM00000001830,Parcel Select Lightweight,3.0,$3.84
OSM-INV-20251006,10/12/2025,OSM00000001853,Parcel Select Lightweight,2.0,$3.31
OSM-INV-20251006,10/12/2025,OSM00000001849,BPM,1.0,$3.39
OSM-INV-20251006,10/12/2025,OSM00000001826,BPM,3.0,$3.49
OSM-INV-20251006,10/12/2025,OSM00000001855,BPM,1.0,$6.04
OSM-INV-20251006,10/12/2025,OSM00000001840,Parcel Select Lightweight,2.5,$3.56
OSM-INV-20251006,10/12/2025,OSM00000001845,Parcel Select Lightweight,1.4,$3.52
OSM-INV-20251013,10/13/2025,OSM00000001867,BPM,2.3,$3.63
OSM-INV-20251013,10/13/2025,OSM00000001874,BPM,2.4,$3.39
OSM-INV-20251013,10/13/2025,OSM00000001860,BPM,2.0,$4.34
OSM-INV-20251013,10/13/2025,OSM00000001876,BPM,1.6,$3.82
OSM-INV-20251013,10/13/2025,OSM00000001856,BPM,0.6,$3.50
OSM-INV-20251013,10/13/2025,OSM00000001872,Parcel Select Lightweight,1.6,$3.84
OSM-INV-20251013,10/13/2025,OSM00000001873,BPM,1.1,$3.32
OSM-INV-20251013,10/13/2025,OSM00000001862,BPM,4.3,$3.61
OSM-INV-20251013,10/13/2025,OSM00000001865,BPM,1.5,$3.70
OSM-INV-20251013,10/13/2025,OSM00000001882,Parcel Select Lightweight,1.1,$3.21
OSM-INV-20251013,10/13/2025,OSM00000001868,BPM,1.0,$3.34
OSM-INV-20251013,10/13/2025,OSM00000001833,Parcel Select Lightweight,0.6,$3.64
OSM-INV-20251013,10/13/2025,OSM00000001883,BPM,1.1,$5.10
OSM-INV-20251013,10/13/2025,OSM00000001878,BPM,1.4,$3.44
OSM-INV-20251013,10/13/2025,OSM00000001848,BPM,2.1,$3.79
OSM-INV-20251013,10/13/2025,OSM00000001884,Parcel Select Lightweight,0.9,$6.34
OSM-INV-20251013,10/13/2025,OSM00000001836,BPM,1.1,$3.44
OSM-INV-20251013,10/13/2025,OSM00000001870,Parcel Select Lightweight,1.5,$3.90
OSM-INV-20251013,10/13/2025,OSM00000001858,Parcel Select Lightweight,1.1,$3.21
OSM-INV-20251013,10/13/2025,OSM00000001843,BPM,1.7,$3.38
OSM-INV-20251013,10/13/2025,OSM00000001866,BPM,2.0,$3.71
OSM-INV-20251013,10/13/2025,OSM00000001844,BPM,0.9,$3.47
OSM-INV-20251013,10/13/2025,OSM00000001869,Parcel Select Lightweight,7.6,$3.28
OSM-INV-20251013,10/13/2025,OSM00000001859,BPM,0.9,$4.70
OSM-INV-20251013,10/14/2025,OSM00000001888,BPM,0.5,$3.63
OSM-INV-20251013,10/14/2025,OSM00000001899,BPM,1.8,$4.15
OSM-INV-20251013,10/14/2025,OSM00000001864,Parcel Select Lightweight,1.4,$3.46
OSM-INV-20251013,10/14/2025,OSM00000001863,Parcel Select Lightweight,1.5,$3.37
OSM-INV-20251013,10/14/2025,OSM00000001889,BPM,1.9,$3.90
OSM-INV-20251013,10/14/2025,OSM00000001896,Parcel Select Lightweight,3.1,$3.40
OSM-INV-20251013,10/14/2025,OSM00000001897,BPM,3.0,$3.86
OSM-INV-20251013,10/14/2025,OSM00000001875,BPM,1.9,$3.74
OSM-INV-20251013,10/14/2025,OSM00000001893,Parcel Select Lightweight,2.5,$3.90
OSM-INV-20251013,10/14/2025,OSM00000001904,BPM,2.2,$4.25
OSM-INV-20251013,10/14/2025,OSM00000001877,BPM,1.6,$3.66
OSM-INV-20251013,10/14/2025,OSM00000001892,BPM,1.5,$3.75
OSM-INV-20251013,10/14/2025,OSM00000001894,Parcel Select Lightweight,0.6,$3.78
OSM-INV-20251013,10/14/2025,OSM00000001901,BPM,2.0,$5.57
OSM-INV-20251013,10/14/2025,OSM00000001881,Parcel Select Lightweight,1.2,$4.04
OSM-INV-20251013,10/14/2025,OSM00000001880,BPM,0.7,$3.62
OSM-INV-20251013,10/14/2025,OSM00000001834,BPM,2.0,$3.61
OSM-INV-20251013,10/14/2025,OSM00000001879,BPM,3.7,$3.49
OSM-INV-20251013,10/14/2025,OSM00000001898,BPM,0.6,$3.63
OSM-INV-20251013,10/15/2025,OSM00000001909,BPM,1.8,$3.84
OSM-INV-20251013,10/15/2025,OSM00000001871,BPM,1.3,$3.61
OSM-INV-20251013,10/15/2025,OSM00000001913,Parcel Select Lightweight,3.3,$3.51
OSM-INV-20251013,10/15/2025,OSM00000001905,BPM,1.9,$4.82
OSM-INV-20251013,10/15/2025,OSM00000001885,Parcel Select Lightweight,1.4,$3.28
OSM-INV-20251013,10/15/2025,OSM00000001916,BPM,1.0,$3.64
OSM-INV-20251013,10/15/2025,OSM00000001915,BPM,2.4,$3.34
OSM-INV-20251013,10/15/2025,OSM00000001906,BPM,1.8,$3.59
OSM-INV-20251013,10/15/2025,OSM00000001920,Parcel Select Lightweight,0.9,$3.42
OSM-INV-20251013,10/15/2025,OSM00000001919,BPM,0.9,$3.82
OSM-INV-20251013,10/15/2025,OSM00000001926,BPM,2.4,$5.64
OSM-INV-20251013,10/15/2025,OSM00000001903,Parcel Select Lightweight,1.2,$5.42
OSM-INV-20251013,10/15/2025,OSM00000001928,BPM,1.5,$6.32
OSM-INV-20251013,10/15/2025,OSM00000001921,BPM,0.9,$3.31
OSM-INV-20251013,10/15/2025,OSM00000001900,BPM,1.1,$3.85
OSM-INV-20251013,10/15/2025,OSM00000001907,BPM,2.1,$3.45
OSM-INV-20251013,10/15/2025,OSM00000001922,BPM,2.1,$3.82
OSM-INV-20251013,10/15/2025,OSM00000001927,BPM,0.9,$5.64
OSM-INV-20251013,10/15/2025,OSM00000001917,BPM,1.0,$3.63
OSM-INV-20251013,10/15/2025,OSM00000001923,BPM,1.0,$3.88
OSM-INV-20251013,10/15/2025,OSM00000001887,BPM,11.0,$3.32
OSM-INV-20251013,10/15/2025,OSM00000001902,Parcel Select Lightweight,0.6,$4.25
OSM-INV-20251013,10/15/2025,OSM00000001929,Parcel Select Lightweight,1.8,$4.35
OSM-INV-20251013,10/15/2025,OSM00000001891,BPM,5.7,$3.78
OSM-INV-20251013,10/15/2025,OSM00000001924,Parcel Select Lightweight,1.5,$5.44
OSM-INV-20251013,10/15/2025,OSM00000001886,BPM,1.6,$3.83
OSM-INV-20251013,10/16/2025,OSM00000001912,BPM,0.9,$3.29
OSM-INV-20251013,10/16/2025,OSM00000001914,BPM,1.5,$3.48
OSM-INV-20251013,10/16/2025,OSM00000001910,Parcel Select Lightweight,0.8,$3.54
OSM-INV-20251013,10/16/2025,OSM00000001944,BPM,3.2,$3.61
OSM-INV-20251013,10/16/2025,OSM00000001943,Parcel Select Lightweight,2.1,$3.87
OSM-INV-20251013,10/16/2025,OSM00000001930,Parcel Select Lightweight,2.5,$3.24
OSM-INV-20251013,10/16/2025,OSM00000001954,BPM,3.9,$3.75
OSM-INV-20251013,10/16/2025,OSM00000001950,Parcel Select Lightweight,3.2,$3.33
OSM-INV-20251013,10/16/2025,OSM00000001955,BPM,1.3,$3.66
OSM-INV-20251013,10/16/2025,OSM00000001953,BPM,1.4,$3.51
OSM-INV-20251013,10/16/2025,OSM00000001895,Parcel Select Lightweight,1.8,$3.73
OSM-INV-20251013,10/16/2025,OSM00000001890,BPM,1.5,$3.89
OSM-INV-20251013,10/16/2025,OSM00000001940,Parcel Select Lightweight,2.0,$3.64
OSM-INV-20251013,10/16/2025,OSM00000001934,BPM,0.7,$3.43
OSM-INV-20251013,10/16/2025,OSM00000001956,BPM,1.8,$3.59
OSM-INV-20251013,10/16/2025,OSM00000001952,BPM,1.3,$3.39
OSM-INV-20251013,10/16/2025,OSM00000001949,BPM,1.1,$3.61
OSM-INV-20251013,10/16/2025,OSM00000001908,BPM,2.2,$3.29
OSM-INV-20251013,10/16/2025,OSM00000001947,Parcel Select Lightweight,3.7,$3.37
OSM-INV-20251013,10/16/2025,OSM00000001939,BPM,1.2,$3.35
OSM-INV-20251013,10/16/2025,OSM00000001948,BPM,1.3,$3.61
OSM-INV-20251013,10/16/2025,OSM00000001918,BPM,1.7,$3.57
OSM-INV-20251013,10/16/2025,OSM00000001941,Parcel Select Lightweight,1.1,$3.86
OSM-INV-20251013,10/16/2025,OSM00000001935,BPM,1.6,$3.63
OSM-INV-20251013,10/16/2025,OSM00000001937,Parcel Select Lightweight,0.6,$3.45
OSM-INV-20251013,10/16/2025,OSM00000001938,BPM,1.7,$3.48
OSM-INV-20251013,10/17/2025,OSM00000001969,Parcel Select Lightweight,2.4,$3.59
OSM-INV-20251013,10/17/2025,OSM00000001972,BPM,3.5,$3.39
OSM-INV-20251013,10/17/2025,OSM00000001977,BPM,2.1,$4.20
OSM-INV-20251013,10/17/2025,OSM00000001932,Parcel Select Lightweight,0.9,$3.51
OSM-INV-20251013,10/17/2025,OSM00000001946,BPM,6.8,$3.69
OSM-INV-20251013,10/17/2025,OSM00000001962,BPM,0.5,$3.47
OSM-INV-20251013,10/17/2025,OSM00000001945,BPM,1.3,$3.78
OSM-INV-20251013,10/17/2025,OSM00000001961,BPM,2.8,$3.31
OSM-INV-20251013,10/17/2025,OSM00000001931,BPM,1.3,$5.03
OSM-INV-20251013,10/17/2025,OSM00000001877,Credit - undeliverable,1.6,-$3.66
OSM-INV-20251013,10/17/2025,OSM00000001925,Parcel Select Lightweight,2.6,$6.13
OSM-INV-20251013,10/17/2025,OSM00000001964,Parcel Select Lightweight,6.8,$3.91
OSM-INV-20251013,10/17/2025,OSM00000001975,Parcel Select Lightweight,0.9,$3.42
OSM-INV-20251013,10/17/2025,OSM00000001966,BPM,1.3,$3.48
OSM-INV-20251013,10/17/2025,OSM00000001971,BPM,2.5,$3.74
OSM-INV-20251013,10/17/2025,OSM00000001959,Parcel Select Lightweight,1.2,$5.96
OSM-INV-20251013,10/17/2025,OSM00000001968,BPM,4.0,$3.63
OSM-INV-20251013,10/17/2025,OSM00000001951,BPM,4.6,$3.73
OSM-INV-20251013,10/17/2025,OSM00000001936,Parcel Select Lightweight,2.0,$3.63
OSM-INV-20251013,10/17/2025,OSM00000001958,Parcel Select Lightweight,2.2,$6.45
OSM-INV-20251013,10/17/2025,OSM00000001911,BPM,1.1,$3.31
OSM-INV-20251013,10/17/2025,OSM00000001957,Parcel Select Lightweight,1.5,$3.79
OSM-INV-20251013,10/17/2025,OSM00000001976,Parcel Select Lightweight,2.2,$4.24
OSM-INV-20251013,10/17/2025,OSM00000001942,Parcel Select Lightweight,0.7,$3.52
OSM-INV-20251013,10/17/2025,OSM00000001970,BPM,2.0,$3.76
OSM-INV-20251013,10/17/2025,OSM00000001967,Parcel Select Lightweight,2.6,$3.56
OSM-INV-20251013,10/18/2025,OSM00000001960,Parcel Select Lightweight,1.4,$3.48
OSM-INV-20251013,10/18/2025,OSM00000001978,Parcel Select Lightweight,2.0,$3.54
OSM-INV-20251013,10/18/2025,OSM00000001993,Parcel Select Lightweight,2.2,$3.56
OSM-INV-20251013,10/18/2025,OSM00000001996,BPM,1.2,$5.32
OSM-INV-20251013,10/18/2025,OSM00000001998,Parcel Select Lightweight,1.7,$3.51
OSM-INV-20251013,10/18/2025,OSM00000002002,BPM,2.4,$3.31
OSM-INV-20251013,10/18/2025,OSM00000001973,BPM,1.4,$3.27
OSM-INV-20251013,10/18/2025,OSM00000001986,BPM,2.9,$3.51
OSM-INV-20251013,10/18/2025,OSM00000001989,BPM,1.0,$3.86
OSM-INV-20251013,10/18/2025,OSM00000001913,Credit - undeliverable,3.3,-$3.51
OSM-INV-20251013,10/18/2025,OSM00000001974,BPM,0.8,$6.27
OSM-INV-20251013,10/18/2025,OSM00000001965,BPM,0.9,$3.88
OSM-INV-20251013,10/18/2025,OSM00000002006,BPM,1.3,$4.21
OSM-INV-20251013,10/18/2025,OSM00000001980,BPM,0.9,$3.41
OSM-INV-20251013,10/18/2025,OSM00000002000,Parcel Select Lightweight,1.8,$4.06
OSM-INV-20251013,10/18/2025,OSM00000001984,Parcel Select Lightweight,2.7,$3.33
OSM-INV-20251013,10/18/2025,OSM00000001982,BPM,1.3,$3.78
OSM-INV-20251013,10/18/2025,OSM00000001991,Parcel Select Lightweight,1.0,$3.62
OSM-INV-20251013,10/18/2025,OSM00000001933,BPM,1.9,$3.64
OSM-INV-20251013,10/18/2025,OSM00000002001,Parcel Select Lightweight,1.9,$3.91
OSM-INV-20251013,10/18/2025,OSM00000001987,Parcel Select Lightweight,0.9,$3.84
OSM-INV-20251013,10/18/2025,OSM00000002005,BPM,0.6,$3.36
OSM-INV-20251013,10/18/2025,OSM00000001963,BPM,1.3,$3.47
OSM-INV-20251013,10/18/2025,OSM00000002004,Parcel Select Lightweight,2.8,$4.64
OSM-INV-20251013,10/18/2025,OSM00000002008,Parcel Select Lightweight,3.4,$4.93
OSM-INV-20251013,10/18/2025,OSM00000001995,BPM,2.6,$6.27
OSM-INV-20251013,10/18/2025,OSM00000001994,BPM,1.1,$3.64
OSM-INV-20251013,10/18/2025,OSM00000001997,Parcel Select Lightweight,1.0,$3.48
OSM-INV-20251013,10/19/2025,OSM00000002016,Parcel Select Lightweight,1.3,$3.43
OSM-INV-20251013,10/19/2025,OSM00000002009,Parcel Select Lightweight,0.8,$3.77
OSM-INV-20251013,10/19/2025,OSM00000002032,Parcel Select Lightweight,2.7,$3.55
OSM-INV-20251013,10/19/2025,OSM00000001983,Parcel Select Lightweight,1.1,$3.28
OSM-INV-20251013,10/19/2025,OSM00000002037,BPM,4.2,$5.37
OSM-INV-20251013,10/19/2025,OSM00000002025,BPM,2.0,$3.58
OSM-INV-20251013,10/19/2025,OSM00000002040,BPM,0.8,$5.30
OSM-INV-20251013,10/19/2025,OSM00000002039,Parcel Select Lightweight,1.7,$4.72
OSM-INV-20251013,10/19/2025,OSM00000002027,Parcel Select Lightweight,1.6,$3.69
OSM-INV-20251013,10/19/2025,OSM00000002017,BPM,1.6,$3.70
OSM-INV-20251013,10/19/2025,OSM00000001990,BPM,0.9,$3.74
OSM-INV-20251013,10/19/2025,OSM00000002022,BPM,1.3,$3.31
OSM-INV-20251013,10/19/2025,OSM00000001988,BPM,2.9,$3.78
OSM-INV-20251013,10/19/2025,OSM00000002024,BPM,3.3,$3.37
OSM-INV-20251013,10/19/2025,OSM00000001979,BPM,1.4,$3.32
OSM-INV-20251013,10/19/2025,OSM00000002011,Parcel Select Lightweight,0.5,$3.66
OSM-INV-20251013,10/19/2025,OSM00000001981,BPM,1.8,$3.56
OSM-INV-20251013,10/19/2025,OSM00000002015,BPM,2.1,$3.59
OSM-INV-20251013,10/19/2025,OSM00000002003,Parcel Select Lightweight,0.8,$4.40
OSM-INV-20251013,10/19/2025,OSM00000002033,BPM,1.6,$3.39
OSM-INV-20251013,10/19/2025,OSM00000001992,BPM,1.9,$3.42
OSM-INV-20251013,10/19/2025,OSM00000002042,BPM,2.3,$3.55
OSM-INV-20251013,10/19/2025,OSM00000002038,BPM,1.1,$5.82
OSM-INV-20251013,10/19/2025,OSM00000002013,Parcel Select Lightweight,0.8,$3.85
OSM-INV-20251013,10/19/2025,OSM00000002020,BPM,2.4,$3.39
OSM-INV-20251013,10/19/2025,OSM00000001985,Parcel Select Lightweight,1.1,$3.84
OSM-INV-20251013,10/19/2025,OSM00000002029,BPM,1.0,$3.35
OSM-INV-20251013,10/19/2025,OSM00000002030,BPM,2.7,$3.30
OSM-INV-20251013,10/19/2025,OSM00000002031,Parcel Select Lightweight,0.9,$3.39
OSM-INV-20251013,10/19/2025,OSM00000002023,BPM,2.3,$3.73
OSM-INV-20251013,10/19/2025,OSM00000002035,BPM,1.0,$4.23
OSM-INV-20251013,10/19/2025,OSM00000002036,BPM,0.9,$5.04
OSM-INV-20251013,10/19/2025,OSM00000002007,BPM,2.3,$5.62
OSM-INV-20251013,10/19/2025,OSM00000001999,Parcel Select Lightweight,0.8,$5.71
OSM-INV-20251013,10/19/2025,OSM00000002026,BPM,0.5,$3.56
OSM-INV-20251020,10/20/2025,OSM00000002045,BPM,1.7,$3.84
OSM-INV-20251020,10/20/2025,OSM00000002058,Parcel Select Lightweight,3.6,$3.46
OSM-INV-20251020,10/20/2025,OSM00000002021,BPM,2.5,$3.88
OSM-INV-20251020,10/20/2025,OSM00000002028,BPM,1.5,$3.91
OSM-INV-20251020,10/20/2025,OSM00000002034,BPM,1.8,$5.11
OSM-INV-20251020,10/20/2025,OSM00000002061,Parcel Select Lightweight,1.3,$3.71
OSM-INV-20251020,10/20/2025,OSM00000002014,BPM,2.1,$3.30
OSM-INV-20251020,10/20/2025,OSM00000002055,BPM,1.4,$3.62
OSM-INV-20251020,10/20/2025,OSM00000002018,Parcel Select Lightweight,4.0,$3.34
OSM-INV-20251020,10/20/2025,OSM00000002019,Parcel Select Lightweight,1.4,$3.64
OSM-INV-20251020,10/20/2025,OSM00000002043,Parcel Select Lightweight,0.7,$4.91
OSM-INV-20251020,10/20/2025,OSM00000002010,Parcel Select Lightweight,5.1,$3.47
OSM-INV-20251020,10/20/2025,OSM00000002046,BPM,4.9,$3.65
OSM-INV-20251020,10/20/2025,OSM00000002052,Parcel Select Lightweight,2.8,$3.48
OSM-INV-20251020,10/20/2025,OSM00000002065,Parcel Select Lightweight,3.6,$4.59
OSM-INV-20251020,10/20/2025,OSM00000002049,BPM,1.0,$3.70
OSM-INV-20251020,10/20/2025,OSM00000002053,BPM,0.8,$3.58
OSM-INV-20251020,10/20/2025,OSM00000002054,BPM,1.0,$3.90
OSM-INV-20251020,10/20/2025,OSM00000002070,Parcel Select Lightweight,2.4,$4.60
OSM-INV-20251020,10/20/2025,OSM00000002041,Parcel Select Lightweight,0.6,$3.34
OSM-INV-20251020,10/20/2025,OSM00000002060,BPM,1.5,$3.29
OSM-INV-20251020,10/20/2025,OSM00000002069,BPM,3.0,$5.24
OSM-INV-20251020,10/20/2025,OSM00000002044,Parcel Select Lightweight,3.7,$3.52
OSM-INV-20251020,10/20/2025,OSM00000002012,Parcel Select Lightweight,3.6,$3.53
OSM-INV-20251020,10/20/2025,OSM00000002056,BPM,1.0,$3.57
OSM-INV-20251020,10/21/2025,OSM00000002100,BPM,1.0,$3.61
OSM-INV-20251020,10/21/2025,OSM00000002062,Parcel Select Lightweight,1.0,$4.38
OSM-INV-20251020,10/21/2025,OSM00000002076,Parcel Select Lightweight,2.3,$3.82
OSM-INV-20251020,10/21/2025,OSM00000002047,BPM,4.2,$3.74
OSM-INV-20251020,10/21/2025,OSM00000002079,BPM,0.9,$3.63
OSM-INV-20251020,10/21/2025,OSM00000002071,BPM,2.5,$4.89
OSM-INV-20251020,10/21/2025,OSM00000002089,Parcel Select Lightweight,0.6,$3.60
OSM-INV-20251020,10/21/2025,OSM00000002098,BPM,2.6,$5.51
OSM-INV-20251020,10/21/2025,OSM00000002073,BPM,1.5,$3.88
OSM-INV-20251020,10/21/2025,OSM00000002099,BPM,0.7,$5.69
OSM-INV-20251020,10/21/2025,OSM00000002093,BPM,0.7,$3.71
OSM-INV-20251020,10/21/2025,OSM00000002090,Parcel Select Lightweight,4.4,$3.82
OSM-INV-20251020,10/21/2025,OSM00000002051,Parcel Select Lightweight,1.3,$3.82
OSM-INV-20251020,10/21/2025,OSM00000002095,BPM,2.6,$3.28
OSM-INV-20251020,10/21/2025,OSM00000002101,BPM,1.6,$4.68
OSM-INV-20251020,10/21/2025,OSM00000001965,Credit - undeliverable,0.9,-$3.88
OSM-INV-20251020,10/21/2025,OSM00000002094,BPM,1.3,$5.62
OSM-INV-20251020,10/21/2025,OSM00000002080,BPM,2.2,$3.91
OSM-INV-20251020,10/21/2025,OSM00000002102,BPM,5.8,$3.85
OSM-INV-20251020,10/21/2025,OSM00000002092,Parcel Select Lightweight,0.7,$3.49
OSM-INV-20251020,10/21/2025,OSM00000002057,BPM,3.0,$3.81
OSM-INV-20251020,10/21/2025,OSM00000002085,Parcel Select Lightweight,1.2,$3.28
OSM-INV-20251020,10/21/2025,OSM00000002059,BPM,2.6,$3.43
OSM-INV-20251020,10/21/2025,OSM00000002067,Parcel Select Lightweight,1.4,$5.79
OSM-INV-20251020,10/21/2025,OSM00000002074,BPM,1.4,$3.63
OSM-INV-20251020,10/21/2025,OSM00000002048,BPM,1.4,$3.71
OSM-INV-20251020,10/21/2025,OSM00000002075,Parcel Select Lightweight,1.6,$3.69
OSM-INV-20251020,10/21/2025,OSM00000002096,BPM,0.6,$6.31
OSM-INV-20251020,10/21/2025,OSM00000002097,BPM,0.8,$3.44
OSM-INV-20251020,10/21/2025,OSM00000002081,Parcel Select Lightweight,1.7,$3.58
OSM-INV-20251020,10/21/2025,OSM00000002078,BPM,2.3,$3.53
OSM-INV-20251020,10/21/2025,OSM00000002050,Parcel Select Lightweight,2.7,$3.63
OSM-INV-20251020,10/21/2025,OSM00000002083,Parcel Select Lightweight,3.1,$3.82
OSM-INV-20251020,10/21/2025,OSM00000002066,BPM,1.1,$5.22
OSM-INV-20251020,10/21/2025,OSM00000002088,BPM,2.2,$3.44
OSM-INV-20251020,10/21/2025,OSM00000002086,BPM,1.3,$3.73
OSM-INV-20251020,10/21/2025,OSM00000002063,BPM,0.8,$5.02
OSM-INV-20251020,10/21/2025,OSM00000002082,Parcel Select Lightweight,1.6,$3.55
OSM-INV-20251020,10/21/2025,OSM00000002091,BPM,1.3,$3.38
OSM-INV-20251020,10/21/2025,OSM00000002064,BPM,2.9,$5.83
OSM-INV-20251020,10/22/2025,OSM00000002117,Parcel Select Lightweight,0.4,$3.41
OSM-INV-20251020,10/22/2025,OSM00000002113,BPM,1.4,$3.56
OSM-INV-20251020,10/22/2025,OSM00000002121,BPM,3.3,$3.36
OSM-INV-20251020,10/22/2025,OSM00000002126,BPM,4.7,$3.65
OSM-INV-20251020,10/22/2025,OSM00000002103,BPM,1.2,$3.69
OSM-INV-20251020,10/22/2025,OSM00000002124,Parcel Select Lightweight,2.9,$3.34
OSM-INV-20251020,10/22/2025,OSM00000002105,BPM,2.7,$3.68
OSM-INV-20251020,10/22/2025,OSM00000002072,Parcel Select Lightweight,1.1,$3.44
OSM-INV-20251020,10/22/2025,OSM00000002032,Credit - undeliverable,2.7,-$3.55
OSM-INV-20251020,10/22/2025,OSM00000002109,Parcel Select Lightweight,2.6,$3.76
OSM-INV-20251020,10/22/2025,OSM00000002107,Parcel Select Lightweight,1.5,$3.31
OSM-INV-20251020,10/22/2025,OSM00000002129,BPM,0.8,$5.54
OSM-INV-20251020,10/22/2025,OSM00000002077,BPM,1.0,$3.90
OSM-INV-20251020,10/22/2025,OSM00000002123,BPM,2.3,$5.75
OSM-INV-20251020,10/22/2025,OSM00000002084,BPM,1.8,$3.80
OSM-INV-20251020,10/22/2025,OSM00000002108,BPM,1.7,$3.69
OSM-INV-20251020,10/22/2025,OSM00000002118,BPM,1.8,$3.54
OSM-INV-20251020,10/22/2025,OSM00000002111,BPM,3.5,$3.87
OSM-INV-20251020,10/22/2025,OSM00000002119,Parcel Select Lightweight,4.0,$3.89
OSM-INV-20251020,10/22/2025,OSM00000002115,Parcel Select Lightweight,2.6,$3.80
OSM-INV-20251020,10/22/2025,OSM00000002104,Parcel Select Lightweight,1.5,$3.50
OSM-INV-20251020,10/22/2025,OSM00000002116,Parcel Select Lightweight,0.8,$3.83
OSM-INV-20251020,10/22/2025,OSM00000002125,BPM,0.8,$5.12
OSM-INV-20251020,10/22/2025,OSM00000002068,Parcel Select Lightweight,2.6,$4.39
OSM-INV-20251020,10/23/2025,OSM00000002137,Parcel Select Lightweight,1.1,$3.35
OSM-INV-20251020,10/23/2025,OSM00000002087,BPM,4.3,$3.53
OSM-INV-20251020,10/23/2025,OSM00000002146,BPM,1.3,$3.89
OSM-INV-20251020,10/23/2025,OSM00000002147,BPM,1.9,$3.30
OSM-INV-20251020,10/23/2025,OSM00000002112,BPM,2.6,$3.72
OSM-INV-20251020,10/23/2025,OSM00000002128,Parcel Select Lightweight,0.6,$6.09
OSM-INV-20251020,10/23/2025,OSM00000002110,BPM,1.0,$3.62
OSM-INV-20251020,10/23/2025,OSM00000002131,Parcel Select Lightweight,2.1,$3.42
OSM-INV-20251020,10/23/2025,OSM00000002142,BPM,1.0,$3.88
OSM-INV-20251020,10/23/2025,OSM00000002135,Parcel Select Lightweight,2.7,$3.56
OSM-INV-20251020,10/23/2025,OSM00000002114,Parcel Select Lightweight,1.8,$3.50
OSM-INV-20251020,10/23/2025,OSM00000002150,BPM,1.3,$3.74
OSM-INV-20251020,10/23/2025,OSM00000002122,Parcel Select Lightweight,0.8,$3.49
OSM-INV-20251020,10/23/2025,OSM00000002134,Parcel Select Lightweight,3.3,$3.73
OSM-INV-20251020,10/23/2025,OSM00000002153,BPM,1.2,$3.68
OSM-INV-20251020,10/23/2025,OSM00000002138,BPM,1.7,$3.89
OSM-INV-20251020,10/23/2025,OSM00000002046,Credit - undeliverable,4.9,-$3.65
OSM-INV-20251020,10/23/2025,OSM00000002144,BPM,1.2,$3.35
OSM-INV-20251020,10/23/2025,OSM00000002120,BPM,0.7,$3.61
OSM-INV-20251020,10/23/2025,OSM00000002140,BPM,5.0,$3.30
OSM-INV-20251020,10/23/2025,OSM00000002133,BPM,1.3,$3.42
OSM-INV-20251020,10/23/2025,OSM00000002130,BPM,1.9,$5.03
OSM-INV-20251020,10/23/2025,OSM00000002154,BPM,1.9,$6.36
OSM-INV-20251020,10/23/2025,OSM00000002139,Parcel Select Lightweight,1.2,$3.72
OSM-INV-20251020,10/23/2025,OSM00000002132,BPM,1.3,$3.81
OSM-INV-20251020,10/23/2025,OSM00000002152,BPM,0.5,$5.55
OSM-INV-20251020,10/23/2025,OSM00000002136,BPM,1.8,$3.67
OSM-INV-20251020,10/24/2025,OSM00000002156,BPM,7.1,$3.65
OSM-INV-20251020,10/24/2025,OSM00000002155,BPM,3.1,$3.69
OSM-INV-20251020,10/24/2025,OSM00000002162,BPM,1.5,$3.59
OSM-INV-20251020,10/24/2025,OSM00000002163,Parcel Select Lightweight,1.0,$3.70
OSM-INV-20251020,10/24/2025,OSM00000002161,BPM,1.0,$3.78
OSM-INV-20251020,10/24/2025,OSM00000002178,BPM,1.9,$3.89
OSM-INV-20251020,10/24/2025,OSM00000002177,Parcel Select Lightweight,2.8,$4.68
OSM-INV-20251020,10/24/2025,OSM00000002143,BPM,2.1,$3.36
OSM-INV-20251020,10/24/2025,OSM00000002151,BPM,1.8,$4.55
OSM-INV-20251020,10/24/2025,OSM00000002159,BPM,0.5,$3.68
OSM-INV-20251020,10/24/2025,OSM00000002176,Parcel Select Lightweight,1.6,$5.51
OSM-INV-20251020,10/24/2025,OSM00000002166,BPM,1.2,$3.54
OSM-INV-20251020,10/24/2025,OSM00000002175,Parcel Select Lightweight,1.1,$6.11
OSM-INV-20251020,10/24/2025,OSM00000002127,BPM,1.5,$5.52
OSM-INV-20251020,10/24/2025,OSM00000002149,BPM,2.1,$5.46
OSM-INV-20251020,10/24/2025,OSM00000002173,Parcel Select Lightweight,1.8,$5.75
OSM-INV-20251020,10/24/2025,OSM00000002106,BPM,1.7,$3.54
OSM-INV-20251020,10/24/2025,OSM00000002180,BPM,1.6,$5.69
OSM-INV-20251020,10/24/2025,OSM00000002141,BPM,1.6,$3.68
OSM-INV-20251020,10/24/2025,OSM00000002170,BPM,3.3,$4.69
OSM-INV-20251020,10/24/2025,OSM00000002160,Parcel Select Lightweight,1.0,$3.79
OSM-INV-20251020,10/24/2025,OSM00000002168,Parcel Select Lightweight,0.7,$3.85
OSM-INV-20251020,10/24/2025,OSM00000002165,BPM,4.2,$3.48
OSM-INV-20251020,10/25/2025,OSM00000002174,BPM,2.3,$3.31
OSM-INV-20251020,10/25/2025,OSM00000002199,Parcel Select Lightweight,4.0,$3.89
OSM-INV-20251020,10/25/2025,OSM00000002202,Parcel Select Lightweight,2.0,$3.46
OSM-INV-20251020,10/25/2025,OSM00000002167,Parcel Select Lightweight,1.6,$3.89
OSM-INV-20251020,10/25/2025,OSM00000002198,BPM,1.1,$3.54
OSM-INV-20251020,10/25/2025,OSM00000002148,BPM,2.7,$5.09
OSM-INV-20251020,10/25/2025,OSM00000002214,BPM,0.7,$3.57
OSM-INV-20251020,10/25/2025,OSM00000002206,Parcel Select Lightweight,1.2,$5.47
OSM-INV-20251020,10/25/2025,OSM00000002211,BPM,1.1,$5.14
OSM-INV-20251020,10/25/2025,OSM00000002186,Parcel Select Lightweight,2.0,$3.80
OSM-INV-20251020,10/25/2025,OSM00000002181,BPM,1.4,$3.32
OSM-INV-20251020,10/25/2025,OSM00000002201,Parcel Select Lightweight,1.0,$3.33
OSM-INV-20251020,10/25/2025,OSM00000002194,Parcel Select Lightweight,2.1,$3.62
OSM-INV-20251020,10/25/2025,OSM00000002210,Parcel Select Lightweight,2.2,$4.89
OSM-INV-20251020,10/25/2025,OSM00000002188,BPM,2.0,$3.29
OSM-INV-20251020,10/25/2025,OSM00000002145,BPM,1.2,$3.48
OSM-INV-20251020,10/25/2025,OSM00000002203,BPM,0.5,$3.81
OSM-INV-20251020,10/25/2025,OSM00000002208,Parcel Select Lightweight,2.0,$4.48
OSM-INV-20251020,10/25/2025,OSM00000002192,Parcel Select Lightweight,0.8,$3.57
OSM-INV-20251020,10/25/2025,OSM00000002164,BPM,1.0,$3.57
OSM-INV-20251020,10/25/2025,OSM00000002185,Parcel Select Lightweight,1.7,$3.80
OSM-INV-20251020,10/25/2025,OSM00000002179,BPM,2.8,$3.86
OSM-INV-20251020,10/25/2025,OSM00000002184,Parcel Select Lightweight,1.3,$3.80
OSM-INV-20251020,10/25/2025,OSM00000002213,Parcel Select Lightweight,5.1,$5.90
OSM-INV-20251020,10/25/2025,OSM00000002200,BPM,0.5,$3.73
OSM-INV-20251020,10/25/2025,OSM00000002197,Parcel Select Lightweight,1.8,$3.31
OSM-INV-20251020,10/25/2025,OSM00000002158,BPM,2.0,$3.51
OSM-INV-20251020,10/25/2025,OSM00000002171,Parcel Select Lightweight,0.6,$5.51
OSM-INV-20251020,10/25/2025,OSM00000002169,BPM,0.4,$3.49
OSM-INV-20251020,10/25/2025,OSM00000002190,BPM,6.3,$3.49
OSM-INV-20251020,10/25/2025,OSM00000002204,BPM,2.2,$3.73
OSM-INV-20251020,10/25/2025,OSM00000002157,BPM,4.2,$3.52
OSM-INV-20251020,10/25/2025,OSM00000002187,BPM,0.5,$3.75
OSM-INV-20251020,10/25/2025,OSM00000002207,BPM,0.8,$3.75
OSM-INV-20251020,10/25/2025,OSM00000002189,BPM,0.4,$3.72
OSM-INV-20251020,10/26/2025,OSM00000002218,Parcel Select Lightweight,2.5,$3.56
OSM-INV-20251020,10/26/2025,OSM00000002238,BPM,1.9,$3.37
OSM-INV-20251020,10/26/2025,OSM00000002251,Parcel Select Lightweight,1.3,$5.63
OSM-INV-20251020,10/26/2025,OSM00000002183,BPM,2.4,$3.79
OSM-INV-20251020,10/26/2025,OSM00000002240,Parcel Select Lightweight,2.1,$3.84
OSM-INV-20251020,10/26/2025,OSM00000002172,Parcel Select Lightweight,0.9,$4.95
OSM-INV-20251020,10/26/2025,OSM00000002193,BPM,1.5,$3.82
OSM-INV-20251020,10/26/2025,OSM00000002221,BPM,1.2,$3.86
OSM-INV-20251020,10/26/2025,OSM00000002224,BPM,1.6,$3.57
OSM-INV-20251020,10/26/2025,OSM00000002182,BPM,2.8,$3.80
OSM-INV-20251020,10/26/2025,OSM00000002231,Parcel Select Lightweight,2.1,$3.79
OSM-INV-20251020,10/26/2025,OSM00000002250,Parcel Select Lightweight,1.6,$3.59
OSM-INV-20251020,10/26/2025,OSM00000002246,BPM,3.8,$6.39
OSM-INV-20251020,10/26/2025,OSM00000002234,BPM,1.5,$3.61
OSM-INV-20251020,10/26/2025,OSM00000002249,BPM,1.1,$4.76
OSM-INV-20251020,10/26/2025,OSM00000002222,BPM,1.0,$3.44
OSM-INV-20251020,10/26/2025,OSM00000002223,Parcel Select Lightweight,0.7,$3.47
OSM-INV-20251020,10/26/2025,OSM00000002230,BPM,0.9,$3.31
OSM-INV-20251020,10/26/2025,OSM00000002215,BPM,3.0,$3.54
OSM-INV-20251020,10/26/2025,OSM00000002219,Parcel Select Lightweight,1.4,$3.72
OSM-INV-20251020,10/26/2025,OSM00000002236,Parcel Select Lightweight,1.7,$3.28
OSM-INV-20251020,10/26/2025,OSM00000002232,BPM,0.6,$3.70
OSM-INV-20251020,10/26/2025,OSM00000002209,BPM,0.9,$3.37
OSM-INV-20251020,10/26/2025,OSM00000002216,BPM,1.2,$3.40
OSM-INV-20251020,10/26/2025,OSM00000002237,BPM,0.9,$3.64
OSM-INV-20251020,10/26/2025,OSM00000002226,Parcel Select Lightweight,4.3,$3.29
OSM-INV-20251020,10/26/2025,OSM00000002235,BPM,1.9,$3.69
OSM-INV-20251020,10/26/2025,OSM00000002239,BPM,1.5,$3.36
OSM-INV-20251020,10/26/2025,OSM00000002220,Parcel Select Lightweight,0.9,$3.90
OSM-INV-20251020,10/26/2025,OSM00000002244,BPM,0.9,$3.49
OSM-INV-20251020,10/26/2025,OSM00000002225,BPM,1.7,$3.77
OSM-INV-20251020,10/26/2025,OSM00000002195,BPM,2.7,$3.76
OSM-INV-20251027,10/27/2025,OSM00000002241,BPM,1.3,$3.52
OSM-INV-20251027,10/27/2025,OSM00000002212,BPM,0.8,$5.96
OSM-INV-20251027,10/27/2025,OSM00000002205,BPM,2.1,$3.30
OSM-INV-20251027,10/27/2025,OSM00000002254,BPM,1.3,$3.41
OSM-INV-20251027,10/27/2025,OSM00000002253,Parcel Select Lightweight,8.4,$3.86
OSM-INV-20251027,10/27/2025,OSM00000002248,BPM,1.7,$6.22
OSM-INV-20251027,10/27/2025,OSM00000002196,BPM,3.1,$3.64
OSM-INV-20251027,10/27/2025,OSM00000002271,BPM,3.3,$5.64
OSM-INV-20251027,10/27/2025,OSM00000002256,BPM,1.8,$3.51
OSM-INV-20251027,10/27/2025,OSM00000002252,Parcel Select Lightweight,1.7,$3.58
OSM-INV-20251027,10/27/2025,OSM00000002267,BPM,4.1,$3.90
OSM-INV-20251027,10/27/2025,OSM00000002259,BPM,1.5,$3.68
OSM-INV-20251027,10/27/2025,OSM00000002217,BPM,1.6,$3.80
OSM-INV-20251027,10/27/2025,OSM00000002245,Parcel Select Lightweight,3.1,$3.28
OSM-INV-20251027,10/27/2025,OSM00000002227,Parcel Select Lightweight,3.5,$3.71
OSM-INV-20251027,10/27/2025,OSM00000002178,Credit - undeliverable,1.9,-$3.89
OSM-INV-20251027,10/27/2025,OSM00000002228,BPM,4.5,$3.46
OSM-INV-20251027,10/27/2025,OSM00000002242,BPM,1.2,$3.35
OSM-INV-20251027,10/27/2025,OSM00000002191,BPM,2.7,$3.90
OSM-INV-20251027,10/27/2025,OSM00000002265,BPM,1.8,$3.72
OSM-INV-20251027,10/27/2025,OSM00000002247,BPM,1.3,$6.21
OSM-INV-20251027,10/27/2025,OSM00000002269,BPM,1.9,$5.03
OSM-INV-20251027,10/27/2025,OSM00000002258,Parcel Select Lightweight,1.2,$3.42
OSM-INV-20251027,10/27/2025,OSM00000002233,BPM,1.1,$3.44
OSM-INV-20251027,10/27/2025,OSM00000002263,Parcel Select Lightweight,2.1,$3.77
OSM-INV-20251027,10/27/2025,OSM00000002229,BPM,0.8,$3.58
OSM-INV-20251027,10/27/2025,OSM00000002243,BPM,2.0,$3.80
OSM-INV-20251027,10/27/2025,OSM00000002260,BPM,1.1,$3.73
OSM-INV-20251027,10/28/2025,OSM00000002282,Parcel Select Lightweight,0.9,$3.62
OSM-INV-20251027,10/28/2025,OSM00000002275,BPM,2.2,$3.89
OSM-INV-20251027,10/28/2025,OSM00000002276,Parcel Select Lightweight,3.9,$3.87
OSM-INV-20251027,10/28/2025,OSM00000002280,BPM,1.4,$3.55
OSM-INV-20251027,10/28/2025,OSM00000002273,BPM,3.1,$3.90
OSM-INV-20251027,10/28/2025,OSM00000002270,Parcel Select Lightweight,1.6,$3.83
OSM-INV-20251027,10/28/2025,OSM00000002274,BPM,1.8,$3.54
OSM-INV-20251027,10/28/2025,OSM00000002297,Parcel Select Lightweight,1.3,$5.33
OSM-INV-20251027,10/28/2025,OSM00000002299,Parcel Select Lightweight,1.4,$3.74
OSM-INV-20251027,10/28/2025,OSM00000002257,Parcel Select Lightweight,1.1,$3.56
OSM-INV-20251027,10/28/2025,OSM00000002298,BPM,0.3,$4.12
OSM-INV-20251027,10/28/2025,OSM00000002210,Credit - undeliverable,2.2,-$4.89
OSM-INV-20251027,10/28/2025,OSM00000002286,BPM,3.6,$3.28
OSM-INV-20251027,10/28/2025,OSM00000002295,BPM,1.2,$3.82
OSM-INV-20251027,10/28/2025,OSM00000002284,BPM,2.0,$3.82
OSM-INV-20251027,10/28/2025,OSM00000002291,BPM,1.4,$3.48
OSM-INV-20251027,10/28/2025,OSM00000002272,Parcel Select Lightweight,0.9,$3.86
OSM-INV-20251027,10/28/2025,OSM00000002283,BPM,1.0,$3.38
OSM-INV-20251027,10/28/2025,OSM00000002262,BPM,0.7,$3.81
OSM-INV-20251027,10/28/2025,OSM00000002292,BPM,2.2,$4.50
OSM-INV-20251027,10/28/2025,OSM00000002264,BPM,0.9,$3.74
OSM-INV-20251027,10/28/2025,OSM00000002296,BPM,1.5,$6.13
OSM-INV-20251027,10/28/2025,OSM00000002290,Parcel Select Lightweight,2.2,$3.78
OSM-INV-20251027,10/28/2025,OSM00000002294,BPM,1.8,$5.61
OSM-INV-20251027,10/28/2025,OSM00000002255,BPM,1.0,$3.28
OSM-INV-20251027,10/28/2025,OSM00000002278,BPM,1.6,$3.32
OSM-INV-20251027,10/28/2025,OSM00000002261,BPM,2.9,$3.69
OSM-INV-20251027,10/29/2025,OSM00000002324,BPM,0.8,$4.53
OSM-INV-20251027,10/29/2025,OSM00000002320,BPM,1.3,$3.58
OSM-INV-20251027,10/29/2025,OSM00000002288,BPM,4.0,$3.38
OSM-INV-20251027,10/29/2025,OSM00000002301,Parcel Select Lightweight,1.9,$3.85
OSM-INV-20251027,10/29/2025,OSM00000002281,Parcel Select Lightweight,1.4,$3.76
OSM-INV-20251027,10/29/2025,OSM00000002325,Parcel Select Lightweight,4.5,$4.44
OSM-INV-20251027,10/29/2025,OSM00000002285,BPM,2.9,$3.40
OSM-INV-20251027,10/29/2025,OSM00000002268,Parcel Select Lightweight,3.2,$5.44
OSM-INV-20251027,10/29/2025,OSM00000002318,BPM,2.6,$3.63
OSM-INV-20251027,10/29/2025,OSM00000002305,BPM,1.0,$3.70
OSM-INV-20251027,10/29/2025,OSM00000002266,Parcel Select Lightweight,1.2,$3.65
OSM-INV-20251027,10/29/2025,OSM00000002322,Parcel Select Lightweight,1.2,$3.36
OSM-INV-20251027,10/29/2025,OSM00000002302,BPM,1.0,$3.74
OSM-INV-20251027,10/29/2025,OSM00000002312,BPM,1.5,$3.81
OSM-INV-20251027,10/29/2025,OSM00000002289,Parcel Select Lightweight,1.8,$3.91
OSM-INV-20251027,10/29/2025,OSM00000002277,BPM,1.0,$3.59
OSM-INV-20251027,10/29/2025,OSM00000002329,BPM,1.7,$3.27
OSM-INV-20251027,10/29/2025,OSM00000002279,BPM,1.0,$3.60
OSM-INV-20251027,10/29/2025,OSM00000002321,Parcel Select Lightweight,1.6,$3.55
OSM-INV-20251027,10/29/2025,OSM00000002327,BPM,2.0,$4.95
OSM-INV-20251027,10/29/2025,OSM00000002287,BPM,3.1,$3.85
OSM-INV-20251027,10/29/2025,OSM00000002326,Parcel Select Lightweight,0.9,$3.49
OSM-INV-20251027,10/29/2025,OSM00000002303,BPM,1.2,$3.35
OSM-INV-20251027,10/29/2025,OSM00000002319,BPM,0.9,$3.31
OSM-INV-20251027,10/29/2025,OSM00000002307,Parcel Select Lightweight,1.7,$3.41
OSM-INV-20251027,10/29/2025,OSM00000002311,BPM,0.8,$3.73
OSM-INV-20251027,10/29/2025,OSM00000002314,Parcel Select Lightweight,2.0,$3.55
OSM-INV-20251027,10/29/2025,OSM00000002315,BPM,1.0,$3.66
OSM-INV-20251027,10/29/2025,OSM00000002317,Parcel Select Lightweight,0.9,$3.35
OSM-INV-20251027,10/29/2025,OSM00000002293,BPM,1.2,$4.89
OSM-INV-20251027,10/29/2025,OSM00000002323,BPM,7.0,$4.49
OSM-INV-20251027,10/29/2025,OSM00000002316,BPM,1.2,$3.80
OSM-INV-20251027,10/30/2025,OSM00000002355,Parcel Select Lightweight,1.1,$6.29
OSM-INV-20251027,10/30/2025,OSM00000002340,Parcel Select Lightweight,1.9,$3.41
OSM-INV-20251027,10/30/2025,OSM00000002346,Parcel Select Lightweight,0.7,$3.51
OSM-INV-20251027,10/30/2025,OSM00000002353,BPM,1.2,$5.54
OSM-INV-20251027,10/30/2025,OSM00000002342,Parcel Select Lightweight,1.5,$3.58
OSM-INV-20251027,10/30/2025,OSM00000002330,BPM,2.9,$3.82
OSM-INV-20251027,10/30/2025,OSM00000002341,BPM,4.8,$3.85
OSM-INV-20251027,10/30/2025,OSM00000002356,BPM,1.4,$4.25
OSM-INV-20251027,10/30/2025,OSM00000002347,BPM,0.6,$3.74
OSM-INV-20251027,10/30/2025,OSM00000002349,BPM,1.4,$3.89
OSM-INV-20251027,10/30/2025,OSM00000002334,Parcel Select Lightweight,2.7,$3.42
OSM-INV-20251027,10/30/2025,OSM00000002350,Parcel Select Lightweight,0.5,$3.61
OSM-INV-20251027,10/30/2025,OSM00000002313,BPM,0.7,$3.60
OSM-INV-20251027,10/30/2025,OSM00000002360,BPM,2.0,$3.44
OSM-INV-20251027,10/30/2025,OSM00000002333,BPM,1.8,$3.42
OSM-INV-20251027,10/30/2025,OSM00000002354,BPM,1.3,$5.84
OSM-INV-20251027,10/30/2025,OSM00000002308,BPM,6.0,$3.28
OSM-INV-20251027,10/30/2025,OSM00000002358,BPM,2.1,$3.88
OSM-INV-20251027,10/30/2025,OSM00000002357,Parcel Select Lightweight,3.4,$4.94
OSM-INV-20251027,10/30/2025,OSM00000002331,Parcel Select Lightweight,1.3,$3.38
OSM-INV-20251027,10/30/2025,OSM00000002359,BPM,1.9,$3.25
OSM-INV-20251027,10/30/2025,OSM00000002343,BPM,1.0,$3.80
OSM-INV-20251027,10/30/2025,OSM00000002332,BPM,1.3,$3.43
OSM-INV-20251027,10/30/2025,OSM00000002351,Parcel Select Lightweight,1.9,$6.49
OSM-INV-20251027,10/30/2025,OSM00000002300,BPM,0.6,$3.63
OSM-INV-20251027,10/31/2025,OSM00000002309,BPM,1.1,$3.64
OSM-INV-20251027,10/31/2025,OSM00000002377,BPM,2.2,$3.46
OSM-INV-20251027,10/31/2025,OSM00000002381,BPM,1.6,$5.33
OSM-INV-20251027,10/31/2025,OSM00000002369,Parcel Select Lightweight,1.5,$3.45
OSM-INV-20251027,10/31/2025,OSM00000002337,Parcel Select Lightweight,1.0,$3.61
OSM-INV-20251027,10/31/2025,OSM00000002379,BPM,2.2,$3.55
OSM-INV-20251027,10/31/2025,OSM00000002387,Parcel Select Lightweight,2.5,$4.61
OSM-INV-20251027,10/31/2025,OSM00000002306,BPM,3.7,$3.33
OSM-INV-20251027,10/31/2025,OSM00000002385,BPM,0.9,$4.19
OSM-INV-20251027,10/31/2025,OSM00000002338,Parcel Select Lightweight,2.9,$3.79
OSM-INV-20251027,10/31/2025,OSM00000002382,Parcel Select Lightweight,0.8,$6.15
OSM-INV-20251027,10/31/2025,OSM00000002348,BPM,2.4,$3.66
OSM-INV-20251027,10/31/2025,OSM00000002383,Parcel Select Lightweight,1.3,$6.11
OSM-INV-20251027,10/31/2025,OSM00000002304,BPM,1.9,$3.80
OSM-INV-20251027,10/31/2025,OSM00000002345,Parcel Select Lightweight,0.8,$3.80
OSM-INV-20251027,10/31/2025,OSM00000002389,BPM,1.0,$6.00
OSM-INV-20251027,10/31/2025,OSM00000002376,BPM,3.3,$3.43
OSM-INV-20251027,10/31/2025,OSM00000002310,BPM,3.1,$3.70
OSM-INV-20251027,10/31/2025,OSM00000002372,BPM,3.1,$3.86
OSM-INV-20251027,10/31/2025,OSM00000002328,Parcel Select Lightweight,0.4,$6.46
OSM-INV-20251027,10/31/2025,OSM00000002373,Parcel Select Lightweight,0.8,$3.61
OSM-INV-20251027,10/31/2025,OSM00000002336,BPM,3.7,$3.87
OSM-INV-20251027,10/31/2025,OSM00000002368,BPM,4.2,$3.59
OSM-INV-20251027,10/31/2025,OSM00000002370,BPM,1.4,$3.54
OSM-INV-20251027,10/31/2025,OSM00000002371,Parcel Select Lightweight,3.1,$3.57
OSM-INV-20251027,10/31/2025,OSM00000002335,Parcel Select Lightweight,5.3,$3.38
OSM-INV-20251027,10/31/2025,OSM00000002380,BPM,1.8,$4.64
OSM-INV-20251027,10/31/2025,OSM00000002344,BPM,0.5,$3.61
OSM-INV-20251027,10/31/2025,OSM00000002339,Parcel Select Lightweight,1.3,$3.66
OSM-INV-20251027,10/31/2025,OSM00000002388,BPM,4.2,$5.40
OSM-INV-20251027,10/31/2025,OSM00000002364,BPM,1.8,$3.43
,,,,Total,"$3,453.24"
