Request Date,Tracking Number,Carrier,Service,Refund Amount,Refund Status
08/04/2026,9405500000000000002813,USPS,Ground Advantage,$10.12,Approved
08/05/2026,9405500000000000002864,USPS,Ground Advantage,$8.28,Approved
08/07/2026,9405500000000000002879,USPS,Ground Advantage,$11.84,Approved
08/09/2026,9405500000000000002978,USPS,Ground Advantage,$5.46,Approved
08/13/2026,9405500000000000003096,USPS,Priority Mail,$6.54,Approved
08/13/2026,9405500000000000003098,USPS,Ground Advantage,$13.85,Approved
08/16/2026,9405500000000000003174,USPS,Ground Advantage,$13.27,Approved
08/20/2026,9405500000000000003270,USPS,Ground Advantage,$21.31,Approved
08/22/2026,9405500000000000003368,USPS,Priority Mail,$11.06,Approved
08/23/2026,9405500000000000003400,USPS,Ground Advantage,$10.44,Approved
08/24/2026,9405500000000000003397,USPS,Ground Advantage,$10.81,Approved
08/31/2026,9405500000000000003691,USPS,Ground Advantage,$4.74,Approved
