OSM Worldwide invoice OSM-INV-20260914,,,,,
Invoice #,Ship Date,Tracking,Service,Weight,Charge
OSM-INV-20260914,09/14/2026,OSM00000003662,BPM,1.0,$5.55
OSM-INV-20260914,09/14/2026,OSM00000003653,Parcel Select Lightweight,1.4,$3.59
OSM-INV-20260914,09/14/2026,OSM00000003683,Parcel Select Lightweight,1.6,$3.78
OSM-INV-20260914,09/14/2026,OSM00000003698,BPM,3.2,$3.84
OSM-INV-20260914,09/14/2026,OSM00000003700,Parcel Select Lightweight,0.8,$3.59
OSM-INV-20260914,09/14/2026,OSM00000003679,BPM,4.9,$3.53
OSM-INV-20260914,09/14/2026,OSM00000003697,BPM,2.3,$5.57
OSM-INV-20260914,09/14/2026,OSM00000003664,Parcel Select Lightweight,3.6,$4.55
OSM-INV-20260914,09/14/2026,OSM00000003699,BPM,3.8,$4.60
OSM-INV-20260914,09/14/2026,OSM00000003696,Parcel Select Lightweight,0.5,$4.44
OSM-INV-20260914,09/14/2026,OSM00000003677,Parcel Select Lightweight,1.1,$3.83
OSM-INV-20260914,09/14/2026,OSM00000003599,Credit - undeliverable,2.4,-$3.36
OSM-INV-20260914,09/14/2026,OSM00000003665,BPM,1.1,$4.77
OSM-INV-20260914,09/14/2026,OSM00000003661,BPM,1.7,$3.26
OSM-INV-20260914,09/14/2026,OSM00000003689,BPM,0.9,$4.43
OSM-INV-20260914,09/14/2026,OSM00000003667,Parcel Select Lightweight,0.8,$3.44
OSM-INV-20260914,09/14/2026,OSM00000003666,Parcel Select Lightweight,2.2,$3.38
OSM-INV-20260914,09/14/2026,OSM00000003691,BPM,2.7,$6.22
OSM-INV-20260914,09/14/2026,OSM00000003669,BPM,2.2,$3.48
OSM-INV-20260914,09/14/2026,OSM00000003690,BPM,2.9,$3.51
OSM-INV-20260914,09/14/2026,OSM00000003668,Parcel Select Lightweight,0.8,$3.66
OSM-INV-20260914,09/14/2026,OSM00000003693,BPM,2.2,$6.46
OSM-INV-20260914,09/14/2026,OSM00000003695,BPM,6.0,$6.17
OSM-INV-20260914,09/14/2026,OSM00000003678,BPM,1.0,$3.59
OSM-INV-20260914,09/14/2026,OSM00000003680,BPM,4.1,$3.73
OSM-INV-20260914,09/14/2026,OSM00000003642,Parcel Select Lightweight,1.3,$3.29
OSM-INV-20260914,09/14/2026,OSM00000003692,BPM,1.2,$4.04
OSM-INV-20260914,09/14/2026,OSM00000003686,BPM,1.4,$3.46
OSM-INV-20260914,09/14/2026,OSM00000003675,BPM,0.8,$3.35
OSM-INV-20260914,09/15/2026,OSM00000003705,BPM,2.0,$3.89
OSM-INV-20260914,09/15/2026,OSM00000003717,Parcel Select Lightweight,0.4,$3.78
OSM-INV-20260914,09/15/2026,OSM00000003694,BPM,5.4,$6.43
OSM-INV-20260914,09/15/2026,OSM00000003719,BPM,2.4,$3.74
OSM-INV-20260914,09/15/2026,OSM00000003714,BPM,1.1,$3.28
OSM-INV-20260914,09/15/2026,OSM00000003711,BPM,1.4,$3.47
OSM-INV-20260914,09/15/2026,OSM00000003721,BPM,1.4,$4.92
OSM-INV-20260914,09/15/2026,OSM00000003724,Parcel Select Lightweight,1.3,$3.70
OSM-INV-20260914,09/15/2026,OSM00000003681,BPM,1.7,$3.49
OSM-INV-20260914,09/15/2026,OSM00000003730,Parcel Select Lightweight,1.0,$5.48
OSM-INV-20260914,09/15/2026,OSM00000003708,BPM,1.8,$3.66
OSM-INV-20260914,09/15/2026,OSM00000003682,BPM,3.6,$3.78
OSM-INV-20260914,09/15/2026,OSM00000003728,BPM,1.0,$4.17
OSM-INV-20260914,09/15/2026,OSM00000003672,BPM,2.3,$3.74
OSM-INV-20260914,09/15/2026,OSM00000003718,Parcel Select Lightweight,2.2,$3.32
OSM-INV-20260914,09/15/2026,OSM00000003687,BPM,0.6,$3.90
OSM-INV-20260914,09/15/2026,OSM00000003713,BPM,0.8,$3.36
OSM-INV-20260914,09/15/2026,OSM00000003729,Parcel Select Lightweight,0.8,$4.00
OSM-INV-20260914,09/15/2026,OSM00000003658,Parcel Select Lightweight,2.1,$3.66
OSM-INV-20260914,09/15/2026,OSM00000003659,Parcel Select Lightweight,1.7,$5.31
OSM-INV-20260914,09/15/2026,OSM00000003703,Parcel Select Lightweight,1.5,$3.90
OSM-INV-20260914,09/15/2026,OSM00000003673,BPM,1.8,$3.80
OSM-INV-20260914,09/15/2026,OSM00000003715,BPM,0.6,$3.33
OSM-INV-20260914,09/15/2026,OSM00000003726,BPM,2.5,$5.94
OSM-INV-20260914,09/15/2026,OSM00000003674,BPM,1.9,$3.76
OSM-INV-20260914,09/15/2026,OSM00000003688,BPM,0.7,$3.61
OSM-INV-20260914,09/15/2026,OSM00000003636,BPM,3.1,$3.56
OSM-INV-20260914,09/15/2026,OSM00000003684,Parcel Select Lightweight,3.4,$3.88
OSM-INV-20260914,09/16/2026,OSM00000003676,Parcel Select Lightweight,3.4,$3.52
OSM-INV-20260914,09/16/2026,OSM00000003740,Parcel Select Lightweight,3.9,$3.65
OSM-INV-20260914,09/16/2026,OSM00000003685,Parcel Select Lightweight,1.7,$3.53
OSM-INV-20260914,09/16/2026,OSM00000003764,Parcel Select Lightweight,1.3,$4.38
OSM-INV-20260914,09/16/2026,OSM00000003731,Parcel Select Lightweight,0.6,$6.12
OSM-INV-20260914,09/16/2026,OSM00000003734,BPM,1.5,$3.69
OSM-INV-20260914,09/16/2026,OSM00000003723,Parcel Select Lightweight,1.9,$4.86
OSM-INV-20260914,09/16/2026,OSM00000003762,BPM,0.8,$5.17
OSM-INV-20260914,09/16/2026,OSM00000003752,BPM,1.3,$3.48
OSM-INV-20260914,09/16/2026,OSM00000003736,Parcel Select Lightweight,3.8,$3.88
OSM-INV-20260914,09/16/2026,OSM00000003739,BPM,1.9,$3.30
OSM-INV-20260914,09/16/2026,OSM00000003746,BPM,0.9,$3.88
OSM-INV-20260914,09/16/2026,OSM00000003725,Parcel Select Lightweight,1.7,$5.89
OSM-INV-20260914,09/16/2026,OSM00000003745,Parcel Select Lightweight,1.5,$3.67
OSM-INV-20260914,09/16/2026,OSM00000003747,BPM,3.0,$3.40
OSM-INV-20260914,09/16/2026,OSM00000003756,Parcel Select Lightweight,1.5,$3.45
OSM-INV-20260914,09/16/2026,OSM00000003757,BPM,1.8,$3.79
OSM-INV-20260914,09/16/2026,OSM00000003763,BPM,2.2,$3.90
OSM-INV-20260914,09/16/2026,OSM00000003709,BPM,1.6,$3.84
OSM-INV-20260914,09/16/2026,OSM00000003732,BPM,1.2,$3.50
OSM-INV-20260914,09/16/2026,OSM00000003710,Parcel Select Lightweight,1.2,$3.59
OSM-INV-20260914,09/16/2026,OSM00000003743,Parcel Select Lightweight,0.9,$3.42
OSM-INV-20260914,09/16/2026,OSM00000003727,BPM,2.3,$4.39
OSM-INV-20260914,09/16/2026,OSM00000003758,Parcel Select Lightweight,0.7,$4.57
OSM-INV-20260914,09/16/2026,OSM00000003744,BPM,0.8,$3.42
OSM-INV-20260914,09/16/2026,OSM00000003670,BPM,1.4,$3.66
OSM-INV-20260914,09/16/2026,OSM00000003754,BPM,3.7,$3.33
OSM-INV-20260914,09/16/2026,OSM00000003733,BPM,0.9,$3.45
OSM-INV-20260914,09/16/2026,OSM00000003755,BPM,2.1,$3.47
OSM-INV-20260914,09/16/2026,OSM00000003702,BPM,1.9,$3.86
OSM-INV-20260914,09/16/2026,OSM00000003761,Parcel Select Lightweight,1.9,$5.11
OSM-INV-20260914,09/16/2026,OSM00000003738,Parcel Select Lightweight,0.5,$3.49
OSM-INV-20260914,09/16/2026,OSM00000003701,Parcel Select Lightweight,4.2,$3.62
OSM-INV-20260914,09/16/2026,OSM00000003671,BPM,3.8,$3.80
OSM-INV-20260914,09/16/2026,OSM00000003716,BPM,0.8,$3.36
OSM-INV-20260914,09/16/2026,OSM00000003735,BPM,0.7,$3.56
OSM-INV-20260914,09/16/2026,OSM00000003706,BPM,3.1,$3.43
OSM-INV-20260914,09/17/2026,OSM00000003787,BPM,0.7,$3.57
OSM-INV-20260914,09/17/2026,OSM00000003774,Parcel Select Lightweight,2.2,$3.80
OSM-INV-20260914,09/17/2026,OSM00000003790,Parcel Select Lightweight,1.2,$3.90
OSM-INV-20260914,09/17/2026,OSM00000003779,Parcel Select Lightweight,1.3,$3.87
OSM-INV-20260914,09/17/2026,OSM00000003707,Parcel Select Lightweight,5.2,$3.79
OSM-INV-20260914,09/17/2026,OSM00000003776,BPM,0.5,$3.87
OSM-INV-20260914,09/17/2026,OSM00000003770,BPM,1.8,$3.48
OSM-INV-20260914,09/17/2026,OSM00000003722,Parcel Select Lightweight,2.2,$5.54
OSM-INV-20260914,09/17/2026,OSM00000003781,BPM,2.5,$3.67
OSM-INV-20260914,09/17/2026,OSM00000003720,BPM,2.0,$4.00
OSM-INV-20260914,09/17/2026,OSM00000003712,Parcel Select Lightweight,0.6,$3.54
OSM-INV-20260914,09/17/2026,OSM00000003778,BPM,1.4,$3.68
OSM-INV-20260914,09/17/2026,OSM00000003664,Credit - undeliverable,3.6,-$4.55
OSM-INV-20260914,09/17/2026,OSM00000003759,BPM,1.6,$3.37
OSM-INV-20260914,09/17/2026,OSM00000003769,BPM,1.9,$3.41
OSM-INV-20260914,09/17/2026,OSM00000003704,BPM,1.7,$3.38
OSM-INV-20260914,09/17/2026,OSM00000003788,BPM,0.6,$4.15
OSM-INV-20260914,09/17/2026,OSM00000003777,Parcel Select Lightweight,2.4,$3.89
OSM-INV-20260914,09/17/2026,OSM00000003742,BPM,5.0,$3.86
OSM-INV-20260914,09/17/2026,OSM00000003782,BPM,1.5,$3.45
OSM-INV-20260914,09/17/2026,OSM00000003765,BPM,1.8,$3.49
OSM-INV-20260914,09/17/2026,OSM00000003789,BPM,1.0,$3.58
OSM-INV-20260914,09/17/2026,OSM00000003753,BPM,3.0,$3.30
OSM-INV-20260914,09/17/2026,OSM00000003771,Parcel Select Lightweight,1.0,$3.70
OSM-INV-20260914,09/17/2026,OSM00000003780,Parcel Select Lightweight,1.7,$3.44
OSM-INV-20260914,09/17/2026,OSM00000003749,Parcel Select Lightweight,1.5,$3.80
OSM-INV-20260914,09/18/2026,OSM00000003775,BPM,2.9,$3.60
OSM-INV-20260914,09/18/2026,OSM00000003817,Parcel Select Lightweight,1.0,$4.40
OSM-INV-20260914,09/18/2026,OSM00000003737,BPM,2.3,$3.40
OSM-INV-20260914,09/18/2026,OSM00000003784,Parcel Select Lightweight,1.9,$5.70
OSM-INV-20260914,09/18/2026,OSM00000003812,BPM,3.1,$5.04
OSM-INV-20260914,09/18/2026,OSM00000003811,BPM,2.2,$3.44
OSM-INV-20260914,09/18/2026,OSM00000003807,Parcel Select Lightweight,2.6,$3.90
OSM-INV-20260914,09/18/2026,OSM00000003773,BPM,1.3,$3.90
OSM-INV-20260914,09/18/2026,OSM00000003813,BPM,1.5,$3.59
OSM-INV-20260914,09/18/2026,OSM00000003814,BPM,0.6,$5.65
OSM-INV-20260914,09/18/2026,OSM00000003797,BPM,1.2,$3.47
OSM-INV-20260914,09/18/2026,OSM00000003802,BPM,3.0,$3.44
OSM-INV-20260914,09/18/2026,OSM00000003750,BPM,1.2,$3.69
OSM-INV-20260914,09/18/2026,OSM00000003768,Parcel Select Lightweight,1.2,$3.75
OSM-INV-20260914,09/18/2026,OSM00000003799,BPM,1.0,$3.73
OSM-INV-20260914,09/18/2026,OSM00000003766,BPM,2.0,$3.61
OSM-INV-20260914,09/18/2026,OSM00000003673,Credit - undeliverable,1.8,-$3.80
OSM-INV-20260914,09/18/2026,OSM00000003803,BPM,1.3,$3.45
OSM-INV-20260914,09/18/2026,OSM00000003794,Parcel Select Lightweight,1.4,$3.74
OSM-INV-20260914,09/18/2026,OSM00000003741,BPM,3.4,$3.42
OSM-INV-20260914,09/18/2026,OSM00000003748,BPM,1.1,$3.50
OSM-INV-20260914,09/18/2026,OSM00000003809,Parcel Select Lightweight,0.4,$3.65
OSM-INV-20260914,09/18/2026,OSM00000003772,Parcel Select Lightweight,0.3,$3.58
OSM-INV-20260914,09/18/2026,OSM00000003785,BPM,1.6,$4.33
OSM-INV-20260914,09/18/2026,OSM00000003751,BPM,1.9,$3.54
OSM-INV-20260914,09/18/2026,OSM00000003760,Parcel Select Lightweight,5.2,$3.32
OSM-INV-20260914,09/18/2026,OSM00000003796,Parcel Select Lightweight,2.6,$3.44
OSM-INV-20260914,09/18/2026,OSM00000003792,BPM,0.5,$3.34
OSM-INV-20260914,09/18/2026,OSM00000003767,BPM,1.4,$3.31
OSM-INV-20260914,09/18/2026,OSM00000003805,Parcel Select Lightweight,1.7,$3.65
OSM-INV-20260914,09/18/2026,OSM00000003806,BPM,2.3,$6.18
OSM-INV-20260914,09/18/2026,OSM00000003804,BPM,2.1,$3.50
OSM-INV-20260914,09/18/2026,OSM00000003786,BPM,0.7,$6.33
OSM-INV-20260914,09/18/2026,OSM00000003810,BPM,0.6,$4.89
OSM-INV-20260914,09/18/2026,OSM00000003816,BPM,4.0,$5.92
OSM-INV-20260914,09/19/2026,OSM00000003793,BPM,8.3,$3.65
OSM-INV-20260914,09/19/2026,OSM00000003830,BPM,0.7,$3.46
OSM-INV-20260914,09/19/2026,OSM00000003820,Parcel Select Lightweight,1.4,$3.76
OSM-INV-20260914,09/19/2026,OSM00000003798,BPM,1.5,$3.69
OSM-INV-20260914,09/19/2026,OSM00000003832,Parcel Select Lightweight,1.5,$3.44
OSM-INV-20260914,09/19/2026,OSM00000003836,BPM,1.4,$5.89
OSM-INV-20260914,09/19/2026,OSM00000003834,BPM,1.3,$5.44
OSM-INV-20260914,09/19/2026,OSM00000003821,BPM,1.2,$3.73
OSM-INV-20260914,09/19/2026,OSM00000003815,BPM,1.0,$6.09
OSM-INV-20260914,09/19/2026,OSM00000003791,Parcel Select Lightweight,2.0,$3.47
OSM-INV-20260914,09/19/2026,OSM00000003783,BPM,2.3,$5.15
OSM-INV-20260914,09/19/2026,OSM00000003831,Parcel Select Lightweight,2.1,$3.66
OSM-INV-20260914,09/19/2026,OSM00000003833,BPM,1.5,$3.67
OSM-INV-20260914,09/19/2026,OSM00000003824,BPM,2.3,$3.71
OSM-INV-20260914,09/19/2026,OSM00000003800,BPM,0.7,$3.40
OSM-INV-20260914,09/19/2026,OSM00000003819,BPM,2.2,$3.56
OSM-INV-20260914,09/19/2026,OSM00000003829,Parcel Select Lightweight,1.6,$3.84
OSM-INV-20260914,09/19/2026,OSM00000003828,Parcel Select Lightweight,4.3,$3.37
OSM-INV-20260914,09/19/2026,OSM00000003838,BPM,2.3,$3.97
OSM-INV-20260914,09/19/2026,OSM00000003835,Parcel Select Lightweight,4.2,$6.26
OSM-INV-20260914,09/20/2026,OSM00000003847,BPM,0.8,$3.86
OSM-INV-20260914,09/20/2026,OSM00000003840,BPM,1.3,$3.78
OSM-INV-20260914,09/20/2026,OSM00000003808,BPM,1.4,$4.41
OSM-INV-20260914,09/20/2026,OSM00000003837,Parcel Select Lightweight,0.9,$5.60
OSM-INV-20260914,09/20/2026,OSM00000003818,BPM,1.1,$3.53
OSM-INV-20260914,09/20/2026,OSM00000003858,BPM,0.9,$5.46
OSM-INV-20260914,09/20/2026,OSM00000003839,BPM,2.4,$5.24
OSM-INV-20260914,09/20/2026,OSM00000003859,BPM,1.4,$3.85
OSM-INV-20260914,09/20/2026,OSM00000003801,BPM,1.4,$3.60
OSM-INV-20260914,09/20/2026,OSM00000003850,BPM,1.5,$3.39
OSM-INV-20260914,09/20/2026,OSM00000003855,BPM,1.6,$4.35
OSM-INV-20260914,09/20/2026,OSM00000003826,BPM,1.2,$3.29
OSM-INV-20260914,09/20/2026,OSM00000003849,Parcel Select Lightweight,1.4,$3.32
OSM-INV-20260914,09/20/2026,OSM00000003857,Parcel Select Lightweight,3.8,$6.18
OSM-INV-20260914,09/20/2026,OSM00000003795,BPM,1.8,$3.63
OSM-INV-20260914,09/20/2026,OSM00000003842,Parcel Select Lightweight,4.6,$3.30
OSM-INV-20260914,09/20/2026,OSM00000003853,Parcel Select Lightweight,3.7,$3.69
OSM-INV-20260914,09/20/2026,OSM00000003822,BPM,3.3,$3.31
OSM-INV-20260914,09/20/2026,OSM00000003841,Parcel Select Lightweight,0.8,$3.67
OSM-INV-20260914,09/20/2026,OSM00000003843,Parcel Select Lightweight,1.7,$3.62
OSM-INV-20260914,09/20/2026,OSM00000003848,BPM,1.2,$3.38
OSM-INV-20260914,09/20/2026,OSM00000003827,BPM,1.0,$3.30
OSM-INV-20260914,09/20/2026,OSM00000003854,BPM,2.4,$3.53
OSM-INV-20260914,09/20/2026,OSM00000003825,Parcel Select Lightweight,2.5,$3.32
OSM-INV-20260914,09/20/2026,OSM00000003856,BPM,4.5,$5.52
,,,,Total,$776.96
