Product ID,SKU,Title,Category,Status,Marketplace,Listed By,List Price,Quantity,Created At,Listed At,Sold At,Sold Price,Relist Count
7009497,CL-022542,Clothing item CL-022542,Clothing,Sold,ShopGoodwill,EMP-1002,34.38,1,9/27/2026 1:47:59 AM,9/27/2026 1:59:59 AM,10/1/2026 7:39:40 AM,30.00,0
7009498,JW-022543,Jewelry item JW-022543,Jewelry,Sold,ShopGoodwill,EMP-1006,42.68,1,9/5/2026 2:06:33 AM,9/5/2026 2:18:33 AM,10/1/2026 11:15:38 AM,39.00,0
7009499,CL-022544,Clothing item CL-022544,Clothing,Sold,ShopGoodwill,EMP-1001,28.63,1,9/24/2026 3:44:13 AM,9/24/2026 3:56:13 AM,10/1/2026 1:40:58 PM,25.00,0
7009500,EL-022545,Electronics item EL-022545,Electronics,Sold,ShopGoodwill,EMP-1006,93.89,1,9/23/2026 10:19:46 PM,9/23/2026 10:31:46 PM,10/1/2026 12:47:50 AM,93.00,0
7009501,EL-022546,Electronics item EL-022546,Electronics,Sold,ShopGoodwill,EMP-1002,61.08,1,9/25/2026 3:16:01 PM,9/25/2026 3:28:01 PM,10/1/2026 9:37:16 PM,55.00,0
7009502,CL-022547,Clothing item CL-022547,Clothing,Sold,ShopGoodwill,EMP-1004,16.04,1,9/29/2026 4:12:38 AM,9/29/2026 4:24:38 AM,10/1/2026 5:09:08 AM,15.00,0
7009504,TY-022549,Toys item TY-022549,Toys,Sold,ShopGoodwill,EMP-1001,18.64,1,9/26/2026 5:08:43 PM,9/26/2026 5:20:43 PM,10/1/2026 12:42:43 AM,17.00,0
7009505,WT-022550,Watches item WT-022550,Watches,Sold,ShopGoodwill,EMP-1005,23.74,1,9/26/2026 7:35:03 AM,9/26/2026 7:47:03 AM,10/1/2026 1:35:26 PM,22.00,0
7009506,KT-022551,Kitchen item KT-022551,Kitchen,Sold,ShopGoodwill,EMP-1006,109.45,1,9/20/2026 12:41:02 PM,9/20/2026 12:53:02 PM,10/1/2026 9:56:46 PM,106.00,0
7009507,EL-022552,Electronics item EL-022552,Electronics,Sold,ShopGoodwill,EMP-1005,23.36,1,9/27/2026 6:54:53 AM,9/27/2026 7:06:53 AM,10/1/2026 10:10:03 AM,22.00,0
7009508,JW-022553,Jewelry item JW-022553,Jewelry,Sold,ShopGoodwill,EMP-1001,22.97,1,9/29/2026 5:40:56 AM,9/29/2026 5:52:56 AM,10/1/2026 11:42:45 AM,21.00,0
7009509,CO-022554,Collectibles item CO-022554,Collectibles,Sold,ShopGoodwill,EMP-1001,28.16,1,9/25/2026 9:20:10 AM,9/25/2026 9:32:10 AM,10/1/2026 12:14:42 PM,25.00,0
7009510,JW-022555,Jewelry item JW-022555,Jewelry,Sold,ShopGoodwill,EMP-1002,22.31,1,9/27/2026 11:13:12 PM,9/27/2026 11:25:12 PM,10/1/2026 11:35:43 PM,21.00,0
7009511,CL-022556,Clothing item CL-022556,Clothing,Sold,ShopGoodwill,EMP-1001,22.22,1,9/25/2026 8:45:12 PM,9/25/2026 8:57:12 PM,10/1/2026 11:02:38 PM,20.00,0
7009512,WT-022557,Watches item WT-022557,Watches,Sold,ShopGoodwill,EMP-1004,61.23,1,9/23/2026 11:09:42 AM,9/23/2026 11:21:42 AM,10/1/2026 6:48:07 PM,54.00,0
7009513,SG-022558,Sporting Goods item SG-022558,Sporting Goods,Sold,ShopGoodwill,EMP-1001,79.93,1,9/22/2026 5:08:10 AM,9/22/2026 5:20:10 AM,10/1/2026 2:46:05 PM,68.00,0
7009514,CO-022559,Collectibles item CO-022559,Collectibles,Sold,ShopGoodwill,EMP-1001,18.50,1,9/22/2026 1:32:35 PM,9/22/2026 1:44:35 PM,10/1/2026 10:59:16 PM,17.00,0
7009515,WT-022560,Watches item WT-022560,Watches,Sold,ShopGoodwill,EMP-1003,60.68,1,9/29/2026 9:52:56 PM,9/29/2026 10:04:56 PM,10/1/2026 8:03:11 AM,54.00,0
7009516,JW-022561,Jewelry item JW-022561,Jewelry,Sold,ShopGoodwill,EMP-1005,36.67,1,9/22/2026 10:28:01 PM,9/22/2026 10:40:01 PM,10/1/2026 2:53:35 AM,36.00,0
7009517,TY-022562,Toys item TY-022562,Toys,Sold,ShopGoodwill,EMP-1006,10.05,1,9/25/2026 7:39:56 PM,9/25/2026 7:51:56 PM,10/1/2026 3:35:16 AM,9.00,0
7009518,CL-022563,Clothing item CL-022563,Clothing,Sold,ShopGoodwill,EMP-1002,41.23,1,9/23/2026 8:06:42 AM,9/23/2026 8:18:42 AM,10/1/2026 12:27:56 PM,41.00,0
7009519,AR-022564,Art item AR-022564,Art,Sold,ShopGoodwill,EMP-1004,17.91,1,9/27/2026 6:11:07 AM,9/27/2026 6:23:07 AM,10/1/2026 9:15:32 AM,17.00,0
7009520,TY-022565,Toys item TY-022565,Toys,Sold,ShopGoodwill,EMP-1005,23.96,1,9/23/2026 11:26:17 PM,9/23/2026 11:38:17 PM,10/1/2026 9:37:09 AM,22.00,0
7009521,AR-022566,Art item AR-022566,Art,Sold,ShopGoodwill,EMP-1004,55.98,1,9/26/2026 4:34:37 AM,9/26/2026 4:46:37 AM,10/1/2026 9:08:37 AM,54.00,0
7009522,CO-022567,Collectibles item CO-022567,Collectibles,Sold,ShopGoodwill,EMP-1001,29.03,1,9/25/2026 6:45:15 PM,9/25/2026 6:57:15 PM,10/1/2026 9:43:03 PM,27.00,0
7009523,EL-022568,Electronics item EL-022568,Electronics,Sold,ShopGoodwill,EMP-1001,26.32,1,8/11/2026 11:00:11 PM,8/11/2026 11:12:11 PM,10/1/2026 8:35:20 AM,23.00,1
7009524,CL-022569,Clothing item CL-022569,Clothing,Sold,ShopGoodwill,EMP-1001,21.25,1,9/28/2026 12:44:59 PM,9/28/2026 12:56:59 PM,10/1/2026 5:59:10 PM,19.00,0
7009525,JW-022570,Jewelry item JW-022570,Jewelry,Sold,ShopGoodwill,EMP-1003,59.85,1,9/21/2026 8:37:01 PM,9/21/2026 8:49:01 PM,10/1/2026 6:10:54 AM,52.00,0
7009526,AR-022571,Art item AR-022571,Art,Sold,ShopGoodwill,EMP-1003,81.40,1,9/27/2026 10:25:48 PM,9/27/2026 10:37:48 PM,10/1/2026 11:46:09 PM,73.00,0
7009527,SG-022572,Sporting Goods item SG-022572,Sporting Goods,Sold,ShopGoodwill,EMP-1006,71.66,1,9/25/2026 5:10:57 PM,9/25/2026 5:22:57 PM,10/1/2026 6:21:29 PM,64.00,0
7009528,JW-022573,Jewelry item JW-022573,Jewelry,Sold,ShopGoodwill,EMP-1002,63.26,1,9/13/2026 4:15:20 PM,9/13/2026 4:27:20 PM,10/1/2026 1:20:59 AM,60.00,0
7009529,WT-022574,Watches item WT-022574,Watches,Sold,ShopGoodwill,EMP-1006,33.26,1,9/28/2026 1:06:56 PM,9/28/2026 1:18:56 PM,10/1/2026 4:18:00 PM,29.00,0
7009530,CL-022575,Clothing item CL-022575,Clothing,Sold,ShopGoodwill,EMP-1002,33.16,1,9/9/2026 10:50:05 PM,9/9/2026 11:02:05 PM,10/1/2026 7:55:39 AM,28.00,0
7009531,EL-022576,Electronics item EL-022576,Electronics,Sold,ShopGoodwill,EMP-1002,23.49,1,9/26/2026 1:40:42 PM,9/26/2026 1:52:42 PM,10/1/2026 2:03:16 PM,23.00,0
7009532,CO-022577,Collectibles item CO-022577,Collectibles,Sold,ShopGoodwill,EMP-1001,22.49,1,9/21/2026 8:31:57 PM,9/21/2026 8:43:57 PM,10/1/2026 5:57:00 AM,22.00,0
7009533,AR-022578,Art item AR-022578,Art,Sold,ShopGoodwill,EMP-1006,35.22,1,9/21/2026 5:59:46 AM,9/21/2026 6:11:46 AM,10/1/2026 1:09:42 PM,32.00,0
7009534,EL-022579,Electronics item EL-022579,Electronics,Sold,ShopGoodwill,EMP-1002,31.32,1,9/23/2026 11:45:00 AM,9/23/2026 11:57:00 AM,10/1/2026 9:44:10 PM,28.00,0
7009535,HB-022580,Handbags item HB-022580,Handbags,Sold,ShopGoodwill,EMP-1001,54.46,1,9/25/2026 8:49:34 PM,9/25/2026 9:01:34 PM,10/1/2026 3:04:49 AM,54.00,0
7009536,AR-022581,Art item AR-022581,Art,Sold,ShopGoodwill,EMP-1006,70.05,1,9/29/2026 7:02:22 PM,9/29/2026 7:14:22 PM,10/1/2026 10:02:09 PM,61.00,0
7009537,EL-022582,Electronics item EL-022582,Electronics,Sold,ShopGoodwill,EMP-1004,46.35,1,9/12/2026 5:21:55 AM,9/12/2026 5:33:55 AM,10/1/2026 12:57:29 PM,45.00,0
7009538,CL-022583,Clothing item CL-022583,Clothing,Sold,ShopGoodwill,EMP-1005,17.77,1,9/27/2026 4:54:46 PM,9/27/2026 5:06:46 PM,10/1/2026 7:57:05 PM,17.00,0
7009539,AR-022584,Art item AR-022584,Art,Sold,ShopGoodwill,EMP-1006,90.54,1,9/19/2026 11:48:37 PM,9/20/2026 12:00:37 AM,10/1/2026 3:46:37 AM,79.00,0
7009540,AR-022585,Art item AR-022585,Art,Sold,ShopGoodwill,EMP-1003,38.25,1,9/24/2026 2:31:59 PM,9/24/2026 2:43:59 PM,10/1/2026 6:26:24 PM,32.00,0
7009541,HM-022586,Home Decor item HM-022586,Home Decor,Sold,ShopGoodwill,EMP-1006,29.51,1,9/28/2026 5:22:40 PM,9/28/2026 5:34:40 PM,10/1/2026 7:59:32 PM,26.00,0
7009542,CO-022587,Collectibles item CO-022587,Collectibles,Sold,ShopGoodwill,EMP-1002,27.60,1,9/23/2026 3:42:46 PM,9/23/2026 3:54:46 PM,10/1/2026 10:20:18 PM,27.00,0
7009543,CL-022588,Clothing item CL-022588,Clothing,Sold,ShopGoodwill,EMP-1004,13.42,1,9/23/2026 10:26:48 PM,9/23/2026 10:38:48 PM,10/1/2026 11:47:15 PM,12.00,0
7009544,JW-022589,Jewelry item JW-022589,Jewelry,Sold,ShopGoodwill,EMP-1001,56.87,1,9/20/2026 11:33:13 PM,9/20/2026 11:45:13 PM,10/1/2026 5:20:06 AM,52.00,0
7009545,JW-022590,Jewelry item JW-022590,Jewelry,Sold,ShopGoodwill,EMP-1006,90.92,1,9/29/2026 2:54:42 AM,9/29/2026 3:06:42 AM,10/1/2026 5:01:12 AM,89.00,0
7009546,CO-022591,Collectibles item CO-022591,Collectibles,Sold,ShopGoodwill,EMP-1004,46.83,1,9/27/2026 7:11:25 AM,9/27/2026 7:23:25 AM,10/1/2026 12:42:27 PM,44.00,0
7009547,AR-022592,Art item AR-022592,Art,Sold,ShopGoodwill,EMP-1004,23.25,1,9/24/2026 3:11:04 AM,9/24/2026 3:23:04 AM,10/1/2026 11:27:02 AM,23.00,0
7009548,WT-022593,Watches item WT-022593,Watches,Sold,ShopGoodwill,EMP-1004,53.48,1,9/22/2026 3:14:45 AM,9/22/2026 3:26:45 AM,10/1/2026 9:33:25 AM,48.00,0
7009549,CL-022594,Clothing item CL-022594,Clothing,Sold,ShopGoodwill,EMP-1001,39.68,1,9/24/2026 1:49:14 PM,9/24/2026 2:01:14 PM,10/1/2026 4:11:52 PM,35.00,0
7009550,AR-022595,Art item AR-022595,Art,Sold,ShopGoodwill,EMP-1005,18.91,1,9/22/2026 11:20:23 AM,9/22/2026 11:32:23 AM,10/1/2026 3:52:44 PM,16.00,0
7009551,TY-022596,Toys item TY-022596,Toys,Sold,ShopGoodwill,EMP-1006,17.69,1,9/24/2026 9:48:36 PM,9/24/2026 10:00:36 PM,10/1/2026 10:31:09 PM,16.00,0
7009552,HM-022597,Home Decor item HM-022597,Home Decor,Sold,ShopGoodwill,EMP-1003,36.70,1,9/21/2026 5:43:56 AM,9/21/2026 5:55:56 AM,10/1/2026 8:25:16 AM,33.00,0
7009553,CO-022598,Collectibles item CO-022598,Collectibles,Sold,ShopGoodwill,EMP-1005,24.87,1,9/15/2026 1:53:46 PM,9/15/2026 2:05:46 PM,10/1/2026 7:46:21 PM,24.00,0
7009554,HB-022599,Handbags item HB-022599,Handbags,Sold,ShopGoodwill,EMP-1005,15.21,1,9/27/2026 11:50:47 PM,9/28/2026 12:02:47 AM,10/1/2026 7:22:04 AM,14.00,0
7009555,AR-022600,Art item AR-022600,Art,Sold,ShopGoodwill,EMP-1002,9.53,1,9/11/2026 11:01:11 PM,9/11/2026 11:13:11 PM,10/1/2026 4:32:16 AM,9.00,0
7009556,CL-022601,Clothing item CL-022601,Clothing,Sold,ShopGoodwill,EMP-1006,57.17,1,9/29/2026 11:59:31 AM,9/29/2026 12:11:31 PM,10/1/2026 5:42:50 PM,48.00,0
7009557,JW-022602,Jewelry item JW-022602,Jewelry,Sold,ShopGoodwill,EMP-1005,26.95,1,9/19/2026 9:29:49 AM,9/19/2026 9:41:49 AM,10/1/2026 6:10:21 PM,23.00,0
7009558,HB-022603,Handbags item HB-022603,Handbags,Sold,ShopGoodwill,EMP-1002,192.11,1,9/29/2026 1:07:41 PM,9/29/2026 1:19:41 PM,10/1/2026 7:00:48 PM,185.00,0
7009559,WT-022604,Watches item WT-022604,Watches,Sold,ShopGoodwill,EMP-1001,51.19,1,9/26/2026 9:09:25 PM,9/26/2026 9:21:25 PM,10/1/2026 6:35:18 AM,48.00,0
7009560,HM-022605,Home Decor item HM-022605,Home Decor,Sold,ShopGoodwill,EMP-1001,17.12,1,9/26/2026 6:15:32 PM,9/26/2026 6:27:32 PM,10/1/2026 1:15:53 AM,17.00,0
7009561,TY-022606,Toys item TY-022606,Toys,Sold,ShopGoodwill,EMP-1004,44.86,1,9/21/2026 12:25:02 PM,9/21/2026 12:37:02 PM,10/1/2026 2:46:12 PM,40.00,0
7009562,HB-022607,Handbags item HB-022607,Handbags,Sold,ShopGoodwill,EMP-1002,39.22,1,9/26/2026 10:41:34 AM,9/26/2026 10:53:34 AM,10/1/2026 6:15:05 PM,36.00,0
7009563,CO-022608,Collectibles item CO-022608,Collectibles,Sold,ShopGoodwill,EMP-1004,15.73,1,9/25/2026 7:44:05 AM,9/25/2026 7:56:05 AM,10/1/2026 1:40:49 PM,15.00,0
7009564,SG-022609,Sporting Goods item SG-022609,Sporting Goods,Sold,ShopGoodwill,EMP-1005,58.19,1,9/25/2026 10:10:43 AM,9/25/2026 10:22:43 AM,10/1/2026 2:14:32 PM,53.00,0
7009565,CL-022610,Clothing item CL-022610,Clothing,Sold,ShopGoodwill,EMP-1005,6.25,1,9/26/2026 11:50:28 PM,9/27/2026 12:02:28 AM,10/1/2026 9:39:53 AM,6.00,0
7009566,HB-022611,Handbags item HB-022611,Handbags,Sold,ShopGoodwill,EMP-1003,34.94,1,9/28/2026 2:58:13 PM,9/28/2026 3:10:13 PM,10/1/2026 10:34:05 PM,34.00,0
7009567,TY-022612,Toys item TY-022612,Toys,Sold,ShopGoodwill,EMP-1002,7.03,1,9/26/2026 6:20:07 PM,9/26/2026 6:32:07 PM,10/1/2026 7:11:37 PM,6.00,0
7009568,CL-022613,Clothing item CL-022613,Clothing,Sold,ShopGoodwill,EMP-1002,47.85,1,9/16/2026 2:48:12 AM,9/16/2026 3:00:12 AM,10/1/2026 6:08:09 AM,45.00,0
7009569,HM-022614,Home Decor item HM-022614,Home Decor,Sold,ShopGoodwill,EMP-1004,54.20,1,9/18/2026 7:15:27 AM,9/18/2026 7:27:27 AM,10/1/2026 3:57:07 PM,51.00,0
7009570,AR-022615,Art item AR-022615,Art,Sold,ShopGoodwill,EMP-1005,54.87,1,9/26/2026 11:19:35 AM,9/26/2026 11:31:35 AM,10/1/2026 1:15:02 PM,50.00,0
7009571,HB-022616,Handbags item HB-022616,Handbags,Sold,ShopGoodwill,EMP-1004,121.41,1,9/16/2026 7:32:35 PM,9/16/2026 7:44:35 PM,10/1/2026 9:59:02 PM,107.00,0
7009572,CO-022617,Collectibles item CO-022617,Collectibles,Sold,ShopGoodwill,EMP-1006,72.68,1,9/23/2026 9:29:28 PM,9/23/2026 9:41:28 PM,10/1/2026 6:49:38 AM,64.00,0
7009573,BK-022618,Books item BK-022618,Books,Sold,Amazon,EMP-1004,35.74,1,7/9/2026 6:34:52 PM,7/9/2026 6:46:52 PM,10/1/2026 11:45:00 PM,33.99,1
7009574,CO-022619,Collectibles item CO-022619,Collectibles,Sold,Amazon,EMP-1002,92.35,1,9/23/2026 1:12:49 AM,9/23/2026 1:24:49 AM,10/1/2026 9:25:05 AM,78.99,0
7009575,BK-022620,Books item BK-022620,Books,Sold,Amazon,EMP-1001,8.38,1,9/8/2026 2:44:09 PM,9/8/2026 2:56:09 PM,10/1/2026 6:55:37 PM,7.99,0
7009576,BK-022621,Books item BK-022621,Books,Sold,Amazon,EMP-1005,5.07,1,7/22/2026 3:19:06 AM,7/22/2026 3:31:06 AM,10/1/2026 11:56:57 AM,4.99,1
7009577,MD-022622,Media item MD-022622,Media,Sold,Amazon,EMP-1003,7.35,1,9/4/2026 12:04:32 PM,9/4/2026 12:16:32 PM,10/1/2026 2:56:30 PM,6.99,0
7009578,BK-022623,Books item BK-022623,Books,Sold,Amazon,EMP-1001,16.59,1,8/3/2026 1:32:13 PM,8/3/2026 1:44:13 PM,10/1/2026 8:32:26 PM,14.99,1
7009579,TY-022624,Toys item TY-022624,Toys,Sold,Amazon,EMP-1003,26.60,1,9/12/2026 12:52:07 PM,9/12/2026 1:04:07 PM,10/1/2026 2:01:50 PM,25.99,0
7009580,MD-022625,Media item MD-022625,Media,Sold,Amazon,EMP-1004,23.47,1,9/11/2026 1:41:38 AM,9/11/2026 1:53:38 AM,10/1/2026 10:37:10 AM,21.99,0
7009581,BK-022626,Books item BK-022626,Books,Sold,Amazon,EMP-1004,15.30,1,9/17/2026 7:09:33 AM,9/17/2026 7:21:33 AM,10/1/2026 4:31:52 PM,14.99,0
7009582,MD-022627,Media item MD-022627,Media,Sold,Amazon,EMP-1004,4.71,1,9/3/2026 3:44:26 PM,9/3/2026 3:56:26 PM,10/1/2026 4:51:06 PM,3.99,0
7009583,TY-022628,Toys item TY-022628,Toys,Sold,Amazon,EMP-1003,14.39,1,9/16/2026 9:44:41 PM,9/16/2026 9:56:41 PM,10/1/2026 4:18:27 AM,12.99,0
7009584,BK-022629,Books item BK-022629,Books,Sold,Amazon,EMP-1004,5.80,1,8/14/2026 8:07:19 PM,8/14/2026 8:19:19 PM,10/1/2026 9:05:42 PM,4.99,1
7009585,MD-022630,Media item MD-022630,Media,Sold,Amazon,EMP-1001,22.47,1,9/14/2026 4:58:50 AM,9/14/2026 5:10:50 AM,10/1/2026 1:47:35 PM,18.99,0
7009586,BK-022631,Books item BK-022631,Books,Sold,Amazon,EMP-1005,8.22,1,8/4/2026 11:18:06 PM,8/4/2026 11:30:06 PM,10/1/2026 6:02:29 AM,7.99,1
7009587,MD-022632,Media item MD-022632,Media,Sold,Amazon,EMP-1003,21.29,1,8/31/2026 4:05:46 AM,8/31/2026 4:17:46 AM,10/1/2026 6:14:23 AM,17.99,1
7009588,BK-022633,Books item BK-022633,Books,Sold,Amazon,EMP-1001,27.26,1,9/12/2026 2:49:49 AM,9/12/2026 3:01:49 AM,10/1/2026 9:26:54 AM,22.99,0
7009589,BK-022634,Books item BK-022634,Books,Sold,Amazon,EMP-1002,12.30,1,8/24/2026 7:15:23 AM,8/24/2026 7:27:23 AM,10/1/2026 3:21:56 PM,11.99,1
7009590,BK-022635,Books item BK-022635,Books,Sold,Amazon,EMP-1003,9.84,1,9/10/2026 9:20:14 PM,9/10/2026 9:32:14 PM,10/1/2026 11:55:02 PM,8.99,0
7009591,BK-022636,Books item BK-022636,Books,Sold,Amazon,EMP-1001,8.97,1,9/1/2026 3:00:22 PM,9/1/2026 3:12:22 PM,10/1/2026 9:33:14 PM,7.99,0
7009592,BK-022637,Books item BK-022637,Books,Sold,Amazon,EMP-1006,20.11,1,8/24/2026 9:55:24 PM,8/24/2026 10:07:24 PM,10/1/2026 10:29:59 PM,17.99,1
7009593,BK-022638,Books item BK-022638,Books,Sold,Amazon,EMP-1006,17.93,1,8/5/2026 1:10:30 PM,8/5/2026 1:22:30 PM,10/1/2026 10:17:40 PM,15.99,1
7009594,BK-022639,Books item BK-022639,Books,Sold,Amazon,EMP-1004,8.53,1,8/31/2026 5:23:22 AM,8/31/2026 5:35:22 AM,10/1/2026 2:23:22 PM,7.99,1
7009595,EL-022640,Electronics item EL-022640,Electronics,Sold,Amazon,EMP-1001,24.56,1,9/25/2026 8:47:17 AM,9/25/2026 8:59:17 AM,10/1/2026 3:52:13 PM,22.99,0
7009596,BK-022641,Books item BK-022641,Books,Sold,Amazon,EMP-1003,11.01,1,8/9/2026 6:52:00 PM,8/9/2026 7:04:00 PM,10/1/2026 9:48:11 PM,9.99,1
7009597,BK-022642,Books item BK-022642,Books,Sold,Amazon,EMP-1001,16.41,1,9/3/2026 5:33:24 PM,9/3/2026 5:45:24 PM,10/1/2026 6:23:56 PM,14.99,0
7009598,CO-022643,Collectibles item CO-022643,Collectibles,Sold,Amazon,EMP-1003,30.92,1,9/11/2026 1:57:21 PM,9/11/2026 2:09:21 PM,10/1/2026 7:11:00 PM,26.99,0
7009599,MD-022644,Media item MD-022644,Media,Sold,Amazon,EMP-1002,4.05,1,9/16/2026 5:19:04 PM,9/16/2026 5:31:04 PM,10/1/2026 11:08:18 PM,3.99,0
7009600,BK-022645,Books item BK-022645,Books,Sold,Amazon,EMP-1004,5.48,1,7/23/2026 5:26:31 AM,7/23/2026 5:38:31 AM,10/1/2026 11:17:08 AM,4.99,1
7009601,BK-022646,Books item BK-022646,Books,Sold,Amazon,EMP-1005,14.79,1,7/9/2026 6:28:11 PM,7/9/2026 6:40:11 PM,10/1/2026 10:39:01 PM,13.99,1
7009602,BK-022647,Books item BK-022647,Books,Sold,Amazon,EMP-1006,15.90,1,8/15/2026 11:09:47 AM,8/15/2026 11:21:47 AM,10/1/2026 6:54:00 PM,13.99,1
7009603,BK-022648,Books item BK-022648,Books,Sold,Amazon,EMP-1004,13.41,1,8/29/2026 2:36:56 AM,8/29/2026 2:48:56 AM,10/1/2026 3:04:53 AM,11.99,1
7009604,BK-022649,Books item BK-022649,Books,Sold,Amazon,EMP-1006,7.92,1,8/26/2026 4:07:57 AM,8/26/2026 4:19:57 AM,10/1/2026 5:58:45 AM,6.99,1
7009605,MD-022650,Media item MD-022650,Media,Sold,Amazon,EMP-1003,14.88,1,9/11/2026 1:12:26 AM,9/11/2026 1:24:26 AM,10/1/2026 4:12:41 AM,13.99,0
7009606,BK-022651,Books item BK-022651,Books,Sold,Amazon,EMP-1002,17.11,1,9/10/2026 7:50:06 AM,9/10/2026 8:02:06 AM,10/1/2026 1:16:10 PM,16.99,0
7009607,TY-022652,Toys item TY-022652,Toys,Sold,Amazon,EMP-1005,99.36,1,9/24/2026 1:54:23 PM,9/24/2026 2:06:23 PM,10/1/2026 6:12:36 PM,84.99,0
7009608,BK-022653,Books item BK-022653,Books,Sold,Amazon,EMP-1004,5.75,1,4/4/2026 9:43:49 PM,4/4/2026 9:55:49 PM,10/1/2026 10:17:58 PM,4.99,1
7009609,BK-022654,Books item BK-022654,Books,Sold,Amazon,EMP-1005,16.41,1,8/30/2026 11:44:16 PM,8/30/2026 11:56:16 PM,10/1/2026 6:11:46 AM,14.99,1
7009610,CO-022655,Collectibles item CO-022655,Collectibles,Sold,Amazon,EMP-1001,49.26,1,9/20/2026 6:07:13 AM,9/20/2026 6:19:13 AM,10/1/2026 12:50:50 PM,45.99,0
7009611,BK-022656,Books item BK-022656,Books,Sold,Amazon,EMP-1004,9.12,1,8/23/2026 5:16:10 PM,8/23/2026 5:28:10 PM,10/1/2026 1:50:51 AM,8.99,1
7009612,BK-022657,Books item BK-022657,Books,Sold,Amazon,EMP-1005,31.77,1,9/12/2026 2:32:55 PM,9/12/2026 2:44:55 PM,10/1/2026 9:36:09 PM,27.99,0
7009613,MD-022658,Media item MD-022658,Media,Sold,Amazon,EMP-1003,3.25,1,9/10/2026 11:46:32 PM,9/10/2026 11:58:32 PM,10/1/2026 7:24:20 AM,2.99,0
7009614,BK-022659,Books item BK-022659,Books,Sold,Amazon,EMP-1005,3.46,1,7/20/2026 6:01:12 PM,7/20/2026 6:13:12 PM,10/1/2026 1:58:56 AM,2.99,1
7009615,BK-022660,Books item BK-022660,Books,Sold,Amazon,EMP-1004,16.85,1,6/28/2026 2:13:55 PM,6/28/2026 2:25:55 PM,10/1/2026 9:12:20 PM,15.99,1
7009616,BK-022661,Books item BK-022661,Books,Sold,Amazon,EMP-1001,15.35,1,9/2/2026 9:28:06 AM,9/2/2026 9:40:06 AM,10/1/2026 12:30:16 PM,12.99,0
7009617,BK-022662,Books item BK-022662,Books,Sold,Amazon,EMP-1004,8.19,1,7/30/2026 6:29:55 PM,7/30/2026 6:41:55 PM,10/1/2026 7:17:18 PM,7.99,1
7009618,CO-022663,Collectibles item CO-022663,Collectibles,Sold,Amazon,EMP-1005,16.92,1,9/20/2026 1:43:34 AM,9/20/2026 1:55:34 AM,10/1/2026 6:13:33 AM,14.99,0
7009619,BK-022664,Books item BK-022664,Books,Sold,Amazon,EMP-1006,16.80,1,8/3/2026 10:33:05 AM,8/3/2026 10:45:05 AM,10/1/2026 10:58:08 AM,14.99,1
7009620,BK-022665,Books item BK-022665,Books,Sold,Amazon,EMP-1006,31.10,1,8/29/2026 7:53:08 AM,8/29/2026 8:05:08 AM,10/1/2026 1:29:03 PM,25.99,1
7009621,BK-022666,Books item BK-022666,Books,Sold,Amazon,EMP-1004,13.55,1,7/25/2026 12:22:02 PM,7/25/2026 12:34:02 PM,10/1/2026 4:53:19 PM,12.99,1
7009622,TY-022667,Toys item TY-022667,Toys,Sold,Amazon,EMP-1004,12.73,1,9/10/2026 8:03:27 AM,9/10/2026 8:15:27 AM,10/1/2026 12:44:59 PM,11.99,0
7009623,MD-022668,Media item MD-022668,Media,Sold,Amazon,EMP-1001,12.84,1,9/23/2026 12:19:14 PM,9/23/2026 12:31:14 PM,10/1/2026 5:35:47 PM,11.99,0
7009624,EL-022669,Electronics item EL-022669,Electronics,Sold,Amazon,EMP-1002,44.67,1,9/19/2026 10:35:29 PM,9/19/2026 10:47:29 PM,10/1/2026 7:32:14 AM,37.99,0
7009625,BK-022670,Books item BK-022670,Books,Sold,Amazon,EMP-1002,20.49,1,8/5/2026 1:46:31 AM,8/5/2026 1:58:31 AM,10/1/2026 9:56:32 AM,17.99,1
7009626,CL-022671,Clothing item CL-022671,Clothing,Sold,eBay,EMP-1001,15.25,1,9/19/2026 4:29:25 PM,9/19/2026 4:41:25 PM,10/1/2026 11:45:00 PM,12.99,0
7009627,EL-022672,Electronics item EL-022672,Electronics,Sold,eBay,EMP-1006,55.20,1,9/17/2026 1:22:52 PM,9/17/2026 1:34:52 PM,10/1/2026 10:50:05 PM,49.99,0
7009628,CO-022673,Collectibles item CO-022673,Collectibles,Sold,eBay,EMP-1005,39.22,1,9/14/2026 3:49:44 AM,9/14/2026 4:01:44 AM,10/1/2026 4:27:41 AM,38.99,0
7009629,EL-022674,Electronics item EL-022674,Electronics,Sold,eBay,EMP-1003,158.64,1,9/7/2026 7:05:44 PM,9/7/2026 7:17:44 PM,10/1/2026 11:46:31 PM,141.99,0
7009630,KT-022675,Kitchen item KT-022675,Kitchen,Sold,eBay,EMP-1001,49.98,1,9/8/2026 12:13:07 AM,9/8/2026 12:25:07 AM,10/1/2026 8:51:38 AM,47.99,0
7009631,CL-022676,Clothing item CL-022676,Clothing,Sold,eBay,EMP-1002,35.41,1,9/23/2026 9:18:34 PM,9/23/2026 9:30:34 PM,10/1/2026 10:48:36 PM,33.99,0
7009632,EL-022677,Electronics item EL-022677,Electronics,Sold,eBay,EMP-1001,30.33,1,9/19/2026 8:12:10 AM,9/19/2026 8:24:10 AM,10/1/2026 4:04:02 PM,27.99,0
7009633,KT-022678,Kitchen item KT-022678,Kitchen,Sold,eBay,EMP-1006,26.12,1,9/22/2026 3:11:16 AM,9/22/2026 3:23:16 AM,10/1/2026 4:14:30 AM,24.99,0
7009634,EL-022679,Electronics item EL-022679,Electronics,Sold,eBay,EMP-1004,51.01,1,9/17/2026 1:40:14 PM,9/17/2026 1:52:14 PM,10/1/2026 6:20:44 PM,47.99,0
7009635,CO-022680,Collectibles item CO-022680,Collectibles,Sold,eBay,EMP-1001,36.53,1,9/5/2026 3:02:54 AM,9/5/2026 3:14:54 AM,10/1/2026 3:28:01 AM,30.99,0
7009636,CL-022681,Clothing item CL-022681,Clothing,Sold,eBay,EMP-1002,31.30,1,8/25/2026 7:00:28 PM,8/25/2026 7:12:28 PM,10/1/2026 7:26:21 PM,26.99,1
7009637,CO-022682,Collectibles item CO-022682,Collectibles,Sold,eBay,EMP-1002,24.94,1,7/26/2026 5:57:15 AM,7/26/2026 6:09:15 AM,10/1/2026 2:18:57 PM,20.99,1
7009638,CL-022683,Clothing item CL-022683,Clothing,Sold,eBay,EMP-1001,30.40,1,9/9/2026 7:36:22 AM,9/9/2026 7:48:22 AM,10/1/2026 10:25:40 AM,27.99,0
7009639,CL-022684,Clothing item CL-022684,Clothing,Sold,eBay,EMP-1004,9.32,1,9/15/2026 10:23:42 PM,9/15/2026 10:35:42 PM,10/1/2026 6:05:00 AM,7.99,0
7009640,CL-022685,Clothing item CL-022685,Clothing,Sold,eBay,EMP-1006,29.14,1,8/20/2026 1:30:41 AM,8/20/2026 1:42:41 AM,10/1/2026 3:41:05 AM,25.99,1
7009641,HB-022686,Handbags item HB-022686,Handbags,Sold,eBay,EMP-1004,26.45,1,8/19/2026 12:24:44 AM,8/19/2026 12:36:44 AM,10/1/2026 9:59:38 AM,23.99,1
7009642,CO-022687,Collectibles item CO-022687,Collectibles,Sold,eBay,EMP-1006,52.46,1,9/5/2026 6:12:28 AM,9/5/2026 6:24:28 AM,10/1/2026 3:13:24 PM,49.99,0
7009643,SG-022688,Sporting Goods item SG-022688,Sporting Goods,Sold,eBay,EMP-1001,62.93,1,9/14/2026 4:25:06 PM,9/14/2026 4:37:06 PM,10/1/2026 6:44:29 PM,52.99,0
7009644,CL-022689,Clothing item CL-022689,Clothing,Sold,eBay,EMP-1004,42.78,1,9/1/2026 11:52:12 PM,9/2/2026 12:04:12 AM,10/1/2026 8:48:48 AM,36.99,0
7009645,SH-022690,Shoes item SH-022690,Shoes,Sold,eBay,EMP-1005,33.75,1,9/6/2026 11:45:28 AM,9/6/2026 11:57:28 AM,10/1/2026 6:16:11 PM,32.99,0
7009646,CO-022691,Collectibles item CO-022691,Collectibles,Sold,eBay,EMP-1005,39.87,1,9/21/2026 4:09:54 AM,9/21/2026 4:21:54 AM,10/1/2026 1:32:24 PM,37.99,0
7009647,CO-022692,Collectibles item CO-022692,Collectibles,Sold,eBay,EMP-1005,19.56,1,9/16/2026 3:01:43 AM,9/16/2026 3:13:43 AM,10/1/2026 5:52:54 AM,18.99,0
7009648,HM-022693,Home Decor item HM-022693,Home Decor,Sold,Facebook Marketplace,EMP-1005,30.13,1,9/21/2026 5:39:24 AM,9/21/2026 5:51:24 AM,10/1/2026 6:23:15 AM,25.99,0
7009649,HM-022694,Home Decor item HM-022694,Home Decor,Sold,Facebook Marketplace,EMP-1003,26.32,1,9/18/2026 1:08:33 AM,9/18/2026 1:20:33 AM,10/1/2026 5:21:25 AM,24.99,0
7009650,HM-022695,Home Decor item HM-022695,Home Decor,Sold,Mercari,EMP-1002,32.32,1,9/19/2026 5:07:13 PM,9/19/2026 5:19:13 PM,10/1/2026 9:51:47 PM,30.99,0
7009651,CL-022696,Clothing item CL-022696,Clothing,Sold,Mercari,EMP-1005,40.34,1,9/27/2026 8:32:21 PM,9/27/2026 8:44:21 PM,10/1/2026 4:34:47 AM,34.99,0
7009652,HB-022697,Handbags item HB-022697,Handbags,Sold,Facebook Marketplace,EMP-1006,43.52,1,9/11/2026 3:51:06 AM,9/11/2026 4:03:06 AM,10/1/2026 1:54:01 PM,37.99,0
7009653,SH-022698,Shoes item SH-022698,Shoes,Sold,Mercari,EMP-1001,29.22,1,9/27/2026 6:41:31 PM,9/27/2026 6:53:31 PM,10/1/2026 3:13:02 AM,26.99,0
7009654,HM-022699,Home Decor item HM-022699,Home Decor,Sold,Facebook Marketplace,EMP-1003,34.73,1,8/27/2026 1:23:31 PM,8/27/2026 1:35:31 PM,10/1/2026 9:01:57 PM,30.99,1
7009655,CL-022700,Clothing item CL-022700,Clothing,Sold,Mercari,EMP-1002,7.81,1,9/25/2026 11:05:35 PM,9/25/2026 11:17:35 PM,10/1/2026 11:41:46 PM,6.99,0
7009656,BK-022701,Books item BK-022701,Books,Sold,GoodwillBooks,EMP-1006,6.54,1,9/24/2026 7:13:19 AM,9/24/2026 7:25:19 AM,10/1/2026 10:22:35 AM,5.99,0
7009657,BK-022702,Books item BK-022702,Books,Sold,GoodwillBooks,EMP-1003,16.22,1,9/21/2026 3:48:03 AM,9/21/2026 4:00:03 AM,10/1/2026 7:09:44 AM,15.99,0
7009658,BK-022703,Books item BK-022703,Books,Sold,GoodwillBooks,EMP-1002,22.04,1,9/17/2026 2:49:27 PM,9/17/2026 3:01:27 PM,10/1/2026 8:24:04 PM,18.99,0
7009659,BK-022704,Books item BK-022704,Books,Sold,GoodwillBooks,EMP-1005,16.10,1,9/26/2026 7:31:44 AM,9/26/2026 7:43:44 AM,10/1/2026 2:12:34 PM,14.99,0
7009660,MD-022705,Media item MD-022705,Media,Sold,GoodwillBooks,EMP-1006,11.39,1,9/13/2026 3:10:31 PM,9/13/2026 3:22:31 PM,10/1/2026 7:02:22 PM,9.99,0
7009661,BK-022706,Books item BK-022706,Books,Sold,GoodwillBooks,EMP-1002,14.61,1,9/25/2026 3:48:03 PM,9/25/2026 4:00:03 PM,10/1/2026 6:49:58 PM,12.99,0
7009662,BK-022707,Books item BK-022707,Books,Sold,GoodwillBooks,EMP-1003,8.17,1,9/13/2026 8:53:53 PM,9/13/2026 9:05:53 PM,10/1/2026 9:28:08 PM,7.99,0
7009663,BK-022708,Books item BK-022708,Books,Sold,GoodwillBooks,EMP-1001,8.04,1,9/25/2026 3:05:49 PM,9/25/2026 3:17:49 PM,10/1/2026 9:50:30 PM,6.99,0
7009664,BK-022709,Books item BK-022709,Books,Sold,GoodwillBooks,EMP-1003,7.18,1,9/6/2026 7:04:13 AM,9/6/2026 7:16:13 AM,10/1/2026 5:11:26 PM,6.99,0
7009665,BK-022710,Books item BK-022710,Books,Sold,GoodwillBooks,EMP-1004,7.56,1,9/23/2026 12:53:02 PM,9/23/2026 1:05:02 PM,10/1/2026 5:42:12 PM,6.99,0
7009666,BK-022711,Books item BK-022711,Books,Sold,GoodwillBooks,EMP-1001,13.69,1,8/15/2026 10:07:23 AM,8/15/2026 10:19:23 AM,10/1/2026 1:02:43 PM,12.99,1
7009667,BK-022712,Books item BK-022712,Books,Sold,GoodwillBooks,EMP-1004,29.20,1,9/21/2026 10:08:02 AM,9/21/2026 10:20:02 AM,10/1/2026 10:44:18 AM,24.99,0
7009668,BK-022713,Books item BK-022713,Books,Sold,GoodwillBooks,EMP-1002,28.48,1,9/24/2026 10:26:02 AM,9/24/2026 10:38:02 AM,10/1/2026 1:35:40 PM,23.99,0
7009749,BK-022794,Books item BK-022794,Books,Active,Amazon,EMP-1006,20.13,1,9/1/2026 3:38:20 PM,9/1/2026 3:50:20 PM,,,1
7010040,UL-000140,Home Decor item UL-000140,Home Decor,Active,eBay,EMP-1004,7.99,1,6/3/2026 1:49:32 PM,6/3/2026 2:01:32 PM,,,4
7010041,UL-000141,Clothing item UL-000141,Clothing,Active,ShopGoodwill,EMP-1005,32.99,1,6/3/2026 9:21:49 AM,6/3/2026 9:33:49 AM,,,4
7010042,UL-000142,Jewelry item UL-000142,Jewelry,Active,ShopGoodwill,EMP-1006,31.99,1,6/3/2026 4:46:18 PM,6/3/2026 4:58:18 PM,,,4
7010043,UL-000143,Art item UL-000143,Art,Active,eBay,EMP-1005,68.99,1,6/3/2026 2:53:22 PM,6/3/2026 3:05:22 PM,,,4
7010044,UL-000144,Clothing item UL-000144,Clothing,Active,ShopGoodwill,EMP-1006,21.99,1,6/3/2026 11:22:10 AM,6/3/2026 11:34:10 AM,,,4
7010045,UL-000145,Clothing item UL-000145,Clothing,Active,Mercari,EMP-1005,30.99,1,6/3/2026 8:00:40 AM,6/3/2026 8:12:40 AM,,,4
7010046,UL-000146,Kitchen item UL-000146,Kitchen,Active,Amazon,EMP-1005,9.99,1,6/3/2026 1:51:43 PM,6/3/2026 2:03:43 PM,,,4
7010047,UL-000147,Books item UL-000147,Books,Active,ShopGoodwill,EMP-1002,33.99,1,6/3/2026 8:33:13 AM,6/3/2026 8:45:13 AM,,,4
7010048,UL-000148,Media item UL-000148,Media,Active,eBay,EMP-1002,32.99,1,6/3/2026 5:22:15 PM,6/3/2026 5:34:15 PM,,,4
7010049,UL-000149,Collectibles item UL-000149,Collectibles,Active,eBay,EMP-1006,41.99,1,6/3/2026 4:23:05 PM,6/3/2026 4:35:05 PM,,,4
7010050,UL-000150,Books item UL-000150,Books,Active,ShopGoodwill,EMP-1004,40.99,1,6/3/2026 3:02:27 PM,6/3/2026 3:14:27 PM,,,4
7010313,UL-000413,Toys item UL-000413,Toys,Active,Amazon,EMP-1005,67.99,1,7/3/2026 3:09:10 PM,7/3/2026 3:21:10 PM,,,3
7010314,UL-000414,Electronics item UL-000414,Electronics,Active,Amazon,EMP-1003,28.99,1,7/3/2026 9:12:04 AM,7/3/2026 9:24:04 AM,,,3
7010315,UL-000415,Electronics item UL-000415,Electronics,Active,ShopGoodwill,EMP-1003,22.99,1,7/3/2026 8:03:38 AM,7/3/2026 8:15:38 AM,,,3
7010316,UL-000416,Books item UL-000416,Books,Active,ShopGoodwill,EMP-1004,27.99,1,7/3/2026 10:27:26 AM,7/3/2026 10:39:26 AM,,,3
7010317,UL-000417,Books item UL-000417,Books,Active,ShopGoodwill,EMP-1005,18.99,1,7/3/2026 10:09:28 AM,7/3/2026 10:21:28 AM,,,3
7010761,UL-000861,Sporting Goods item UL-000861,Sporting Goods,Active,Amazon,EMP-1003,31.99,1,8/2/2026 3:01:49 PM,8/2/2026 3:13:49 PM,,,2
7010762,UL-000862,Kitchen item UL-000862,Kitchen,Active,ShopGoodwill,EMP-1006,20.99,1,8/2/2026 1:07:34 PM,8/2/2026 1:19:34 PM,,,2
7010763,UL-000863,Collectibles item UL-000863,Collectibles,Active,Amazon,EMP-1003,10.99,1,8/2/2026 11:43:35 AM,8/2/2026 11:55:35 AM,,,2
7010764,UL-000864,Clothing item UL-000864,Clothing,Active,Amazon,EMP-1006,30.99,1,8/2/2026 8:43:23 AM,8/2/2026 8:55:23 AM,,,2
7010765,UL-000865,Electronics item UL-000865,Electronics,Active,ShopGoodwill,EMP-1005,4.99,1,8/2/2026 12:01:24 PM,8/2/2026 12:13:24 PM,,,2
7010766,UL-000866,Clothing item UL-000866,Clothing,Active,Amazon,EMP-1002,53.99,1,8/2/2026 3:47:12 PM,8/2/2026 3:59:12 PM,,,2
7010767,UL-000867,Toys item UL-000867,Toys,Active,ShopGoodwill,EMP-1001,11.99,1,8/2/2026 2:37:23 PM,8/2/2026 2:49:23 PM,,,2
7010768,UL-000868,Collectibles item UL-000868,Collectibles,Active,ShopGoodwill,EMP-1004,48.99,1,8/2/2026 5:03:30 PM,8/2/2026 5:15:30 PM,,,2
7010769,UL-000869,Watches item UL-000869,Watches,Active,Amazon,EMP-1004,40.99,1,8/2/2026 5:30:56 PM,8/2/2026 5:42:56 PM,,,2
7010770,UL-000870,Books item UL-000870,Books,Active,ShopGoodwill,EMP-1006,19.99,1,8/2/2026 9:59:33 AM,8/2/2026 10:11:33 AM,,,2
7010771,UL-000871,Home Decor item UL-000871,Home Decor,Active,ShopGoodwill,EMP-1004,32.99,1,8/2/2026 12:35:31 PM,8/2/2026 12:47:31 PM,,,2
7010772,UL-000872,Books item UL-000872,Books,Active,ShopGoodwill,EMP-1005,23.99,1,8/2/2026 1:58:13 PM,8/2/2026 2:10:13 PM,,,2
7010773,UL-000873,Books item UL-000873,Books,Active,ShopGoodwill,EMP-1001,32.99,1,8/2/2026 11:32:45 AM,8/2/2026 11:44:45 AM,,,2
7010774,UL-000874,Clothing item UL-000874,Clothing,Active,Amazon,EMP-1003,17.99,1,8/2/2026 9:28:21 AM,8/2/2026 9:40:21 AM,,,2
7010775,UL-000875,Clothing item UL-000875,Clothing,Active,ShopGoodwill,EMP-1002,106.99,1,8/2/2026 3:16:55 PM,8/2/2026 3:28:55 PM,,,2
7011539,UL-001639,Clothing item UL-001639,Clothing,Active,ShopGoodwill,EMP-1005,37.99,1,9/1/2026 8:18:00 AM,9/1/2026 8:30:00 AM,,,1
7011540,UL-001640,Books item UL-001640,Books,Active,Amazon,EMP-1004,31.99,1,9/1/2026 11:08:29 AM,9/1/2026 11:20:29 AM,,,1
7011541,UL-001641,Books item UL-001641,Books,Active,ShopGoodwill,EMP-1003,37.99,1,9/1/2026 10:53:24 AM,9/1/2026 11:05:24 AM,,,1
7011542,UL-001642,Home Decor item UL-001642,Home Decor,Active,ShopGoodwill,EMP-1002,13.99,1,9/1/2026 9:48:33 AM,9/1/2026 10:00:33 AM,,,1
7011543,UL-001643,Shoes item UL-001643,Shoes,Active,Amazon,EMP-1002,61.99,1,9/1/2026 2:33:55 PM,9/1/2026 2:45:55 PM,,,1
7011544,UL-001644,Jewelry item UL-001644,Jewelry,Active,Mercari,EMP-1003,33.99,1,9/1/2026 9:15:51 AM,9/1/2026 9:27:51 AM,,,1
7011545,UL-001645,Clothing item UL-001645,Clothing,Active,Amazon,EMP-1006,32.99,1,9/1/2026 8:43:02 AM,9/1/2026 8:55:02 AM,,,1
7011546,UL-001646,Shoes item UL-001646,Shoes,Active,ShopGoodwill,EMP-1005,32.99,1,9/1/2026 8:54:24 AM,9/1/2026 9:06:24 AM,,,1
7011547,UL-001647,Clothing item UL-001647,Clothing,Active,Amazon,EMP-1001,18.99,1,9/1/2026 1:14:23 PM,9/1/2026 1:26:23 PM,,,1
7011548,UL-001648,Electronics item UL-001648,Electronics,Active,Amazon,EMP-1003,17.99,1,9/1/2026 2:57:12 PM,9/1/2026 3:09:12 PM,,,1
7011549,UL-001649,Books item UL-001649,Books,Active,ShopGoodwill,EMP-1002,22.99,1,9/1/2026 3:11:07 PM,9/1/2026 3:23:07 PM,,,1
7011550,UL-001650,Electronics item UL-001650,Electronics,Active,Mercari,EMP-1005,23.99,1,9/1/2026 2:17:12 PM,9/1/2026 2:29:12 PM,,,1
7011551,UL-001651,Toys item UL-001651,Toys,Active,eBay,EMP-1006,10.99,1,9/1/2026 8:17:38 AM,9/1/2026 8:29:38 AM,,,1
7011552,UL-001652,Books item UL-001652,Books,Active,Mercari,EMP-1002,19.99,1,9/1/2026 3:43:16 PM,9/1/2026 3:55:16 PM,,,1
7011553,UL-001653,Books item UL-001653,Books,Active,Amazon,EMP-1006,26.99,1,9/1/2026 4:55:49 PM,9/1/2026 5:07:49 PM,,,1
7011554,UL-001654,Books item UL-001654,Books,Active,ShopGoodwill,EMP-1003,8.99,1,9/1/2026 4:32:34 PM,9/1/2026 4:44:34 PM,,,1
7011555,UL-001655,Books item UL-001655,Books,Active,eBay,EMP-1001,20.99,1,9/1/2026 8:52:39 AM,9/1/2026 9:04:39 AM,,,1
7011556,UL-001656,Handbags item UL-001656,Handbags,Active,ShopGoodwill,EMP-1005,18.99,1,9/1/2026 10:12:01 AM,9/1/2026 10:24:01 AM,,,1
7011557,UL-001657,Toys item UL-001657,Toys,Active,Amazon,EMP-1002,36.99,1,9/1/2026 2:16:53 PM,9/1/2026 2:28:53 PM,,,1
7011558,UL-001658,Clothing item UL-001658,Clothing,Active,eBay,EMP-1006,44.99,1,9/1/2026 1:01:16 PM,9/1/2026 1:13:16 PM,,,1
7011559,UL-001659,Books item UL-001659,Books,Active,ShopGoodwill,EMP-1006,43.99,1,9/1/2026 11:22:36 AM,9/1/2026 11:34:36 AM,,,1
7011560,UL-001660,Jewelry item UL-001660,Jewelry,Active,ShopGoodwill,EMP-1001,51.99,1,9/1/2026 8:18:16 AM,9/1/2026 8:30:16 AM,,,1
7011561,UL-001661,Art item UL-001661,Art,Active,ShopGoodwill,EMP-1003,27.99,1,9/1/2026 5:28:20 PM,9/1/2026 5:40:20 PM,,,1
7011562,UL-001662,Watches item UL-001662,Watches,Active,Amazon,EMP-1001,21.99,1,9/1/2026 5:44:10 PM,9/1/2026 5:56:10 PM,,,1
7011563,UL-001663,Kitchen item UL-001663,Kitchen,Active,eBay,EMP-1004,33.99,1,9/1/2026 11:51:54 AM,9/1/2026 12:03:54 PM,,,1
7011564,UL-001664,Media item UL-001664,Media,Active,ShopGoodwill,EMP-1003,38.99,1,9/1/2026 5:43:55 PM,9/1/2026 5:55:55 PM,,,1
7011565,UL-001665,Books item UL-001665,Books,Active,ShopGoodwill,EMP-1005,24.99,1,9/1/2026 3:19:56 PM,9/1/2026 3:31:56 PM,,,1
7011566,UL-001666,Books item UL-001666,Books,Active,Mercari,EMP-1004,15.99,1,9/1/2026 11:55:44 AM,9/1/2026 12:07:44 PM,,,1
7011567,UL-001667,Sporting Goods item UL-001667,Sporting Goods,Active,ShopGoodwill,EMP-1006,19.99,1,9/1/2026 4:17:19 PM,9/1/2026 4:29:19 PM,,,1
7011568,UL-001668,Handbags item UL-001668,Handbags,Active,ShopGoodwill,EMP-1001,42.99,1,9/1/2026 1:17:36 PM,9/1/2026 1:29:36 PM,,,1
7011569,UL-001669,Clothing item UL-001669,Clothing,Active,Mercari,EMP-1001,13.99,1,9/1/2026 1:26:23 PM,9/1/2026 1:38:23 PM,,,1
7011570,UL-001670,Clothing item UL-001670,Clothing,Active,ShopGoodwill,EMP-1004,39.99,1,9/1/2026 8:24:38 AM,9/1/2026 8:36:38 AM,,,1
7011571,UL-001671,Sporting Goods item UL-001671,Sporting Goods,Active,ShopGoodwill,EMP-1004,17.99,1,9/1/2026 1:10:49 PM,9/1/2026 1:22:49 PM,,,1
7011572,UL-001672,Books item UL-001672,Books,Active,Mercari,EMP-1005,19.99,1,9/1/2026 1:51:24 PM,9/1/2026 2:03:24 PM,,,1
7011573,UL-001673,Home Decor item UL-001673,Home Decor,Active,eBay,EMP-1005,10.99,1,9/1/2026 12:23:37 PM,9/1/2026 12:35:37 PM,,,1
7011574,UL-001674,Clothing item UL-001674,Clothing,Active,eBay,EMP-1002,68.99,1,9/1/2026 3:52:50 PM,9/1/2026 4:04:50 PM,,,1
7011575,UL-001675,Jewelry item UL-001675,Jewelry,Active,ShopGoodwill,EMP-1003,22.99,1,9/1/2026 4:29:11 PM,9/1/2026 4:41:11 PM,,,1
7011576,UL-001676,Jewelry item UL-001676,Jewelry,Active,ShopGoodwill,EMP-1005,9.99,1,9/1/2026 4:20:08 PM,9/1/2026 4:32:08 PM,,,1
7013026,UL-003126,Home Decor item UL-003126,Home Decor,Active,ShopGoodwill,EMP-1002,11.99,1,10/1/2026 2:22:37 PM,10/1/2026 2:34:37 PM,,,0
7013027,UL-003127,Books item UL-003127,Books,Active,Amazon,EMP-1002,25.99,1,10/1/2026 10:46:35 AM,10/1/2026 10:58:35 AM,,,0
7013028,UL-003128,Clothing item UL-003128,Clothing,Active,Amazon,EMP-1002,106.99,1,10/1/2026 4:36:43 PM,10/1/2026 4:48:43 PM,,,0
7013029,UL-003129,Collectibles item UL-003129,Collectibles,Active,Amazon,EMP-1004,16.99,1,10/1/2026 12:59:44 PM,10/1/2026 1:11:44 PM,,,0
7013030,UL-003130,Books item UL-003130,Books,Active,ShopGoodwill,EMP-1005,43.99,1,10/1/2026 2:41:40 PM,10/1/2026 2:53:40 PM,,,0
7013031,UL-003131,Clothing item UL-003131,Clothing,Active,Mercari,EMP-1006,19.99,1,10/1/2026 2:47:00 PM,10/1/2026 2:59:00 PM,,,0
7013032,UL-003132,Jewelry item UL-003132,Jewelry,Active,ShopGoodwill,EMP-1001,12.99,1,10/1/2026 12:28:58 PM,10/1/2026 12:40:58 PM,,,0
7013033,UL-003133,Collectibles item UL-003133,Collectibles,Active,eBay,EMP-1004,28.99,1,10/1/2026 10:35:56 AM,10/1/2026 10:47:56 AM,,,0
7013034,UL-003134,Jewelry item UL-003134,Jewelry,Active,Amazon,EMP-1003,29.99,1,10/1/2026 12:15:10 PM,10/1/2026 12:27:10 PM,,,0
7013035,UL-003135,Toys item UL-003135,Toys,Active,ShopGoodwill,EMP-1002,25.99,1,10/1/2026 10:19:50 AM,10/1/2026 10:31:50 AM,,,0
7013036,UL-003136,Collectibles item UL-003136,Collectibles,Active,ShopGoodwill,EMP-1002,24.99,1,10/1/2026 12:05:04 PM,10/1/2026 12:17:04 PM,,,0
7013037,UL-003137,Collectibles item UL-003137,Collectibles,Active,eBay,EMP-1005,17.99,1,10/1/2026 11:57:48 AM,10/1/2026 12:09:48 PM,,,0
7013038,UL-003138,Electronics item UL-003138,Electronics,Active,ShopGoodwill,EMP-1006,24.99,1,10/1/2026 2:05:10 PM,10/1/2026 2:17:10 PM,,,0
7013039,UL-003139,Books item UL-003139,Books,Active,ShopGoodwill,EMP-1002,14.99,1,10/1/2026 1:12:00 PM,10/1/2026 1:24:00 PM,,,0
7013040,UL-003140,Kitchen item UL-003140,Kitchen,Active,Mercari,EMP-1001,59.99,1,10/1/2026 3:34:01 PM,10/1/2026 3:46:01 PM,,,0
7013041,UL-003141,Art item UL-003141,Art,Active,Amazon,EMP-1006,25.99,1,10/1/2026 3:51:59 PM,10/1/2026 4:03:59 PM,,,0
7013042,UL-003142,Shoes item UL-003142,Shoes,Active,ShopGoodwill,EMP-1001,21.99,1,10/1/2026 5:17:55 PM,10/1/2026 5:29:55 PM,,,0
7013043,UL-003143,Collectibles item UL-003143,Collectibles,Active,Amazon,EMP-1003,29.99,1,10/1/2026 3:27:40 PM,10/1/2026 3:39:40 PM,,,0
7013044,UL-003144,Media item UL-003144,Media,Active,Amazon,EMP-1006,54.99,1,10/1/2026 2:31:38 PM,10/1/2026 2:43:38 PM,,,0
7013045,UL-003145,Shoes item UL-003145,Shoes,Active,ShopGoodwill,EMP-1001,18.99,1,10/1/2026 9:49:42 AM,10/1/2026 10:01:42 AM,,,0
7013046,UL-003146,Handbags item UL-003146,Handbags,Active,Amazon,EMP-1003,14.99,1,10/1/2026 1:42:31 PM,10/1/2026 1:54:31 PM,,,0
7013047,UL-003147,Electronics item UL-003147,Electronics,Active,ShopGoodwill,EMP-1004,9.99,1,10/1/2026 11:13:00 AM,10/1/2026 11:25:00 AM,,,0
7013048,UL-003148,Home Decor item UL-003148,Home Decor,Active,ShopGoodwill,EMP-1003,22.99,1,10/1/2026 4:26:53 PM,10/1/2026 4:38:53 PM,,,0
7013049,UL-003149,Collectibles item UL-003149,Collectibles,Active,Amazon,EMP-1005,36.99,1,10/1/2026 4:09:47 PM,10/1/2026 4:21:47 PM,,,0
7013050,UL-003150,Home Decor item UL-003150,Home Decor,Active,Amazon,EMP-1003,45.99,1,10/1/2026 8:01:56 AM,10/1/2026 8:13:56 AM,,,0
7013051,UL-003151,Kitchen item UL-003151,Kitchen,Active,ShopGoodwill,EMP-1002,18.99,1,10/1/2026 11:55:11 AM,10/1/2026 12:07:11 PM,,,0
7013052,UL-003152,Clothing item UL-003152,Clothing,Active,Amazon,EMP-1003,26.99,1,10/1/2026 5:46:56 PM,10/1/2026 5:58:56 PM,,,0
7013053,UL-003153,Books item UL-003153,Books,Active,Amazon,EMP-1005,38.99,1,10/1/2026 9:18:04 AM,10/1/2026 9:30:04 AM,,,0
7013054,UL-003154,Books item UL-003154,Books,Active,Amazon,EMP-1006,13.99,1,10/1/2026 11:31:05 AM,10/1/2026 11:43:05 AM,,,0
7013055,UL-003155,Books item UL-003155,Books,Active,Mercari,EMP-1003,26.99,1,10/1/2026 9:14:26 AM,10/1/2026 9:26:26 AM,,,0
7013056,UL-003156,Handbags item UL-003156,Handbags,Active,Mercari,EMP-1003,25.99,1,10/1/2026 3:44:16 PM,10/1/2026 3:56:16 PM,,,0
7013057,UL-003157,Clothing item UL-003157,Clothing,Active,Amazon,EMP-1003,10.99,1,10/1/2026 9:25:02 AM,10/1/2026 9:37:02 AM,,,0
7013058,UL-003158,Watches item UL-003158,Watches,Active,Amazon,EMP-1004,40.99,1,10/1/2026 9:56:59 AM,10/1/2026 10:08:59 AM,,,0
7013059,UL-003159,Jewelry item UL-003159,Jewelry,Active,ShopGoodwill,EMP-1003,31.99,1,10/1/2026 10:13:15 AM,10/1/2026 10:25:15 AM,,,0
7013060,UL-003160,Electronics item UL-003160,Electronics,Active,Amazon,EMP-1003,13.99,1,10/1/2026 11:35:40 AM,10/1/2026 11:47:40 AM,,,0
7013061,UL-003161,Kitchen item UL-003161,Kitchen,Active,ShopGoodwill,EMP-1002,16.99,1,10/1/2026 12:14:59 PM,10/1/2026 12:26:59 PM,,,0
7013062,UL-003162,Books item UL-003162,Books,Active,ShopGoodwill,EMP-1004,30.99,1,10/1/2026 3:04:24 PM,10/1/2026 3:16:24 PM,,,0
7013063,UL-003163,Watches item UL-003163,Watches,Active,ShopGoodwill,EMP-1004,33.99,1,10/1/2026 3:03:59 PM,10/1/2026 3:15:59 PM,,,0
7013064,UL-003164,Media item UL-003164,Media,Active,ShopGoodwill,EMP-1003,6.99,1,10/1/2026 9:32:10 AM,10/1/2026 9:44:10 AM,,,0
7013065,UL-003165,Jewelry item UL-003165,Jewelry,Active,eBay,EMP-1003,12.99,1,10/1/2026 11:32:10 AM,10/1/2026 11:44:10 AM,,,0
7013066,UL-003166,Clothing item UL-003166,Clothing,Active,ShopGoodwill,EMP-1003,18.99,1,10/1/2026 8:52:25 AM,10/1/2026 9:04:25 AM,,,0
7013067,UL-003167,Collectibles item UL-003167,Collectibles,Active,ShopGoodwill,EMP-1001,34.99,1,10/1/2026 8:47:07 AM,10/1/2026 8:59:07 AM,,,0
7013068,UL-003168,Electronics item UL-003168,Electronics,Active,ShopGoodwill,EMP-1002,43.99,1,10/1/2026 1:03:52 PM,10/1/2026 1:15:52 PM,,,0
7013069,UL-003169,Shoes item UL-003169,Shoes,Active,Mercari,EMP-1001,12.99,1,10/1/2026 2:14:01 PM,10/1/2026 2:26:01 PM,,,0
7013070,UL-003170,Clothing item UL-003170,Clothing,Active,eBay,EMP-1006,23.99,1,10/1/2026 1:03:39 PM,10/1/2026 1:15:39 PM,,,0
7013071,UL-003171,Sporting Goods item UL-003171,Sporting Goods,Active,eBay,EMP-1005,12.99,1,10/1/2026 9:19:34 AM,10/1/2026 9:31:34 AM,,,0
7013072,UL-003172,Clothing item UL-003172,Clothing,Active,ShopGoodwill,EMP-1005,6.99,1,10/1/2026 5:06:17 PM,10/1/2026 5:18:17 PM,,,0
7013073,UL-003173,Handbags item UL-003173,Handbags,Active,ShopGoodwill,EMP-1001,6.99,1,10/1/2026 3:12:15 PM,10/1/2026 3:24:15 PM,,,0
7013074,UL-003174,Books item UL-003174,Books,Active,ShopGoodwill,EMP-1005,17.99,1,10/1/2026 8:27:33 AM,10/1/2026 8:39:33 AM,,,0
7013075,UL-003175,Clothing item UL-003175,Clothing,Active,Mercari,EMP-1006,22.99,1,10/1/2026 11:49:35 AM,10/1/2026 12:01:35 PM,,,0
7013076,UL-003176,Shoes item UL-003176,Shoes,Active,Mercari,EMP-1001,29.99,1,10/1/2026 5:02:22 PM,10/1/2026 5:14:22 PM,,,0
7013077,UL-003177,Clothing item UL-003177,Clothing,Active,ShopGoodwill,EMP-1006,44.99,1,10/1/2026 4:12:56 PM,10/1/2026 4:24:56 PM,,,0
7013078,UL-003178,Media item UL-003178,Media,Active,ShopGoodwill,EMP-1003,81.99,1,10/1/2026 5:40:01 PM,10/1/2026 5:52:01 PM,,,0
7013079,UL-003179,Electronics item UL-003179,Electronics,Active,ShopGoodwill,EMP-1003,11.99,1,10/1/2026 4:30:31 PM,10/1/2026 4:42:31 PM,,,0
7013080,UL-003180,Books item UL-003180,Books,Active,eBay,EMP-1003,42.99,1,10/1/2026 8:29:36 AM,10/1/2026 8:41:36 AM,,,0
7013081,UL-003181,Clothing item UL-003181,Clothing,Active,ShopGoodwill,EMP-1002,11.99,1,10/1/2026 9:55:24 AM,10/1/2026 10:07:24 AM,,,0
7013082,UL-003182,Books item UL-003182,Books,Active,ShopGoodwill,EMP-1005,56.99,1,10/1/2026 4:54:18 PM,10/1/2026 5:06:18 PM,,,0
7013083,UL-003183,Media item UL-003183,Media,Active,ShopGoodwill,EMP-1003,102.99,1,10/1/2026 12:03:51 PM,10/1/2026 12:15:51 PM,,,0
7013084,UL-003184,Sporting Goods item UL-003184,Sporting Goods,Active,ShopGoodwill,EMP-1003,18.99,1,10/1/2026 5:01:56 PM,10/1/2026 5:13:56 PM,,,0
