Source,Account No.,Department,Amount
ShopGoodwill,TBC-1210-SGW,,74092.13
ShopGoodwill,TBC-4010-SGW,180,-65601.00
ShopGoodwill,TBC-4020-SGW,180,-19809.84
ShopGoodwill,TBC-4030-SGW,180,2395.63
ShopGoodwill,TBC-6010-SGW,180,8923.08
Amazon,0101,,11496.86
Amazon,TBC-1210-AMZ,,12419.98
Amazon,TBC-4010-AMZ,180,-24444.22
Amazon,TBC-4020-AMZ,180,-6321.22
Amazon,TBC-4030-AMZ,180,935.56
Amazon,TBC-6010-AMZ,180,5918.04
Amazon,TBC-6090-AMZ,180,-5.00
eBay,0101,,29433.39
eBay,TBC-1210-EBY,,-2898.05
eBay,TBC-4010-EBY,180,-26884.88
eBay,TBC-4020-EBY,180,-3698.38
eBay,TBC-6010-EBY,180,4047.92
Cash Monkey,TBC-1210-CMK,,2526.50
Cash Monkey,TBC-4010-CMK,180,-2989.96
Cash Monkey,TBC-4030-CMK,180,17.60
Cash Monkey,TBC-6010-CMK,180,445.86
Upright,TBC-1210-UPR,,14987.90
Upright,TBC-4010-UPR,180,-15887.76
Upright,TBC-4020-UPR,180,-1205.94
Upright,TBC-4030-UPR,180,654.87
Upright,TBC-6010-UPR,180,1450.93
Jewelry,TBC-1210-JWL,,893.58
Jewelry,TBC-4010-JWL,180,-1000.82
Jewelry,TBC-4020-JWL,180,-86.85
Jewelry,TBC-4030-JWL,180,93.99
Jewelry,TBC-6010-JWL,180,100.10
OSM / PB / EasyPost,0101,,-46331.70
OSM / PB / EasyPost,10009,,21950.00
OSM / PB / EasyPost,10009,180,24381.70
FedEx,40356,180,6726.41
FedEx,V00122,,-6726.41
Goodwill Books,TBC-4010-GWB,180,-4848.91
Goodwill Books,TBC-4030-GWB,180,82.92
Goodwill Books,TBC-6010-GWB,180,715.50
Goodwill Books,TBC-6090-GWB,180,4.61
