1st Source Bank - Account Activity,,,,,,
Account: BUSINESS CHECKING ****0101,,,,,,
Statement period: 10/01/2025 - 10/31/2025,,,,,,
,,,,,,
Posting Date,Description,Transaction Type,Debit,Credit,Balance,Reference
10/02/2025,BNKDEPOSIT FEDEX REFUND,BNKDEPOSIT,,6.32,217315.51,40046
10/05/2025,AMAZON.COM SERVICES PAYMENTS ACH CREDIT,ACH CREDIT,,5293.21,222608.72,40005
10/06/2025,EASYPOST POSTAGE REFILL,POS DEBIT,3000.00,,219608.72,40052
10/06/2025,FEDEX ACH PAYMENT,ACH DEBIT,1799.96,,217808.76,40051
10/06/2025,PITNEY BOWES POSTAGE BY PHONE,ACH DEBIT,1600.00,,216208.76,40053
10/09/2025,BNKDEPOSIT FEDEX REFUND,BNKDEPOSIT,,26.57,216235.33,40050
10/10/2025,OSM WORLDWIDE INVOICE ACH,ACH DEBIT,2962.88,,213272.45,40037
10/13/2025,EASYPOST POSTAGE REFILL,POS DEBIT,2900.00,,210372.45,40057
10/13/2025,FEDEX ACH PAYMENT,ACH DEBIT,1609.33,,208763.12,40056
10/13/2025,PITNEY BOWES POSTAGE BY PHONE,ACH DEBIT,1700.00,,207063.12,40055
10/16/2025,BNKDEPOSIT FEDEX REFUND,BNKDEPOSIT,,7.95,207071.07,40054
10/19/2025,AMAZON.COM SERVICES PAYMENTS ACH CREDIT,ACH CREDIT,,5837.23,212908.30,40006
10/20/2025,EASYPOST POSTAGE REFILL,POS DEBIT,3100.00,,209808.30,40060
10/20/2025,FEDEX ACH PAYMENT,ACH DEBIT,1567.94,,208240.36,40061
10/20/2025,PITNEY BOWES POSTAGE BY PHONE,ACH DEBIT,1700.00,,206540.36,40059
10/23/2025,BNKDEPOSIT FEDEX REFUND,BNKDEPOSIT,,55.51,206595.87,40058
10/27/2025,EASYPOST POSTAGE REFILL,POS DEBIT,2700.00,,203895.87,40063
10/27/2025,FEDEX ACH PAYMENT,ACH DEBIT,1483.66,,202412.21,40064
10/27/2025,PITNEY BOWES POSTAGE BY PHONE,ACH DEBIT,2000.00,,200412.21,40065
10/28/2025,MONTHLY SERVICE CHARGE,SERVICE CHARGE,15.00,,200397.21,40110
10/30/2025,BNKDEPOSIT FEDEX REFUND,BNKDEPOSIT,,19.47,200416.68,40062
