Channel,Channel Item ID,Channel Order ID,Title,Upright Product ID,Quantity,SKU,Category,Store,Lister,Upright Order ID,Price,Shipping,Fees,Refund Amount,Ordered At,Paid At,Shipped At,Listed At,Buyer Username,Sales Tax
eBay,310000017920,17-17920-97571,Pre-owned Loafers,UPP-817920,1,SH-017920,Shoes,Michiana E-Com (test),lister_C,UP-902868,78.99,5.59,11.51,,9/1/2026 2:04:34 AM,9/1/2026 2:04:34 AM,,8/17/2026 2:04:34 AM,ebuyer_002644,5.92
GoodwillBooks,GB-9786880017940,GWB-897940,Lot of 2 DVD Box Set,UPP-817940,1,MD-017940,Media,Michiana E-Com (test),lister_B,UP-902878,9.99,0.00,1.50,,9/1/2026 2:16:28 AM,9/1/2026 2:16:28 AM,9/1/2026 12:05:57 PM,7/27/2026 8:16:28 PM,gwb_reader_003511,0.00
GoodwillBooks,GB-9786460017941,GWB-897941,Antique Field Guide,UPP-817941,1,BK-017941,Books,Michiana E-Com (test),lister_F,UP-902879,8.99,0.00,0.00,8.99,9/1/2026 3:32:34 AM,9/1/2026 3:32:34 AM,9/1/2026 10:41:00 AM,7/27/2026 3:32:34 AM,gwb_reader_003943,0.00
GoodwillBooks,GB-9787060017946,GWB-897946,Classic Cookbook,UPP-817946,1,BK-017946,Books,Michiana E-Com (test),lister_A,UP-902884,24.99,0.00,3.75,,9/1/2026 3:51:14 AM,9/1/2026 3:51:14 AM,9/1/2026 1:23:10 PM,8/27/2026 10:51:14 PM,gwb_reader_003465,0.00
Facebook Marketplace,FB-0017934,FB-0017934,Lot of 2 Pyrex Bowl,UPP-817934,1,KT-017934,Kitchen,Michiana E-Com (test),lister_C,UP-902872,28.99,0.00,0.00,,9/1/2026 4:41:42 AM,9/1/2026 4:41:42 AM,,8/3/2026 4:41:42 AM,,0.00
Facebook Marketplace,FB-0017933,FB-0017933,Pre-owned Flannel Shirt,UPP-817933,1,CL-017933,Clothing,Michiana E-Com (test),lister_F,UP-902871,10.99,0.00,0.00,,9/1/2026 6:09:49 AM,9/1/2026 6:09:49 AM,,8/4/2026 12:09:49 AM,,0.00
Facebook Marketplace,FB-0017939,FB-0017939,Pre-owned Tote Bag,UPP-817939,1,HB-017939,Handbags,Michiana E-Com (test),lister_E,UP-902877,60.99,0.00,0.00,,9/1/2026 6:48:32 AM,9/1/2026 6:48:32 AM,,7/29/2026 1:48:32 AM,,0.00
eBay,310000017915,13-17915-24569,Used Silk Blouse,UPP-817915,1,CL-017915,Clothing,Michiana E-Com (test),lister_E,UP-902867,17.99,5.66,3.43,,9/1/2026 7:37:52 AM,9/1/2026 7:37:52 AM,9/1/2026 9:58:31 AM,8/22/2026 5:37:52 AM,ebuyer_002500,1.66
Facebook Marketplace,FB-0017937,FB-0017937,Classic Bookshelf,UPP-817937,1,FN-017937,Furniture,Michiana E-Com (test),lister_E,UP-902875,19.99,0.00,0.00,,9/1/2026 9:51:27 AM,9/1/2026 9:51:27 AM,,7/31/2026 6:51:27 AM,,0.00
ShopGoodwill,210017824,SGW-7717824,Mid-Century Tennis Racket,UPP-817824,1,SG-017824,Sporting Goods,Michiana E-Com (test),lister_C,UP-902864,14.00,17.61,1.12,,9/1/2026 10:12:37 AM,9/1/2026 10:12:37 AM,,8/2/2026 8:12:37 AM,sgw_bidder_000707,0.00
Facebook Marketplace,FB-0017935,FB-0017935,Used Flannel Shirt,UPP-817935,1,CL-017935,Clothing,Michiana E-Com (test),lister_C,UP-902873,20.99,0.00,0.00,,9/1/2026 10:51:03 AM,9/1/2026 10:51:03 AM,,8/2/2026 9:51:03 AM,,0.00
GoodwillBooks,GB-9786220017945,GWB-897945,Lot of 2 Hardcover Novel,UPP-817945,1,BK-017945,Books,Michiana E-Com (test),lister_A,UP-902883,13.99,0.00,2.10,,9/1/2026 11:15:15 AM,9/1/2026 11:15:15 AM,,8/29/2026 7:15:15 AM,gwb_reader_003403,0.00
GoodwillBooks,GB-9788660017951,GWB-897951,Mid-Century Paperback Lot,UPP-817951,1,BK-017951,Books,Michiana E-Com (test),lister_E,UP-902889,15.99,0.00,2.40,,9/1/2026 11:47:33 AM,9/1/2026 11:47:33 AM,9/1/2026 10:18:40 AM,8/23/2026 8:47:33 AM,gwb_reader_003406,0.00
eBay,310000017922,14-17922-36635,Pre-owned Wool Coat,UPP-817922,1,CL-017922,Clothing,Michiana E-Com (test),lister_E,UP-902869,21.99,7.24,4.17,,9/1/2026 11:51:52 AM,9/1/2026 11:51:52 AM,9/1/2026 3:31:55 PM,8/15/2026 9:51:52 AM,ebuyer_002509,2.05
eBay,310000017910,11-17910-32152,Used Sandals,UPP-817910,1,SH-017910,Shoes,Michiana E-Com (test),lister_A,UP-902866,34.99,7.80,5.97,,9/1/2026 12:19:46 PM,9/1/2026 12:19:46 PM,,8/27/2026 8:19:46 AM,ebuyer_002939,3.00
GoodwillBooks,GB-9783620017942,GWB-897942,Like New Hardcover Novel,UPP-817942,1,BK-017942,Books,Michiana E-Com (test),lister_F,UP-902880,7.99,0.00,1.20,,9/1/2026 12:23:05 PM,9/1/2026 12:23:05 PM,,7/26/2026 11:23:05 AM,gwb_reader_003400,0.00
Mercari,m00000017932,m00000017932,Like New Picture Frame Set,UPP-817932,1,HM-017932,Home Decor,Michiana E-Com (test),lister_A,UP-902870,7.99,6.99,0.80,,9/1/2026 1:50:05 PM,9/1/2026 1:50:05 PM,9/1/2026 3:45:47 PM,8/5/2026 8:50:05 AM,mercari_003943,0.00
GoodwillBooks,GB-9785890017950,GWB-897950,Classic Hardcover Novel,UPP-817950,1,BK-017950,Books,Michiana E-Com (test),lister_B,UP-902888,11.99,0.00,1.80,,9/1/2026 3:49:39 PM,9/1/2026 3:49:39 PM,,8/24/2026 1:49:39 PM,gwb_reader_003773,0.00
GoodwillBooks,GB-9789900017952,GWB-897952,Pre-owned Cookbook,UPP-817952,1,BK-017952,Books,Michiana E-Com (test),lister_C,UP-902890,17.99,0.00,2.70,,9/1/2026 5:11:27 PM,9/1/2026 5:11:27 PM,9/1/2026 12:04:03 PM,8/22/2026 1:11:27 PM,gwb_reader_003406,0.00
GoodwillBooks,GB-9782600017948,GWB-897948,Mid-Century Field Guide,UPP-817948,1,BK-017948,Books,Michiana E-Com (test),lister_B,UP-902886,11.99,0.00,1.80,,9/1/2026 5:58:18 PM,9/1/2026 5:58:18 PM,9/1/2026 11:03:26 AM,8/26/2026 5:58:18 PM,gwb_reader_003430,0.00
GoodwillBooks,GB-9787050017949,GWB-897949,Mid-Century Biography,UPP-817949,1,BK-017949,Books,Michiana E-Com (test),lister_D,UP-902887,7.99,0.00,1.20,,9/1/2026 6:54:50 PM,9/1/2026 6:54:50 PM,9/1/2026 11:29:03 AM,8/25/2026 5:54:50 PM,gwb_reader_003915,0.00
GoodwillBooks,GB-9784030017947,GWB-897947,Pre-owned Biography,UPP-817947,1,BK-017947,Books,Michiana E-Com (test),lister_C,UP-902885,9.99,0.00,1.50,,9/1/2026 7:06:33 PM,9/1/2026 7:06:33 PM,9/1/2026 2:28:16 PM,8/27/2026 1:06:33 PM,gwb_reader_003513,0.00
Mercari,m00000017938,m00000017938,Pre-owned Denim Jacket,UPP-817938,1,CL-017938,Clothing,Michiana E-Com (test),lister_A,UP-902876,7.99,6.99,0.80,,9/1/2026 8:05:58 PM,9/1/2026 8:05:58 PM,9/1/2026 2:48:23 PM,7/30/2026 4:05:58 PM,mercari_003905,0.00
GoodwillBooks,GB-9782690017944,GWB-897944,Handmade Paperback Lot,UPP-817944,1,BK-017944,Books,Michiana E-Com (test),lister_F,UP-902882,5.99,0.00,0.90,,9/1/2026 8:44:35 PM,9/1/2026 8:44:35 PM,,7/24/2026 5:44:35 PM,gwb_reader_003463,0.00
GoodwillBooks,GB-9786120017943,GWB-897943,Used Biography,UPP-817943,1,BK-017943,Books,Michiana E-Com (test),lister_D,UP-902881,6.99,0.00,1.05,,9/1/2026 10:08:50 PM,9/1/2026 10:08:50 PM,,7/25/2026 8:08:50 PM,gwb_reader_003650,0.00
Mercari,m00000017936,m00000017936,Mid-Century Crossbody Bag,UPP-817936,1,HB-017936,Handbags,Michiana E-Com (test),lister_B,UP-902874,49.99,6.99,5.00,,9/1/2026 10:36:49 PM,9/1/2026 10:36:49 PM,9/1/2026 4:47:03 PM,8/1/2026 8:36:49 PM,mercari_003945,0.00
ShopGoodwill,210017828,SGW-7717828,Vintage Chronograph Watch,UPP-817828,1,WT-017828,Watches,Michiana E-Com (test),lister_D,UP-902865,95.00,11.47,7.60,,9/1/2026 11:10:40 PM,9/1/2026 11:10:40 PM,9/1/2026 3:28:08 PM,7/29/2026 5:10:40 PM,sgw_bidder_000284,0.00
