Timecard Detail by Earning Code: 09/24/2026 - 09/24/2026,,,,,,
Company Code,Employee Id,Department,Job Title,Work Date,Earning Code,Hours
GWM01,EMP-1001,E-Commerce Listing,E-Commerce Lister,09/24/2026,REG,6.75
GWM01,EMP-1002,E-Commerce Listing,E-Commerce Lister,09/24/2026,REG,7.75
GWM01,EMP-1003,E-Commerce Listing,E-Commerce Lister,09/24/2026,REG,6.75
GWM01,EMP-1004,E-Commerce Listing,E-Commerce Lister,09/24/2026,REG,7.75
GWM01,EMP-1005,E-Commerce Listing,E-Commerce Lister,09/24/2026,REG,7.25
GWM01,EMP-1006,E-Commerce Listing,E-Commerce Lister,09/24/2026,REG,6.25
GWM01,EMP-1007,E-Commerce Processing,E-Commerce Processor,09/24/2026,REG,7.50
GWM01,EMP-1008,E-Commerce Processing,E-Commerce Processor,09/24/2026,REG,7.25
GWM01,EMP-1009,E-Commerce Processing,E-Commerce Processor,09/24/2026,REG,6.75
GWM01,EMP-1010,E-Commerce Processing,E-Commerce Processor,09/24/2026,REG,8.00
GWM01,EMP-1010,E-Commerce Processing,E-Commerce Processor,09/24/2026,OT,0.50
GWM01,EMP-1011,E-Commerce Shipping,Shipping Associate,09/24/2026,REG,7.50
GWM01,EMP-1012,E-Commerce Shipping,Shipping Associate,09/24/2026,REG,8.00
GWM01,EMP-1013,E-Commerce Shipping,Shipping Associate,09/24/2026,REG,7.75
GWM01,EMP-1014,Retail Store 04,Retail Associate,09/24/2026,REG,7.75
GWM01,EMP-1015,Retail Store 04,Retail Associate,09/24/2026,REG,7.00
GWM01,EMP-1016,Retail Store 04,Retail Associate,09/24/2026,REG,8.00
GWM01,EMP-1016,Retail Store 04,Retail Associate,09/24/2026,OT,0.50
GWM01,EMP-1017,Outlet DC Warehouse,Warehouse Associate,09/24/2026,REG,8.00
GWM01,EMP-1018,Outlet DC Warehouse,Warehouse Associate,09/24/2026,REG,7.75
