Order Date,Marketplace,Order ID,SKU,ISBN,Title,Condition,Qty,Price,Shipping,Tax,Marketplace Fee,Net,Status
09/01/2026 10:12,AbeBooks,AB-2001001,CM-B-000101,9780140449136,The Odyssey,Good,1,8.99,3.99,0.00,2.70,10.28,Shipped
09/01/2026 10:12,AbeBooks,AB-2001001,CM-B-000102,9780679783268,Pride and Prejudice,Very Good,1,6.50,0.00,0.00,1.95,4.55,Shipped
09/03/2026 14:40,Biblio,BB-77001,CM-B-000103,9780553380163,Total Recall (paperback),Acceptable,1,4.25,3.99,0.00,1.28,6.96,Shipped
09/05/2026 09:05,Amazon,113-1234567-1234567,CM-B-000104,9780307387899,The Road,Good,1,7.49,3.99,0.52,2.25,9.23,Shipped
09/08/2026 18:30,Alibris,AL-55001,CM-B-000105,9780393354324,Collected Poems,Like New,2,5.00,3.99,0.00,3.00,10.99,Completed
09/10/2026 12:00,Alibris,AL-55002,CM-B-000106,9780061120084,To Kill a Mockingbird,Good,1,6.00,3.99,0.00,1.80,8.19,Cancelled
09/14/2026 08:15,AbeBooks,AB-2001002,CM-B-000107,9780141439518,Great Expectations,Good,1,9.99,3.99,0.00,3.00,10.98,Refunded
09/18/2026 16:45,Biblio,BB-77001,CM-B-000103,9780553380163,Total Recall (paperback),Acceptable,-1,4.25,0.00,0.00,-1.28,-2.97,Returned
09/22/2026 11:20,Pango Books,PG-9001,CM-B-000108,9780316769488,The Catcher in the Rye,Good,1,5.75,3.99,0.00,1.15,8.59,Shipped
09/30/2026 23:45,AbeBooks,AB-2001003,CM-B-000109,9780743273565,The Great Gatsby,Very Good,1,12.00,3.99,0.00,3.60,12.39,Paid
Total,,,,,,,9,,,,,79.79,
