Jewelry Report - September 2026 (synthetic sample),,,,,,,,,
,,,,,,,,,
Sale Date,Marketplace,Order ID,Item ID,Description,Category,Sold Price,Shipping,Fees,Supplier
2026-09-02,Jewelry Counter,J-5001,JW-0001,Sterling silver ring size 7,Rings,$34.99,$4.95,$3.50,Store 12
2026-09-03,Jewelry Counter,J-5002,JW-0002,Gold-tone costume necklace lot,Necklaces,$22.50,$5.50,$2.25,Store 04
2026-09-05,Jewelry Counter,J-5003,JW-0003,Vintage brooch,Brooches,$18.00,$3.95,$1.80,Store 12
2026-09-06,Jewelry Counter,J-5004,JW-0004,10k gold chain 18in,Chains,$145.00,$0.00,$14.50,Outlet DC
2026-09-07,ShopGoodwill,SGW-7700104,210000104,Pocket Watch,Watches,$90.00,$10.00,$10.80,Store 07
2026-09-09,Jewelry Counter,J-5005,JW-0005,Watch lot (5),Watches,$61.00,$8.25,$6.10,Store 07
2026-09-10,Jewelry Counter,J-5006,JW-0006,Pearl earrings,Earrings,$27.99,$3.95,$2.80,
2026-09-12,Jewelry Counter,J-5007,JW-0007,Turquoise bracelet,Bracelets,$39.00,$4.95,$3.90,Store 04
2026-09-15,Jewelry Counter,J-5004R,JW-0004,10k gold chain 18in (return),Chains,-$145.00,$0.00,-$14.50,Outlet DC
2026-09-18,Jewelry Counter,J-5008,JW-0008,Sterling charm bracelet,Bracelets,$52.00,$4.95,$5.20,Store 12
2026-09-21,,05-15103-20103,316000000103,Total gold weight 4g ring,Rings,$31.00,$8.00,$4.20,Store 12
2026-09-24,Jewelry Counter,J-5010,JW-0010,Cameo pendant,Pendants,$44.00,$3.95,$4.40,Outlet DC
2026-09-29,Jewelry Counter,J-5011,JW-0011,Silver hoop earrings,Earrings,$16.50,$3.95,$1.65,Store 04
Store 12 Total,,,,,,$136.99,$21.85,$14.70,
,,,,,,,,,
Grand Total,,,,,,$437.98,$66.85,$45.00,
