Bill to Account Number,Invoice Date,Invoice Number,Express or Ground Tracking ID,Shipment Date,Service Type,Tracking ID Charge Description,Net Charge Amount
000000000,08/04/2026,9-2608-04001,770000001921,08/01/2026,FedEx Ground,,$9.57
000000000,08/04/2026,9-2608-04001,770000001920,08/01/2026,FedEx Ground,,$8.59
000000000,08/04/2026,9-2608-04001,770000001925,08/01/2026,FedEx Home Delivery,,$8.67
000000000,08/04/2026,9-2608-04001,770000001923,08/01/2026,FedEx Ground,,$8.85
000000000,08/04/2026,9-2608-04001,770000001924,08/01/2026,FedEx Home Delivery,,$9.15
000000000,08/04/2026,9-2608-04001,770000001934,08/01/2026,FedEx Home Delivery,,$11.77
000000000,08/04/2026,9-2608-04001,770000001927,08/01/2026,FedEx Ground,,$11.39
000000000,08/04/2026,9-2608-04001,770000001931,08/01/2026,FedEx Ground,,$8.27
000000000,08/04/2026,9-2608-04001,770000001929,08/01/2026,FedEx Ground,,$16.45
000000000,08/04/2026,9-2608-04001,770000001926,08/01/2026,FedEx Ground,,$8.76
000000000,08/04/2026,9-2608-04001,770000001928,08/01/2026,FedEx Ground,,$8.92
000000000,08/04/2026,9-2608-04001,770000001951,08/02/2026,FedEx Ground,,$6.20
000000000,08/04/2026,9-2608-04001,770000001939,08/02/2026,FedEx Ground,,$15.47
000000000,08/04/2026,9-2608-04001,770000001960,08/02/2026,FedEx Ground,,$3.22
000000000,08/04/2026,9-2608-04001,770000001935,08/02/2026,FedEx Ground,,$6.46
000000000,08/04/2026,9-2608-04001,770000001955,08/02/2026,FedEx Ground,,$8.92
000000000,08/04/2026,9-2608-04001,770000001938,08/02/2026,FedEx Ground,,$14.77
000000000,08/04/2026,9-2608-04001,770000001954,08/02/2026,FedEx Ground,,$10.13
000000000,08/04/2026,9-2608-04001,770000001941,08/02/2026,FedEx Home Delivery,,$4.96
000000000,08/04/2026,9-2608-04001,770000001942,08/02/2026,FedEx Express Saver,,$10.31
000000000,08/04/2026,9-2608-04001,770000001953,08/02/2026,FedEx Home Delivery,,$13.92
000000000,08/04/2026,9-2608-04001,770000001936,08/02/2026,FedEx Ground,,$12.93
000000000,08/04/2026,9-2608-04001,770000001956,08/02/2026,FedEx Home Delivery,,$7.50
000000000,08/04/2026,9-2608-04001,770000001962,08/02/2026,FedEx Ground,,$7.82
000000000,08/04/2026,9-2608-04001,770000001933,08/02/2026,FedEx Ground,,$10.85
000000000,08/04/2026,9-2608-04001,770000001946,08/02/2026,FedEx Ground,,$7.19
000000000,08/04/2026,9-2608-04001,770000001945,08/02/2026,FedEx Home Delivery,,$17.77
000000000,08/04/2026,9-2608-04001,770000001940,08/02/2026,FedEx 2Day,,$6.38
000000000,08/04/2026,9-2608-04001,770000001961,08/02/2026,FedEx Home Delivery,,$4.33
000000000,08/04/2026,9-2608-04001,770000001952,08/02/2026,FedEx 2Day,,$13.62
000000000,08/04/2026,9-2608-04001,770000001947,08/02/2026,FedEx Express Saver,,$14.07
000000000,08/04/2026,9-2608-04001,770000001937,08/02/2026,FedEx Ground,,$10.45
000000000,08/04/2026,9-2608-04001,770000001958,08/02/2026,FedEx Home Delivery,,$3.61
000000000,08/04/2026,9-2608-04001,770000001944,08/02/2026,FedEx Ground,,$11.22
000000000,08/04/2026,9-2608-04001,770000001930,08/02/2026,FedEx Ground,,$10.17
000000000,08/04/2026,9-2608-04001,770000001922,08/02/2026,FedEx Ground,,$9.68
000000000,08/04/2026,9-2608-04001,770000001986,08/03/2026,FedEx Ground,,$14.33
000000000,08/04/2026,9-2608-04001,770000001974,08/03/2026,FedEx Ground,,$5.22
000000000,08/04/2026,9-2608-04001,770000001989,08/03/2026,FedEx Ground,,$5.49
000000000,08/04/2026,9-2608-04001,770000001943,08/03/2026,FedEx Ground,,$8.07
000000000,08/04/2026,9-2608-04001,770000001984,08/03/2026,FedEx Ground,,$6.53
000000000,08/04/2026,9-2608-04001,770000001971,08/03/2026,FedEx Home Delivery,,$6.65
000000000,08/04/2026,9-2608-04001,770000001981,08/03/2026,FedEx Home Delivery,,$13.93
000000000,08/04/2026,9-2608-04001,770000001957,08/03/2026,FedEx Ground,,$8.52
000000000,08/04/2026,9-2608-04001,770000001968,08/03/2026,FedEx Ground,,$12.57
000000000,08/04/2026,9-2608-04001,770000001950,08/03/2026,FedEx Ground,,$22.10
000000000,08/04/2026,9-2608-04001,770000001966,08/03/2026,FedEx 2Day,,$9.39
000000000,08/04/2026,9-2608-04001,770000001932,08/03/2026,FedEx Home Delivery,,$15.12
000000000,08/04/2026,9-2608-04001,770000001982,08/03/2026,FedEx Ground,,$10.40
000000000,08/04/2026,9-2608-04001,770000001988,08/03/2026,FedEx Home Delivery,,$14.10
000000000,08/04/2026,9-2608-04001,770000001975,08/03/2026,FedEx Home Delivery,,$12.08
000000000,08/04/2026,9-2608-04001,770000001990,08/03/2026,FedEx Ground,,$7.41
000000000,08/04/2026,9-2608-04001,770000001967,08/03/2026,FedEx Ground,,$7.93
000000000,08/04/2026,9-2608-04001,770000001985,08/03/2026,FedEx Home Delivery,,$7.27
000000000,08/04/2026,9-2608-04001,770000001959,08/03/2026,FedEx Ground,,$7.51
000000000,08/04/2026,9-2608-04001,770000001978,08/03/2026,FedEx Express Saver,,$9.80
000000000,08/04/2026,9-2608-04001,770000001970,08/03/2026,FedEx Ground,,$13.55
000000000,08/04/2026,9-2608-04001,770000001987,08/03/2026,FedEx Home Delivery,,$5.64
000000000,08/04/2026,9-2608-04001,770000001976,08/03/2026,FedEx Ground,,$11.89
000000000,08/04/2026,9-2608-04001,770000001977,08/03/2026,FedEx Home Delivery,,$8.49
000000000,08/04/2026,9-2608-04001,770000001949,08/03/2026,FedEx Home Delivery,,$6.61
000000000,08/04/2026,9-2608-04001,770000001973,08/03/2026,FedEx Ground,,$6.34
000000000,08/04/2026,9-2608-04001,770000001979,08/03/2026,FedEx Ground,,$7.34
000000000,08/04/2026,9-2608-04001,770000001980,08/03/2026,FedEx Home Delivery,,$13.29
000000000,08/11/2026,9-2608-11001,770000001936,08/02/2026,FedEx Ground,Address correction,$15.30
000000000,08/11/2026,9-2608-11001,770000002005,08/04/2026,FedEx 2Day,,$4.90
000000000,08/11/2026,9-2608-11001,770000002010,08/04/2026,FedEx Ground,,$6.81
000000000,08/11/2026,9-2608-11001,770000001963,08/04/2026,FedEx Ground,,$7.94
000000000,08/11/2026,9-2608-11001,770000001972,08/04/2026,FedEx Express Saver,,$7.23
000000000,08/11/2026,9-2608-11001,770000002008,08/04/2026,FedEx Ground,,$4.41
000000000,08/11/2026,9-2608-11001,770000001997,08/04/2026,FedEx Express Saver,,$6.69
000000000,08/11/2026,9-2608-11001,770000002006,08/04/2026,FedEx Home Delivery,,$7.99
000000000,08/11/2026,9-2608-11001,770000001948,08/04/2026,FedEx Ground,,$6.59
000000000,08/11/2026,9-2608-11001,770000001996,08/04/2026,FedEx Ground,,$14.47
000000000,08/11/2026,9-2608-11001,770000001991,08/04/2026,FedEx Ground,,$10.71
000000000,08/11/2026,9-2608-11001,770000003422,08/04/2026,FedEx Home Delivery,,$21.35
000000000,08/11/2026,9-2608-11001,770000002004,08/04/2026,FedEx Home Delivery,,$9.33
000000000,08/11/2026,9-2608-11001,770000002002,08/04/2026,FedEx Express Saver,,$5.88
000000000,08/11/2026,9-2608-11001,770000002003,08/04/2026,FedEx Ground,,$7.49
000000000,08/11/2026,9-2608-11001,770000001969,08/04/2026,FedEx Ground,,$7.93
000000000,08/11/2026,9-2608-11001,770000002001,08/04/2026,FedEx Home Delivery,,$12.75
000000000,08/11/2026,9-2608-11001,770000001983,08/04/2026,FedEx Ground,,$6.79
000000000,08/11/2026,9-2608-11001,770000002011,08/05/2026,FedEx Home Delivery,,$8.53
000000000,08/11/2026,9-2608-11001,770000001993,08/05/2026,FedEx Ground,,$6.57
000000000,08/11/2026,9-2608-11001,770000002017,08/05/2026,FedEx Ground,,$9.73
000000000,08/11/2026,9-2608-11001,770000003421,08/05/2026,FedEx Ground,,$29.65
000000000,08/11/2026,9-2608-11001,770000001994,08/05/2026,FedEx Home Delivery,,$11.14
000000000,08/11/2026,9-2608-11001,770000002024,08/05/2026,FedEx Ground,,$12.22
000000000,08/11/2026,9-2608-11001,770000001998,08/05/2026,FedEx Ground,,$9.82
000000000,08/11/2026,9-2608-11001,770000002023,08/05/2026,FedEx Ground,,$13.08
000000000,08/11/2026,9-2608-11001,770000002014,08/05/2026,FedEx Home Delivery,,$8.44
000000000,08/11/2026,9-2608-11001,770000003423,08/05/2026,FedEx Ground,,$37.11
000000000,08/11/2026,9-2608-11001,770000001964,08/05/2026,FedEx Express Saver,,$7.73
000000000,08/11/2026,9-2608-11001,770000002007,08/05/2026,FedEx Express Saver,,$12.69
000000000,08/11/2026,9-2608-11001,770000002021,08/05/2026,FedEx Ground,,$10.75
000000000,08/11/2026,9-2608-11001,770000002018,08/05/2026,FedEx Home Delivery,,$11.79
000000000,08/11/2026,9-2608-11001,770000002022,08/05/2026,FedEx Ground,,$8.92
000000000,08/11/2026,9-2608-11001,770000001965,08/05/2026,FedEx Ground,,$13.92
000000000,08/11/2026,9-2608-11001,770000002019,08/05/2026,FedEx Ground,,$10.91
000000000,08/11/2026,9-2608-11001,770000002028,08/05/2026,FedEx Ground,,$11.00
000000000,08/11/2026,9-2608-11001,770000001992,08/05/2026,FedEx Ground,,$7.85
000000000,08/11/2026,9-2608-11001,770000002027,08/05/2026,FedEx Ground,,$7.81
000000000,08/11/2026,9-2608-11001,770000002020,08/05/2026,FedEx Home Delivery,,$9.47
000000000,08/11/2026,9-2608-11001,770000001999,08/05/2026,FedEx Ground,,$7.31
000000000,08/11/2026,9-2608-11001,770000002026,08/05/2026,FedEx Ground,,$13.00
000000000,08/11/2026,9-2608-11001,770000002031,08/05/2026,FedEx Ground,,$4.98
000000000,08/11/2026,9-2608-11001,770000002000,08/05/2026,FedEx Home Delivery,,$10.30
000000000,08/11/2026,9-2608-11001,770000002016,08/05/2026,FedEx Ground,,$8.60
000000000,08/11/2026,9-2608-11001,770000002013,08/05/2026,FedEx Ground,,$7.65
000000000,08/11/2026,9-2608-11001,770000002015,08/05/2026,FedEx Home Delivery,,$11.01
000000000,08/11/2026,9-2608-11001,770000002041,08/06/2026,FedEx Ground,,$9.33
000000000,08/11/2026,9-2608-11001,770000002029,08/06/2026,FedEx Ground,,$5.30
000000000,08/11/2026,9-2608-11001,770000001995,08/06/2026,FedEx Ground,,$8.23
000000000,08/11/2026,9-2608-11001,770000002030,08/06/2026,FedEx Ground,,$6.19
000000000,08/11/2026,9-2608-11001,770000002036,08/06/2026,FedEx 2Day,,$6.76
000000000,08/11/2026,9-2608-11001,770000002048,08/06/2026,FedEx Ground,,$5.70
000000000,08/11/2026,9-2608-11001,770000002051,08/06/2026,FedEx Ground,,$5.02
000000000,08/11/2026,9-2608-11001,770000002035,08/06/2026,FedEx Ground,,$11.84
000000000,08/11/2026,9-2608-11001,770000002034,08/06/2026,FedEx Ground,,$9.59
000000000,08/11/2026,9-2608-11001,770000002054,08/06/2026,FedEx Ground,,$7.43
000000000,08/11/2026,9-2608-11001,770000002039,08/06/2026,FedEx Ground,,$8.30
000000000,08/11/2026,9-2608-11001,770000002032,08/06/2026,FedEx Express Saver,,$4.92
000000000,08/11/2026,9-2608-11001,770000002009,08/06/2026,FedEx Ground,,$8.90
000000000,08/11/2026,9-2608-11001,770000002044,08/06/2026,FedEx Home Delivery,,$9.30
000000000,08/11/2026,9-2608-11001,770000002045,08/06/2026,FedEx Ground,,$13.78
000000000,08/11/2026,9-2608-11001,770000002038,08/06/2026,FedEx Ground,,$11.20
000000000,08/11/2026,9-2608-11001,770000002025,08/06/2026,FedEx Ground,,$20.64
000000000,08/11/2026,9-2608-11001,770000002049,08/06/2026,FedEx Home Delivery,,$13.54
000000000,08/11/2026,9-2608-11001,770000002043,08/06/2026,FedEx Ground,,$8.34
000000000,08/11/2026,9-2608-11001,770000002040,08/06/2026,FedEx Ground,,$8.35
000000000,08/11/2026,9-2608-11001,770000002033,08/06/2026,FedEx Ground,,$5.95
000000000,08/11/2026,9-2608-11001,770000002047,08/06/2026,FedEx Ground,,$5.91
000000000,08/11/2026,9-2608-11001,770000002072,08/07/2026,FedEx Ground,,$5.83
000000000,08/11/2026,9-2608-11001,770000002042,08/07/2026,FedEx Ground,,$14.19
000000000,08/11/2026,9-2608-11001,770000002052,08/07/2026,FedEx Ground,,$7.08
000000000,08/11/2026,9-2608-11001,770000002046,08/07/2026,FedEx Ground,,$7.53
000000000,08/11/2026,9-2608-11001,770000002058,08/07/2026,FedEx Home Delivery,,$10.98
000000000,08/11/2026,9-2608-11001,770000002060,08/07/2026,FedEx Ground,,$12.70
000000000,08/11/2026,9-2608-11001,770000002066,08/07/2026,FedEx Ground,,$8.49
000000000,08/11/2026,9-2608-11001,770000002057,08/07/2026,FedEx Ground,,$9.08
000000000,08/11/2026,9-2608-11001,770000002063,08/07/2026,FedEx Ground,,$6.55
000000000,08/11/2026,9-2608-11001,770000002069,08/07/2026,FedEx Ground,,$7.02
000000000,08/11/2026,9-2608-11001,770000002037,08/07/2026,FedEx Ground,,$13.76
000000000,08/11/2026,9-2608-11001,770000002012,08/07/2026,FedEx Ground,,$8.38
000000000,08/11/2026,9-2608-11001,770000002062,08/07/2026,FedEx Ground,,$13.99
000000000,08/11/2026,9-2608-11001,770000002068,08/07/2026,FedEx Ground,,$8.94
000000000,08/11/2026,9-2608-11001,770000002064,08/07/2026,FedEx Ground,,$14.85
000000000,08/11/2026,9-2608-11001,770000002071,08/07/2026,FedEx Ground,,$8.20
000000000,08/11/2026,9-2608-11001,770000002059,08/07/2026,FedEx Home Delivery,,$7.47
000000000,08/11/2026,9-2608-11001,770000002055,08/07/2026,FedEx 2Day,,$14.14
000000000,08/11/2026,9-2608-11001,770000002067,08/07/2026,FedEx Ground,,$12.80
000000000,08/11/2026,9-2608-11001,770000002056,08/07/2026,FedEx Ground,,$10.77
000000000,08/11/2026,9-2608-11001,770000002050,08/07/2026,FedEx Home Delivery,,$9.74
000000000,08/11/2026,9-2608-11001,770000003424,08/07/2026,FedEx Ground,,$19.65
000000000,08/11/2026,9-2608-11001,770000002082,08/08/2026,FedEx Ground,,$9.92
000000000,08/11/2026,9-2608-11001,770000002081,08/08/2026,FedEx Ground,,$8.90
000000000,08/11/2026,9-2608-11001,770000002076,08/08/2026,FedEx Home Delivery,,$7.55
000000000,08/11/2026,9-2608-11001,770000002088,08/08/2026,FedEx Ground,,$9.71
000000000,08/11/2026,9-2608-11001,770000003425,08/08/2026,FedEx 2Day,,$42.46
000000000,08/11/2026,9-2608-11001,770000002070,08/08/2026,FedEx Home Delivery,,$6.24
000000000,08/11/2026,9-2608-11001,770000002091,08/08/2026,FedEx Home Delivery,,$4.90
000000000,08/11/2026,9-2608-11001,770000002053,08/08/2026,FedEx Home Delivery,,$11.63
000000000,08/11/2026,9-2608-11001,770000002092,08/08/2026,FedEx Home Delivery,,$4.21
000000000,08/11/2026,9-2608-11001,770000002078,08/08/2026,FedEx Home Delivery,,$13.33
000000000,08/11/2026,9-2608-11001,770000002077,08/08/2026,FedEx Ground,,$21.62
000000000,08/11/2026,9-2608-11001,770000002065,08/08/2026,FedEx Ground,,$7.68
000000000,08/11/2026,9-2608-11001,770000002079,08/08/2026,FedEx Home Delivery,,$16.91
000000000,08/11/2026,9-2608-11001,770000002080,08/08/2026,FedEx Home Delivery,,$20.44
000000000,08/11/2026,9-2608-11001,770000002083,08/08/2026,FedEx Ground,,$14.14
000000000,08/11/2026,9-2608-11001,770000002074,08/08/2026,FedEx Home Delivery,,$8.31
000000000,08/11/2026,9-2608-11001,770000002090,08/08/2026,FedEx Express Saver,,$10.22
000000000,08/11/2026,9-2608-11001,770000002085,08/08/2026,FedEx Ground,,$7.29
000000000,08/11/2026,9-2608-11001,770000002099,08/09/2026,FedEx Home Delivery,,$6.39
000000000,08/11/2026,9-2608-11001,770000002095,08/09/2026,FedEx Ground,,$5.72
000000000,08/11/2026,9-2608-11001,770000002098,08/09/2026,FedEx Ground,,$9.27
000000000,08/11/2026,9-2608-11001,770000002110,08/09/2026,FedEx Ground,,$4.16
000000000,08/11/2026,9-2608-11001,770000002100,08/09/2026,FedEx Ground,,$10.27
000000000,08/11/2026,9-2608-11001,770000002108,08/09/2026,FedEx Ground,,$6.85
000000000,08/11/2026,9-2608-11001,770000002105,08/09/2026,FedEx Ground,,$9.29
000000000,08/11/2026,9-2608-11001,770000002096,08/09/2026,FedEx Ground,,$5.91
000000000,08/11/2026,9-2608-11001,770000002073,08/09/2026,FedEx Ground,,$9.02
000000000,08/11/2026,9-2608-11001,770000002087,08/09/2026,FedEx Ground,,$10.03
000000000,08/11/2026,9-2608-11001,770000002086,08/09/2026,FedEx Ground,,$8.82
000000000,08/11/2026,9-2608-11001,770000002084,08/09/2026,FedEx Home Delivery,,$11.18
000000000,08/11/2026,9-2608-11001,770000002093,08/09/2026,FedEx Ground,,$5.47
000000000,08/11/2026,9-2608-11001,770000002109,08/09/2026,FedEx Ground,,$7.38
000000000,08/11/2026,9-2608-11001,770000002094,08/09/2026,FedEx Ground,,$6.94
000000000,08/11/2026,9-2608-11001,770000002061,08/09/2026,FedEx Home Delivery,,$12.57
000000000,08/11/2026,9-2608-11001,770000002075,08/09/2026,FedEx Home Delivery,,$8.29
000000000,08/11/2026,9-2608-11001,770000002104,08/09/2026,FedEx Ground,,$9.02
000000000,08/11/2026,9-2608-11001,770000002101,08/09/2026,FedEx Ground,,$8.57
000000000,08/11/2026,9-2608-11001,770000002113,08/10/2026,FedEx Ground,,$8.26
000000000,08/11/2026,9-2608-11001,770000002097,08/10/2026,FedEx Home Delivery,,$10.13
000000000,08/11/2026,9-2608-11001,770000002115,08/10/2026,FedEx Ground,,$10.40
000000000,08/11/2026,9-2608-11001,770000002127,08/10/2026,FedEx Ground,,$8.94
000000000,08/11/2026,9-2608-11001,770000002128,08/10/2026,FedEx 2Day,,$8.16
000000000,08/11/2026,9-2608-11001,770000002103,08/10/2026,FedEx Home Delivery,,$8.18
000000000,08/11/2026,9-2608-11001,770000002107,08/10/2026,FedEx Ground,,$8.89
000000000,08/11/2026,9-2608-11001,770000002089,08/10/2026,FedEx Express Saver,,$7.27
000000000,08/11/2026,9-2608-11001,770000002125,08/10/2026,FedEx Ground,,$10.25
000000000,08/11/2026,9-2608-11001,770000002134,08/10/2026,FedEx Ground,,$5.85
000000000,08/11/2026,9-2608-11001,770000002133,08/10/2026,FedEx Ground,,$7.94
000000000,08/11/2026,9-2608-11001,770000002112,08/10/2026,FedEx Home Delivery,,$12.60
000000000,08/11/2026,9-2608-11001,770000003426,08/10/2026,FedEx Ground,,$31.07
000000000,08/11/2026,9-2608-11001,770000002126,08/10/2026,FedEx Ground,,$9.04
000000000,08/11/2026,9-2608-11001,770000002102,08/10/2026,FedEx Home Delivery,,$6.94
000000000,08/11/2026,9-2608-11001,770000002120,08/10/2026,FedEx Ground,,$7.87
000000000,08/11/2026,9-2608-11001,770000002119,08/10/2026,FedEx Ground,,$8.66
000000000,08/11/2026,9-2608-11001,770000002135,08/10/2026,FedEx Ground,,$5.99
000000000,08/11/2026,9-2608-11001,770000002116,08/10/2026,FedEx Ground,,$12.46
000000000,08/11/2026,9-2608-11001,770000002124,08/10/2026,FedEx Ground,,$9.79
000000000,08/11/2026,9-2608-11001,770000002121,08/10/2026,FedEx Ground,,$11.25
000000000,08/18/2026,9-2608-18001,770000001963,08/04/2026,FedEx Ground,Address correction,$15.03
000000000,08/18/2026,9-2608-18001,770000002028,08/05/2026,FedEx Ground,Address correction,$15.98
000000000,08/18/2026,9-2608-18001,770000001995,08/06/2026,FedEx Ground,Service failure credit (GSR),-$8.23
000000000,08/18/2026,9-2608-18001,770000002064,08/07/2026,FedEx Ground,Service failure credit (GSR),-$14.85
000000000,08/18/2026,9-2608-18001,770000002091,08/08/2026,FedEx Home Delivery,Service failure credit (GSR),-$4.90
000000000,08/18/2026,9-2608-18001,770000002084,08/09/2026,FedEx Home Delivery,Address correction,$15.51
000000000,08/18/2026,9-2608-18001,770000002142,08/11/2026,FedEx Ground,,$10.28
000000000,08/18/2026,9-2608-18001,770000002144,08/11/2026,FedEx Ground,,$7.13
000000000,08/18/2026,9-2608-18001,770000002159,08/11/2026,FedEx Home Delivery,,$6.16
000000000,08/18/2026,9-2608-18001,770000002141,08/11/2026,FedEx Home Delivery,,$9.23
000000000,08/18/2026,9-2608-18001,770000002153,08/11/2026,FedEx Ground,,$4.64
000000000,08/18/2026,9-2608-18001,770000002114,08/11/2026,FedEx Ground,,$9.43
000000000,08/18/2026,9-2608-18001,770000002131,08/11/2026,FedEx Home Delivery,,$5.78
000000000,08/18/2026,9-2608-18001,770000002122,08/11/2026,FedEx 2Day,,$6.24
000000000,08/18/2026,9-2608-18001,770000002118,08/11/2026,FedEx Ground,,$5.40
000000000,08/18/2026,9-2608-18001,770000002156,08/11/2026,FedEx Ground,,$6.29
000000000,08/18/2026,9-2608-18001,770000002148,08/11/2026,FedEx Ground,,$11.57
000000000,08/18/2026,9-2608-18001,770000002154,08/11/2026,FedEx Ground,,$6.27
000000000,08/18/2026,9-2608-18001,770000002123,08/11/2026,FedEx Home Delivery,,$11.29
000000000,08/18/2026,9-2608-18001,770000002158,08/11/2026,FedEx Ground,,$4.22
000000000,08/18/2026,9-2608-18001,770000002149,08/11/2026,FedEx Ground,,$6.71
000000000,08/18/2026,9-2608-18001,770000002160,08/11/2026,FedEx Ground,,$6.49
000000000,08/18/2026,9-2608-18001,770000002129,08/11/2026,FedEx Ground,,$9.50
000000000,08/18/2026,9-2608-18001,770000002111,08/11/2026,FedEx Home Delivery,,$11.47
000000000,08/18/2026,9-2608-18001,770000002150,08/11/2026,FedEx Home Delivery,,$10.46
000000000,08/18/2026,9-2608-18001,770000003427,08/11/2026,FedEx 2Day,,$28.55
000000000,08/18/2026,9-2608-18001,770000002139,08/11/2026,FedEx Ground,,$11.90
000000000,08/18/2026,9-2608-18001,770000002155,08/11/2026,FedEx Ground,,$4.25
000000000,08/18/2026,9-2608-18001,770000002145,08/11/2026,FedEx Ground,,$9.27
000000000,08/18/2026,9-2608-18001,770000002137,08/11/2026,FedEx Ground,,$7.08
000000000,08/18/2026,9-2608-18001,770000002157,08/11/2026,FedEx 2Day,,$7.02
000000000,08/18/2026,9-2608-18001,770000002140,08/11/2026,FedEx Ground,,$11.98
000000000,08/18/2026,9-2608-18001,770000002132,08/11/2026,FedEx Ground,,$7.71
000000000,08/18/2026,9-2608-18001,770000002130,08/11/2026,FedEx Home Delivery,,$8.89
000000000,08/18/2026,9-2608-18001,770000002106,08/11/2026,FedEx 2Day,,$8.32
000000000,08/18/2026,9-2608-18001,770000002167,08/12/2026,FedEx Ground,,$12.05
000000000,08/18/2026,9-2608-18001,770000002147,08/12/2026,FedEx Ground,,$12.46
000000000,08/18/2026,9-2608-18001,770000002179,08/12/2026,FedEx Ground,,$9.24
000000000,08/18/2026,9-2608-18001,770000002165,08/12/2026,FedEx Ground,,$11.98
000000000,08/18/2026,9-2608-18001,770000002168,08/12/2026,FedEx Home Delivery,,$12.55
000000000,08/18/2026,9-2608-18001,770000002161,08/12/2026,FedEx Ground,,$6.08
000000000,08/18/2026,9-2608-18001,770000002162,08/12/2026,FedEx Ground,,$10.95
000000000,08/18/2026,9-2608-18001,770000002138,08/12/2026,FedEx Home Delivery,,$14.05
000000000,08/18/2026,9-2608-18001,770000002117,08/12/2026,FedEx Home Delivery,,$8.00
000000000,08/18/2026,9-2608-18001,770000002180,08/12/2026,FedEx Ground,,$12.00
000000000,08/18/2026,9-2608-18001,770000002143,08/12/2026,FedEx Home Delivery,,$12.80
000000000,08/18/2026,9-2608-18001,770000003428,08/12/2026,FedEx Home Delivery,,$34.44
000000000,08/18/2026,9-2608-18001,770000002183,08/12/2026,FedEx Ground,,$7.44
000000000,08/18/2026,9-2608-18001,770000002182,08/12/2026,FedEx Ground,,$3.27
000000000,08/18/2026,9-2608-18001,770000002181,08/12/2026,FedEx Ground,,$10.87
000000000,08/18/2026,9-2608-18001,770000002185,08/12/2026,FedEx Home Delivery,,$9.27
000000000,08/18/2026,9-2608-18001,770000002166,08/12/2026,FedEx Ground,,$6.20
000000000,08/18/2026,9-2608-18001,770000002163,08/12/2026,FedEx Home Delivery,,$8.96
000000000,08/18/2026,9-2608-18001,770000002136,08/12/2026,FedEx Ground,,$8.32
000000000,08/18/2026,9-2608-18001,770000002151,08/12/2026,FedEx Home Delivery,,$7.94
000000000,08/18/2026,9-2608-18001,770000002175,08/12/2026,FedEx Ground,,$16.38
000000000,08/18/2026,9-2608-18001,770000002173,08/12/2026,FedEx Ground,,$5.56
000000000,08/18/2026,9-2608-18001,770000002146,08/12/2026,FedEx Home Delivery,,$17.78
000000000,08/18/2026,9-2608-18001,770000002190,08/13/2026,FedEx Ground,,$9.93
000000000,08/18/2026,9-2608-18001,770000002191,08/13/2026,FedEx Ground,,$10.30
000000000,08/18/2026,9-2608-18001,770000002171,08/13/2026,FedEx Ground,,$12.80
000000000,08/18/2026,9-2608-18001,770000002209,08/13/2026,FedEx Ground,,$10.66
000000000,08/18/2026,9-2608-18001,770000002172,08/13/2026,FedEx Ground,,$11.35
000000000,08/18/2026,9-2608-18001,770000002202,08/13/2026,FedEx Ground,,$6.90
000000000,08/18/2026,9-2608-18001,770000002170,08/13/2026,FedEx Express Saver,,$12.32
000000000,08/18/2026,9-2608-18001,770000002164,08/13/2026,FedEx 2Day,,$8.37
000000000,08/18/2026,9-2608-18001,770000002201,08/13/2026,FedEx Ground,,$5.99
000000000,08/18/2026,9-2608-18001,770000002197,08/13/2026,FedEx Home Delivery,,$11.12
000000000,08/18/2026,9-2608-18001,770000002194,08/13/2026,FedEx Home Delivery,,$7.09
000000000,08/18/2026,9-2608-18001,770000002199,08/13/2026,FedEx Ground,,$10.46
000000000,08/18/2026,9-2608-18001,770000002177,08/13/2026,FedEx Ground,,$6.26
000000000,08/18/2026,9-2608-18001,770000002196,08/13/2026,FedEx Ground,,$12.70
000000000,08/18/2026,9-2608-18001,770000002211,08/13/2026,FedEx Ground,,$7.64
000000000,08/18/2026,9-2608-18001,770000002174,08/13/2026,FedEx Ground,,$25.83
000000000,08/18/2026,9-2608-18001,770000002204,08/13/2026,FedEx Ground,,$6.16
000000000,08/18/2026,9-2608-18001,770000002193,08/13/2026,FedEx Ground,,$7.80
000000000,08/18/2026,9-2608-18001,770000002213,08/13/2026,FedEx Ground,,$3.21
000000000,08/18/2026,9-2608-18001,770000002189,08/13/2026,FedEx Ground,,$8.83
000000000,08/18/2026,9-2608-18001,770000002195,08/13/2026,FedEx Home Delivery,,$10.37
000000000,08/18/2026,9-2608-18001,770000002210,08/13/2026,FedEx Ground,,$4.60
000000000,08/18/2026,9-2608-18001,770000002169,08/13/2026,FedEx Ground,,$10.80
000000000,08/18/2026,9-2608-18001,770000002152,08/13/2026,FedEx Ground,,$4.16
000000000,08/18/2026,9-2608-18001,770000002178,08/13/2026,FedEx Ground,,$7.58
000000000,08/18/2026,9-2608-18001,770000002205,08/13/2026,FedEx Ground,,$12.72
000000000,08/18/2026,9-2608-18001,770000002200,08/13/2026,FedEx Ground,,$7.21
000000000,08/18/2026,9-2608-18001,770000003429,08/13/2026,FedEx Home Delivery,,$23.98
000000000,08/18/2026,9-2608-18001,770000002176,08/13/2026,FedEx Ground,,$9.02
000000000,08/18/2026,9-2608-18001,770000002203,08/13/2026,FedEx Ground,,$16.55
000000000,08/18/2026,9-2608-18001,770000002206,08/13/2026,FedEx Ground,,$10.52
000000000,08/18/2026,9-2608-18001,770000002232,08/14/2026,FedEx Ground,,$7.36
000000000,08/18/2026,9-2608-18001,770000002233,08/14/2026,FedEx 2Day,,$7.20
000000000,08/18/2026,9-2608-18001,770000002187,08/14/2026,FedEx Home Delivery,,$11.34
000000000,08/18/2026,9-2608-18001,770000002207,08/14/2026,FedEx Ground,,$7.90
000000000,08/18/2026,9-2608-18001,770000002236,08/14/2026,FedEx Home Delivery,,$9.14
000000000,08/18/2026,9-2608-18001,770000002225,08/14/2026,FedEx Ground,,$9.19
000000000,08/18/2026,9-2608-18001,770000002184,08/14/2026,FedEx Ground,,$8.93
000000000,08/18/2026,9-2608-18001,770000002227,08/14/2026,FedEx Ground,,$9.52
000000000,08/18/2026,9-2608-18001,770000002214,08/14/2026,FedEx Home Delivery,,$4.37
000000000,08/18/2026,9-2608-18001,770000002226,08/14/2026,FedEx Home Delivery,,$11.86
000000000,08/18/2026,9-2608-18001,770000002192,08/14/2026,FedEx Home Delivery,,$13.63
000000000,08/18/2026,9-2608-18001,770000002221,08/14/2026,FedEx Ground,,$11.38
000000000,08/18/2026,9-2608-18001,770000002231,08/14/2026,FedEx Express Saver,,$12.66
000000000,08/18/2026,9-2608-18001,770000002237,08/14/2026,FedEx Home Delivery,,$3.76
000000000,08/18/2026,9-2608-18001,770000002238,08/14/2026,FedEx Home Delivery,,$3.39
000000000,08/18/2026,9-2608-18001,770000002217,08/14/2026,FedEx Ground,,$7.87
000000000,08/18/2026,9-2608-18001,770000002212,08/14/2026,FedEx Home Delivery,,$5.59
000000000,08/18/2026,9-2608-18001,770000002198,08/14/2026,FedEx Express Saver,,$6.68
000000000,08/18/2026,9-2608-18001,770000002215,08/14/2026,FedEx Home Delivery,,$8.49
000000000,08/18/2026,9-2608-18001,770000002224,08/14/2026,FedEx Ground,,$10.03
000000000,08/18/2026,9-2608-18001,770000002188,08/14/2026,FedEx Home Delivery,,$11.26
000000000,08/18/2026,9-2608-18001,770000002228,08/14/2026,FedEx Ground,,$14.77
000000000,08/18/2026,9-2608-18001,770000002186,08/14/2026,FedEx Ground,,$8.77
000000000,08/18/2026,9-2608-18001,770000002250,08/15/2026,FedEx Express Saver,,$12.17
000000000,08/18/2026,9-2608-18001,770000002229,08/15/2026,FedEx Express Saver,,$11.54
000000000,08/18/2026,9-2608-18001,770000002230,08/15/2026,FedEx Home Delivery,,$13.95
000000000,08/18/2026,9-2608-18001,770000002242,08/15/2026,FedEx Ground,,$8.97
000000000,08/18/2026,9-2608-18001,770000002235,08/15/2026,FedEx Ground,,$13.91
000000000,08/18/2026,9-2608-18001,770000002220,08/15/2026,FedEx Ground,,$12.34
000000000,08/18/2026,9-2608-18001,770000002244,08/15/2026,FedEx Ground,,$9.63
000000000,08/18/2026,9-2608-18001,770000002247,08/15/2026,FedEx Ground,,$4.97
000000000,08/18/2026,9-2608-18001,770000002245,08/15/2026,FedEx Ground,,$6.31
000000000,08/18/2026,9-2608-18001,770000002251,08/15/2026,FedEx Home Delivery,,$15.63
000000000,08/18/2026,9-2608-18001,770000002248,08/15/2026,FedEx Ground,,$12.44
000000000,08/18/2026,9-2608-18001,770000002218,08/15/2026,FedEx Ground,,$10.54
000000000,08/18/2026,9-2608-18001,770000002208,08/15/2026,FedEx Ground,,$9.96
000000000,08/18/2026,9-2608-18001,770000002241,08/15/2026,FedEx Home Delivery,,$9.69
000000000,08/18/2026,9-2608-18001,770000002223,08/15/2026,FedEx Ground,,$10.31
000000000,08/18/2026,9-2608-18001,770000002249,08/15/2026,FedEx Ground,,$10.52
000000000,08/18/2026,9-2608-18001,770000002243,08/15/2026,FedEx Ground,,$6.62
000000000,08/18/2026,9-2608-18001,770000002246,08/16/2026,FedEx Ground,,$10.38
000000000,08/18/2026,9-2608-18001,770000002276,08/16/2026,FedEx Ground,,$5.72
000000000,08/18/2026,9-2608-18001,770000002261,08/16/2026,FedEx Express Saver,,$12.91
000000000,08/18/2026,9-2608-18001,770000002256,08/16/2026,FedEx Home Delivery,,$12.61
000000000,08/18/2026,9-2608-18001,770000002253,08/16/2026,FedEx Ground,,$6.67
000000000,08/18/2026,9-2608-18001,770000002277,08/16/2026,FedEx Ground,,$4.94
000000000,08/18/2026,9-2608-18001,770000002222,08/16/2026,FedEx Ground,,$9.04
000000000,08/18/2026,9-2608-18001,770000002275,08/16/2026,FedEx Home Delivery,,$6.32
000000000,08/18/2026,9-2608-18001,770000002239,08/16/2026,FedEx Ground,,$11.00
000000000,08/18/2026,9-2608-18001,770000002263,08/16/2026,FedEx Ground,,$7.75
000000000,08/18/2026,9-2608-18001,770000002280,08/16/2026,FedEx Ground,,$6.50
000000000,08/18/2026,9-2608-18001,770000002271,08/16/2026,FedEx Ground,,$8.52
000000000,08/18/2026,9-2608-18001,770000002260,08/16/2026,FedEx Ground,,$9.04
000000000,08/18/2026,9-2608-18001,770000002252,08/16/2026,FedEx Ground,,$8.39
000000000,08/18/2026,9-2608-18001,770000002267,08/16/2026,FedEx Home Delivery,,$9.96
000000000,08/18/2026,9-2608-18001,770000002254,08/16/2026,FedEx Home Delivery,,$9.10
000000000,08/18/2026,9-2608-18001,770000002281,08/16/2026,FedEx Home Delivery,,$5.86
000000000,08/18/2026,9-2608-18001,770000002274,08/16/2026,FedEx Home Delivery,,$5.70
000000000,08/18/2026,9-2608-18001,770000002269,08/16/2026,FedEx Ground,,$12.94
000000000,08/18/2026,9-2608-18001,770000002219,08/16/2026,FedEx Ground,,$11.49
000000000,08/18/2026,9-2608-18001,770000002268,08/16/2026,FedEx Express Saver,,$14.62
000000000,08/18/2026,9-2608-18001,770000002266,08/16/2026,FedEx Home Delivery,,$8.47
000000000,08/18/2026,9-2608-18001,770000002265,08/16/2026,FedEx Ground,,$9.37
000000000,08/18/2026,9-2608-18001,770000002216,08/16/2026,FedEx Home Delivery,,$6.13
000000000,08/18/2026,9-2608-18001,770000002234,08/16/2026,FedEx Home Delivery,,$11.61
000000000,08/18/2026,9-2608-18001,770000002273,08/16/2026,FedEx Home Delivery,,$5.06
000000000,08/18/2026,9-2608-18001,770000002288,08/17/2026,FedEx Ground,,$7.96
000000000,08/18/2026,9-2608-18001,770000002287,08/17/2026,FedEx Home Delivery,,$6.89
000000000,08/18/2026,9-2608-18001,770000002279,08/17/2026,FedEx Express Saver,,$4.68
000000000,08/18/2026,9-2608-18001,770000002286,08/17/2026,FedEx Ground,,$8.73
000000000,08/18/2026,9-2608-18001,770000002290,08/17/2026,FedEx Ground,,$8.68
000000000,08/18/2026,9-2608-18001,770000002292,08/17/2026,FedEx Home Delivery,,$12.76
000000000,08/18/2026,9-2608-18001,770000002299,08/17/2026,FedEx Home Delivery,,$8.81
000000000,08/18/2026,9-2608-18001,770000002259,08/17/2026,FedEx 2Day,,$6.82
000000000,08/18/2026,9-2608-18001,770000002258,08/17/2026,FedEx Ground,,$7.95
000000000,08/18/2026,9-2608-18001,770000002257,08/17/2026,FedEx Ground,,$6.79
000000000,08/18/2026,9-2608-18001,770000002303,08/17/2026,FedEx Express Saver,,$6.47
000000000,08/18/2026,9-2608-18001,770000002300,08/17/2026,FedEx Ground,,$7.76
000000000,08/18/2026,9-2608-18001,770000002291,08/17/2026,FedEx Ground,,$7.22
000000000,08/18/2026,9-2608-18001,770000002285,08/17/2026,FedEx Ground,,$12.77
000000000,08/18/2026,9-2608-18001,770000002270,08/17/2026,FedEx Home Delivery,,$7.07
000000000,08/18/2026,9-2608-18001,770000002255,08/17/2026,FedEx Home Delivery,,$6.61
000000000,08/18/2026,9-2608-18001,770000002289,08/17/2026,FedEx Home Delivery,,$8.84
000000000,08/18/2026,9-2608-18001,770000002278,08/17/2026,FedEx Home Delivery,,$7.82
000000000,08/18/2026,9-2608-18001,770000002304,08/17/2026,FedEx Ground,,$9.91
000000000,08/18/2026,9-2608-18001,770000002305,08/17/2026,FedEx Ground,,$8.91
000000000,08/18/2026,9-2608-18001,770000002306,08/17/2026,FedEx Ground,,$13.97
000000000,08/18/2026,9-2608-18001,770000002293,08/17/2026,FedEx Home Delivery,,$7.77
000000000,08/18/2026,9-2608-18001,770000002283,08/17/2026,FedEx Ground,,$6.63
000000000,08/18/2026,9-2608-18001,770000002295,08/17/2026,FedEx Ground,,$9.16
000000000,08/18/2026,9-2608-18001,770000003430,08/17/2026,FedEx Ground,,$20.18
000000000,08/18/2026,9-2608-18001,770000002264,08/17/2026,FedEx Home Delivery,,$8.86
000000000,08/18/2026,9-2608-18001,770000002272,08/17/2026,FedEx Ground,,$10.20
000000000,08/18/2026,9-2608-18001,770000002240,08/17/2026,FedEx Ground,,$10.06
000000000,08/18/2026,9-2608-18001,770000002298,08/17/2026,FedEx Ground,,$9.57
000000000,08/25/2026,9-2608-25001,770000002114,08/11/2026,FedEx Ground,Service failure credit (GSR),-$9.43
000000000,08/25/2026,9-2608-25001,770000002193,08/13/2026,FedEx Ground,Service failure credit (GSR),-$7.80
000000000,08/25/2026,9-2608-25001,770000002215,08/14/2026,FedEx Home Delivery,Address correction,$18.67
000000000,08/25/2026,9-2608-25001,770000002285,08/17/2026,FedEx Ground,Address correction,$16.46
000000000,08/25/2026,9-2608-25001,770000002302,08/18/2026,FedEx Ground,,$15.99
000000000,08/25/2026,9-2608-25001,770000002320,08/18/2026,FedEx Ground,,$10.15
000000000,08/25/2026,9-2608-25001,770000002262,08/18/2026,FedEx Ground,,$10.46
000000000,08/25/2026,9-2608-25001,770000002317,08/18/2026,FedEx Home Delivery,,$8.09
000000000,08/25/2026,9-2608-25001,770000002326,08/18/2026,FedEx Ground,,$5.57
000000000,08/25/2026,9-2608-25001,770000002307,08/18/2026,FedEx Home Delivery,,$4.80
000000000,08/25/2026,9-2608-25001,770000002322,08/18/2026,FedEx Ground,,$5.83
000000000,08/25/2026,9-2608-25001,770000002319,08/18/2026,FedEx Home Delivery,,$8.21
000000000,08/25/2026,9-2608-25001,770000002297,08/18/2026,FedEx Ground,,$8.15
000000000,08/25/2026,9-2608-25001,770000002315,08/18/2026,FedEx Home Delivery,,$14.77
000000000,08/25/2026,9-2608-25001,770000002282,08/18/2026,FedEx Home Delivery,,$8.91
000000000,08/25/2026,9-2608-25001,770000002323,08/18/2026,FedEx Ground,,$10.22
000000000,08/25/2026,9-2608-25001,770000002284,08/18/2026,FedEx Home Delivery,,$9.34
000000000,08/25/2026,9-2608-25001,770000002321,08/18/2026,FedEx Express Saver,,$4.45
000000000,08/25/2026,9-2608-25001,770000002312,08/18/2026,FedEx Ground,,$8.14
000000000,08/25/2026,9-2608-25001,770000002301,08/18/2026,FedEx Home Delivery,,$13.80
000000000,08/25/2026,9-2608-25001,770000002313,08/18/2026,FedEx Home Delivery,,$14.21
000000000,08/25/2026,9-2608-25001,770000002294,08/18/2026,FedEx Ground,,$8.08
000000000,08/25/2026,9-2608-25001,770000002324,08/18/2026,FedEx Home Delivery,,$5.68
000000000,08/25/2026,9-2608-25001,770000002309,08/18/2026,FedEx Home Delivery,,$5.54
000000000,08/25/2026,9-2608-25001,770000002333,08/19/2026,FedEx Ground,,$14.99
000000000,08/25/2026,9-2608-25001,770000002350,08/19/2026,FedEx Ground,,$7.48
000000000,08/25/2026,9-2608-25001,770000002325,08/19/2026,FedEx 2Day,,$6.30
000000000,08/25/2026,9-2608-25001,770000002331,08/19/2026,FedEx Home Delivery,,$11.44
000000000,08/25/2026,9-2608-25001,770000002337,08/19/2026,FedEx Express Saver,,$5.80
000000000,08/25/2026,9-2608-25001,770000002318,08/19/2026,FedEx Ground,,$8.79
000000000,08/25/2026,9-2608-25001,770000002311,08/19/2026,FedEx Ground,,$12.10
000000000,08/25/2026,9-2608-25001,770000002340,08/19/2026,FedEx Express Saver,,$6.21
000000000,08/25/2026,9-2608-25001,770000002343,08/19/2026,FedEx Ground,,$18.49
000000000,08/25/2026,9-2608-25001,770000002334,08/19/2026,FedEx Ground,,$12.19
000000000,08/25/2026,9-2608-25001,770000003432,08/19/2026,FedEx Ground,,$36.23
000000000,08/25/2026,9-2608-25001,770000002314,08/19/2026,FedEx Ground,,$13.04
000000000,08/25/2026,9-2608-25001,770000002310,08/19/2026,FedEx Home Delivery,,$6.22
000000000,08/25/2026,9-2608-25001,770000002332,08/19/2026,FedEx Ground,,$6.22
000000000,08/25/2026,9-2608-25001,770000002342,08/19/2026,FedEx Ground,,$13.30
000000000,08/25/2026,9-2608-25001,770000002351,08/19/2026,FedEx Ground,,$7.56
000000000,08/25/2026,9-2608-25001,770000002308,08/19/2026,FedEx Home Delivery,,$9.60
000000000,08/25/2026,9-2608-25001,770000002348,08/19/2026,FedEx Ground,,$9.44
000000000,08/25/2026,9-2608-25001,770000002328,08/19/2026,FedEx Home Delivery,,$11.35
000000000,08/25/2026,9-2608-25001,770000002356,08/19/2026,FedEx Ground,,$8.10
000000000,08/25/2026,9-2608-25001,770000002327,08/19/2026,FedEx Express Saver,,$6.87
000000000,08/25/2026,9-2608-25001,770000002296,08/19/2026,FedEx Express Saver,,$10.24
000000000,08/25/2026,9-2608-25001,770000002352,08/19/2026,FedEx Home Delivery,,$4.60
000000000,08/25/2026,9-2608-25001,770000002346,08/19/2026,FedEx Ground,,$6.99
000000000,08/25/2026,9-2608-25001,770000002338,08/19/2026,FedEx Home Delivery,,$9.91
000000000,08/25/2026,9-2608-25001,770000002335,08/19/2026,FedEx Ground,,$13.32
000000000,08/25/2026,9-2608-25001,770000002329,08/19/2026,FedEx Ground,,$14.84
000000000,08/25/2026,9-2608-25001,770000002339,08/19/2026,FedEx Ground,,$12.69
000000000,08/25/2026,9-2608-25001,770000002341,08/19/2026,FedEx Home Delivery,,$11.40
000000000,08/25/2026,9-2608-25001,770000003431,08/19/2026,FedEx Home Delivery,,$18.83
000000000,08/25/2026,9-2608-25001,770000002344,08/19/2026,FedEx 2Day,,$6.63
000000000,08/25/2026,9-2608-25001,770000002354,08/19/2026,FedEx Home Delivery,,$6.02
000000000,08/25/2026,9-2608-25001,770000002365,08/20/2026,FedEx Ground,,$7.15
000000000,08/25/2026,9-2608-25001,770000002355,08/20/2026,FedEx Ground,,$10.27
000000000,08/25/2026,9-2608-25001,770000002349,08/20/2026,FedEx Ground,,$3.41
000000000,08/25/2026,9-2608-25001,770000002358,08/20/2026,FedEx Ground,,$9.86
000000000,08/25/2026,9-2608-25001,770000002353,08/20/2026,FedEx 2Day,,$5.26
000000000,08/25/2026,9-2608-25001,770000002378,08/20/2026,FedEx Express Saver,,$6.62
000000000,08/25/2026,9-2608-25001,770000002373,08/20/2026,FedEx Ground,,$7.77
000000000,08/25/2026,9-2608-25001,770000002336,08/20/2026,FedEx Ground,,$9.96
000000000,08/25/2026,9-2608-25001,770000002345,08/20/2026,FedEx Ground,,$8.37
000000000,08/25/2026,9-2608-25001,770000002330,08/20/2026,FedEx Ground,,$7.54
000000000,08/25/2026,9-2608-25001,770000002357,08/20/2026,FedEx Ground,,$8.70
000000000,08/25/2026,9-2608-25001,770000002366,08/20/2026,FedEx Ground,,$8.69
000000000,08/25/2026,9-2608-25001,770000002362,08/20/2026,FedEx Ground,,$5.65
000000000,08/25/2026,9-2608-25001,770000002377,08/20/2026,FedEx Ground,,$6.75
000000000,08/25/2026,9-2608-25001,770000002371,08/20/2026,FedEx Ground,,$12.11
000000000,08/25/2026,9-2608-25001,770000002369,08/20/2026,FedEx Home Delivery,,$11.13
000000000,08/25/2026,9-2608-25001,770000002375,08/20/2026,FedEx Home Delivery,,$11.04
000000000,08/25/2026,9-2608-25001,770000002316,08/20/2026,FedEx Ground,,$12.52
000000000,08/25/2026,9-2608-25001,770000002360,08/20/2026,FedEx Ground,,$16.25
000000000,08/25/2026,9-2608-25001,770000002380,08/20/2026,FedEx Ground,,$5.60
000000000,08/25/2026,9-2608-25001,770000002367,08/20/2026,FedEx Home Delivery,,$7.26
000000000,08/25/2026,9-2608-25001,770000002379,08/20/2026,FedEx Express Saver,,$7.26
000000000,08/25/2026,9-2608-25001,770000002412,08/21/2026,FedEx Home Delivery,,$5.36
000000000,08/25/2026,9-2608-25001,770000002383,08/21/2026,FedEx Home Delivery,,$10.52
000000000,08/25/2026,9-2608-25001,770000002391,08/21/2026,FedEx Home Delivery,,$10.79
000000000,08/25/2026,9-2608-25001,770000002401,08/21/2026,FedEx Home Delivery,,$12.09
000000000,08/25/2026,9-2608-25001,770000002404,08/21/2026,FedEx Ground,,$10.92
000000000,08/25/2026,9-2608-25001,770000002386,08/21/2026,FedEx 2Day,,$15.43
000000000,08/25/2026,9-2608-25001,770000002392,08/21/2026,FedEx Ground,,$9.52
000000000,08/25/2026,9-2608-25001,770000002381,08/21/2026,FedEx Home Delivery,,$3.58
000000000,08/25/2026,9-2608-25001,770000002406,08/21/2026,FedEx Express Saver,,$6.48
000000000,08/25/2026,9-2608-25001,770000002361,08/21/2026,FedEx Ground,,$10.58
000000000,08/25/2026,9-2608-25001,770000002398,08/21/2026,FedEx Home Delivery,,$9.08
000000000,08/25/2026,9-2608-25001,770000002389,08/21/2026,FedEx Ground,,$6.77
000000000,08/25/2026,9-2608-25001,770000002374,08/21/2026,FedEx Ground,,$15.10
000000000,08/25/2026,9-2608-25001,770000002405,08/21/2026,FedEx Ground,,$4.93
000000000,08/25/2026,9-2608-25001,770000002403,08/21/2026,FedEx Ground,,$8.96
000000000,08/25/2026,9-2608-25001,770000002370,08/21/2026,FedEx Ground,,$12.06
000000000,08/25/2026,9-2608-25001,770000002397,08/21/2026,FedEx Home Delivery,,$7.56
000000000,08/25/2026,9-2608-25001,770000002368,08/21/2026,FedEx Ground,,$9.11
000000000,08/25/2026,9-2608-25001,770000002347,08/21/2026,FedEx Ground,,$13.28
000000000,08/25/2026,9-2608-25001,770000002390,08/21/2026,FedEx Ground,,$5.96
000000000,08/25/2026,9-2608-25001,770000002407,08/21/2026,FedEx Ground,,$5.49
000000000,08/25/2026,9-2608-25001,770000002372,08/21/2026,FedEx Ground,,$12.12
000000000,08/25/2026,9-2608-25001,770000002359,08/21/2026,FedEx Home Delivery,,$9.48
000000000,08/25/2026,9-2608-25001,770000002408,08/21/2026,FedEx 2Day,,$3.41
000000000,08/25/2026,9-2608-25001,770000002394,08/21/2026,FedEx Ground,,$13.56
000000000,08/25/2026,9-2608-25001,770000002399,08/21/2026,FedEx Home Delivery,,$8.47
000000000,08/25/2026,9-2608-25001,770000002376,08/21/2026,FedEx Home Delivery,,$6.21
000000000,08/25/2026,9-2608-25001,770000002364,08/21/2026,FedEx Ground,,$15.43
000000000,08/25/2026,9-2608-25001,770000002388,08/21/2026,FedEx Home Delivery,,$10.30
000000000,08/25/2026,9-2608-25001,770000003433,08/21/2026,FedEx Ground,,$38.89
000000000,08/25/2026,9-2608-25001,770000002393,08/21/2026,FedEx Home Delivery,,$7.07
000000000,08/25/2026,9-2608-25001,770000002410,08/21/2026,FedEx Ground,,$6.52
000000000,08/25/2026,9-2608-25001,770000002427,08/22/2026,FedEx Ground,,$11.32
000000000,08/25/2026,9-2608-25001,770000002417,08/22/2026,FedEx Ground,,$8.92
000000000,08/25/2026,9-2608-25001,770000002387,08/22/2026,FedEx Ground,,$10.23
000000000,08/25/2026,9-2608-25001,770000002413,08/22/2026,FedEx Home Delivery,,$10.80
000000000,08/25/2026,9-2608-25001,770000002400,08/22/2026,FedEx Home Delivery,,$6.45
000000000,08/25/2026,9-2608-25001,770000002402,08/22/2026,FedEx Ground,,$7.95
000000000,08/25/2026,9-2608-25001,770000002425,08/22/2026,FedEx Home Delivery,,$6.96
000000000,08/25/2026,9-2608-25001,770000002409,08/22/2026,FedEx Ground,,$6.02
000000000,08/25/2026,9-2608-25001,770000002424,08/22/2026,FedEx Home Delivery,,$8.73
000000000,08/25/2026,9-2608-25001,770000002396,08/22/2026,FedEx Ground,,$7.23
000000000,08/25/2026,9-2608-25001,770000002419,08/22/2026,FedEx Ground,,$10.88
000000000,08/25/2026,9-2608-25001,770000002415,08/22/2026,FedEx Home Delivery,,$9.06
000000000,08/25/2026,9-2608-25001,770000002384,08/22/2026,FedEx Home Delivery,,$6.48
000000000,08/25/2026,9-2608-25001,770000002420,08/22/2026,FedEx Ground,,$7.93
000000000,08/25/2026,9-2608-25001,770000002411,08/22/2026,FedEx 2Day,,$10.73
000000000,08/25/2026,9-2608-25001,770000002382,08/22/2026,FedEx Ground,,$10.85
000000000,08/25/2026,9-2608-25001,770000002385,08/22/2026,FedEx Ground,,$6.76
000000000,08/25/2026,9-2608-25001,770000002429,08/22/2026,FedEx Ground,,$9.58
000000000,08/25/2026,9-2608-25001,770000002423,08/22/2026,FedEx Ground,,$6.52
000000000,08/25/2026,9-2608-25001,770000002418,08/22/2026,FedEx Home Delivery,,$6.13
000000000,08/25/2026,9-2608-25001,770000002431,08/22/2026,FedEx Ground,,$8.16
000000000,08/25/2026,9-2608-25001,770000002434,08/22/2026,FedEx Home Delivery,,$9.99
000000000,08/25/2026,9-2608-25001,770000002435,08/22/2026,FedEx Home Delivery,,$12.80
000000000,08/25/2026,9-2608-25001,770000002363,08/22/2026,FedEx Ground,,$9.42
000000000,08/25/2026,9-2608-25001,770000002443,08/23/2026,FedEx Home Delivery,,$9.73
000000000,08/25/2026,9-2608-25001,770000002440,08/23/2026,FedEx Ground,,$6.51
000000000,08/25/2026,9-2608-25001,770000002426,08/23/2026,FedEx Home Delivery,,$13.87
000000000,08/25/2026,9-2608-25001,770000002449,08/23/2026,FedEx Ground,,$8.84
000000000,08/25/2026,9-2608-25001,770000002439,08/23/2026,FedEx Ground,,$8.53
000000000,08/25/2026,9-2608-25001,770000002438,08/23/2026,FedEx Home Delivery,,$8.77
000000000,08/25/2026,9-2608-25001,770000002454,08/23/2026,FedEx Ground,,$9.18
000000000,08/25/2026,9-2608-25001,770000002433,08/23/2026,FedEx Home Delivery,,$9.32
000000000,08/25/2026,9-2608-25001,770000002395,08/23/2026,FedEx Ground,,$12.24
000000000,08/25/2026,9-2608-25001,770000002453,08/23/2026,FedEx Ground,,$20.53
000000000,08/25/2026,9-2608-25001,770000002421,08/23/2026,FedEx Ground,,$9.05
000000000,08/25/2026,9-2608-25001,770000002432,08/23/2026,FedEx Home Delivery,,$11.20
000000000,08/25/2026,9-2608-25001,770000002436,08/23/2026,FedEx Ground,,$11.98
000000000,08/25/2026,9-2608-25001,770000002451,08/23/2026,FedEx Home Delivery,,$10.53
000000000,08/25/2026,9-2608-25001,770000002430,08/23/2026,FedEx Ground,,$11.44
000000000,08/25/2026,9-2608-25001,770000002422,08/23/2026,FedEx Home Delivery,,$6.45
000000000,08/25/2026,9-2608-25001,770000002452,08/23/2026,FedEx Ground,,$12.94
000000000,08/25/2026,9-2608-25001,770000002428,08/23/2026,FedEx Ground,,$6.85
000000000,08/25/2026,9-2608-25001,770000002445,08/23/2026,FedEx Ground,,$10.50
000000000,08/25/2026,9-2608-25001,770000002414,08/23/2026,FedEx Ground,,$9.44
000000000,08/25/2026,9-2608-25001,770000002416,08/23/2026,FedEx Ground,,$11.56
000000000,08/25/2026,9-2608-25001,770000002444,08/23/2026,FedEx 2Day,,$10.89
000000000,08/25/2026,9-2608-25001,770000002442,08/23/2026,FedEx Home Delivery,,$5.20
000000000,08/25/2026,9-2608-25001,770000002446,08/23/2026,FedEx Ground,,$8.49
000000000,08/25/2026,9-2608-25001,770000002475,08/24/2026,FedEx Ground,,$12.32
000000000,08/25/2026,9-2608-25001,770000002462,08/24/2026,FedEx 2Day,,$12.71
000000000,08/25/2026,9-2608-25001,770000002463,08/24/2026,FedEx Ground,,$7.79
000000000,08/25/2026,9-2608-25001,770000002458,08/24/2026,FedEx Home Delivery,,$9.42
000000000,08/25/2026,9-2608-25001,770000002466,08/24/2026,FedEx 2Day,,$15.15
000000000,08/25/2026,9-2608-25001,770000002468,08/24/2026,FedEx Ground,,$10.32
000000000,08/25/2026,9-2608-25001,770000002459,08/24/2026,FedEx Home Delivery,,$6.71
000000000,08/25/2026,9-2608-25001,770000002456,08/24/2026,FedEx Ground,,$13.73
000000000,08/25/2026,9-2608-25001,770000003434,08/24/2026,FedEx Ground,,$32.08
000000000,08/25/2026,9-2608-25001,770000002455,08/24/2026,FedEx Ground,,$5.11
000000000,08/25/2026,9-2608-25001,770000002476,08/24/2026,FedEx Ground,,$5.73
000000000,08/25/2026,9-2608-25001,770000002480,08/24/2026,FedEx Ground,,$5.38
000000000,08/25/2026,9-2608-25001,770000002472,08/24/2026,FedEx Ground,,$8.83
000000000,08/25/2026,9-2608-25001,770000002450,08/24/2026,FedEx Ground,,$5.91
000000000,08/25/2026,9-2608-25001,770000002465,08/24/2026,FedEx Home Delivery,,$9.19
000000000,08/25/2026,9-2608-25001,770000002471,08/24/2026,FedEx Ground,,$14.55
000000000,08/25/2026,9-2608-25001,770000002467,08/24/2026,FedEx Ground,,$8.18
000000000,08/25/2026,9-2608-25001,770000002477,08/24/2026,FedEx Home Delivery,,$11.58
000000000,08/25/2026,9-2608-25001,770000002437,08/24/2026,FedEx Home Delivery,,$10.36
000000000,08/25/2026,9-2608-25001,770000002474,08/24/2026,FedEx Ground,,$7.19
000000000,08/25/2026,9-2608-25001,770000002460,08/24/2026,FedEx Ground,,$7.94
000000000,08/25/2026,9-2608-25001,770000002441,08/24/2026,FedEx Ground,,$7.44
000000000,08/25/2026,9-2608-25001,770000002473,08/24/2026,FedEx Ground,,$5.96
000000000,08/25/2026,9-2608-25001,770000002464,08/24/2026,FedEx Home Delivery,,$8.19
000000000,08/25/2026,9-2608-25001,770000002479,08/24/2026,FedEx Ground,,$10.89
000000000,09/01/2026,9-2609-01001,770000002377,08/20/2026,FedEx Ground,Address correction,$18.59
000000000,09/01/2026,9-2609-01001,770000002380,08/20/2026,FedEx Ground,Address correction,$15.21
000000000,09/01/2026,9-2609-01001,770000002412,08/21/2026,FedEx Home Delivery,Service failure credit (GSR),-$5.36
000000000,09/01/2026,9-2609-01001,770000002406,08/21/2026,FedEx Express Saver,Address correction,$17.90
000000000,09/01/2026,9-2609-01001,770000002370,08/21/2026,FedEx Ground,Address correction,$16.64
000000000,09/01/2026,9-2609-01001,770000002420,08/22/2026,FedEx Ground,Service failure credit (GSR),-$7.93
000000000,09/01/2026,9-2609-01001,770000002411,08/22/2026,FedEx 2Day,Address correction,$14.09
000000000,09/01/2026,9-2609-01001,770000002440,08/23/2026,FedEx Ground,Service failure credit (GSR),-$6.51
000000000,09/01/2026,9-2609-01001,770000002446,08/23/2026,FedEx Ground,Service failure credit (GSR),-$8.49
000000000,09/01/2026,9-2609-01001,770000002468,08/24/2026,FedEx Ground,Service failure credit (GSR),-$10.32
000000000,09/01/2026,9-2609-01001,770000002447,08/25/2026,FedEx Ground,,$9.08
000000000,09/01/2026,9-2609-01001,770000002489,08/25/2026,FedEx Ground,,$8.98
000000000,09/01/2026,9-2609-01001,770000002493,08/25/2026,FedEx Ground,,$5.77
000000000,09/01/2026,9-2609-01001,770000002484,08/25/2026,FedEx Ground,,$10.23
000000000,09/01/2026,9-2609-01001,770000002491,08/25/2026,FedEx Home Delivery,,$3.65
000000000,09/01/2026,9-2609-01001,770000003435,08/25/2026,FedEx Ground,,$23.13
000000000,09/01/2026,9-2609-01001,770000002482,08/25/2026,FedEx Home Delivery,,$10.06
000000000,09/01/2026,9-2609-01001,770000002470,08/25/2026,FedEx Home Delivery,,$7.77
000000000,09/01/2026,9-2609-01001,770000002485,08/25/2026,FedEx Ground,,$5.71
000000000,09/01/2026,9-2609-01001,770000002494,08/25/2026,FedEx Ground,,$6.43
000000000,09/01/2026,9-2609-01001,770000002487,08/25/2026,FedEx Ground,,$8.76
000000000,09/01/2026,9-2609-01001,770000002488,08/25/2026,FedEx Express Saver,,$9.00
000000000,09/01/2026,9-2609-01001,770000002486,08/25/2026,FedEx Home Delivery,,$14.94
000000000,09/01/2026,9-2609-01001,770000002448,08/25/2026,FedEx Home Delivery,,$11.57
000000000,09/01/2026,9-2609-01001,770000002478,08/25/2026,FedEx 2Day,,$3.26
000000000,09/01/2026,9-2609-01001,770000002461,08/25/2026,FedEx Ground,,$8.99
000000000,09/01/2026,9-2609-01001,770000002498,08/26/2026,FedEx Ground,,$7.83
000000000,09/01/2026,9-2609-01001,770000002481,08/26/2026,FedEx Ground,,$13.55
000000000,09/01/2026,9-2609-01001,770000002503,08/26/2026,FedEx Ground,,$11.61
000000000,09/01/2026,9-2609-01001,770000002495,08/26/2026,FedEx Ground,,$12.17
000000000,09/01/2026,9-2609-01001,770000002499,08/26/2026,FedEx Ground,,$11.38
000000000,09/01/2026,9-2609-01001,770000002504,08/26/2026,FedEx Ground,,$7.42
000000000,09/01/2026,9-2609-01001,770000002510,08/26/2026,FedEx Ground,,$8.74
000000000,09/01/2026,9-2609-01001,770000002469,08/26/2026,FedEx Ground,,$5.31
000000000,09/01/2026,9-2609-01001,770000002457,08/26/2026,FedEx Ground,,$10.14
000000000,09/01/2026,9-2609-01001,770000002490,08/26/2026,FedEx Ground,,$11.87
000000000,09/01/2026,9-2609-01001,770000002497,08/26/2026,FedEx Ground,,$7.04
000000000,09/01/2026,9-2609-01001,770000002483,08/26/2026,FedEx Ground,,$8.67
000000000,09/01/2026,9-2609-01001,770000002492,08/26/2026,FedEx Ground,,$9.98
000000000,09/01/2026,9-2609-01001,770000002514,08/26/2026,FedEx Home Delivery,,$6.32
000000000,09/01/2026,9-2609-01001,770000002501,08/26/2026,FedEx Ground,,$18.20
000000000,09/01/2026,9-2609-01001,770000002512,08/26/2026,FedEx 2Day,,$3.80
000000000,09/01/2026,9-2609-01001,770000002502,08/26/2026,FedEx Ground,,$6.84
000000000,09/01/2026,9-2609-01001,770000002496,08/26/2026,FedEx Home Delivery,,$8.00
000000000,09/01/2026,9-2609-01001,770000002500,08/26/2026,FedEx Home Delivery,,$10.30
000000000,09/01/2026,9-2609-01001,770000002509,08/26/2026,FedEx Ground,,$13.37
000000000,09/01/2026,9-2609-01001,770000002511,08/26/2026,FedEx Ground,,$9.79
000000000,09/01/2026,9-2609-01001,770000002507,08/27/2026,FedEx Ground,,$7.03
000000000,09/01/2026,9-2609-01001,770000002529,08/27/2026,FedEx Home Delivery,,$6.85
000000000,09/01/2026,9-2609-01001,770000002530,08/27/2026,FedEx Ground,,$4.38
000000000,09/01/2026,9-2609-01001,770000003437,08/27/2026,FedEx Express Saver,,$41.67
000000000,09/01/2026,9-2609-01001,770000002526,08/27/2026,FedEx Express Saver,,$11.53
000000000,09/01/2026,9-2609-01001,770000002505,08/27/2026,FedEx Ground,,$10.91
000000000,09/01/2026,9-2609-01001,770000002518,08/27/2026,FedEx Ground,,$13.14
000000000,09/01/2026,9-2609-01001,770000002513,08/27/2026,FedEx Ground,,$6.49
000000000,09/01/2026,9-2609-01001,770000002527,08/27/2026,FedEx Home Delivery,,$8.36
000000000,09/01/2026,9-2609-01001,770000002506,08/27/2026,FedEx Home Delivery,,$13.89
000000000,09/01/2026,9-2609-01001,770000002525,08/27/2026,FedEx Ground,,$7.32
000000000,09/01/2026,9-2609-01001,770000002524,08/27/2026,FedEx Home Delivery,,$8.62
000000000,09/01/2026,9-2609-01001,770000002520,08/27/2026,FedEx Ground,,$10.95
000000000,09/01/2026,9-2609-01001,770000002523,08/27/2026,FedEx Ground,,$9.68
000000000,09/01/2026,9-2609-01001,770000002508,08/27/2026,FedEx Home Delivery,,$6.98
000000000,09/01/2026,9-2609-01001,770000002516,08/27/2026,FedEx Home Delivery,,$10.00
000000000,09/01/2026,9-2609-01001,770000002543,08/28/2026,FedEx Ground,,$8.41
000000000,09/01/2026,9-2609-01001,770000002534,08/28/2026,FedEx Home Delivery,,$12.52
000000000,09/01/2026,9-2609-01001,770000002528,08/28/2026,FedEx Express Saver,,$9.34
000000000,09/01/2026,9-2609-01001,770000003436,08/28/2026,FedEx Ground,,$23.18
000000000,09/01/2026,9-2609-01001,770000002546,08/28/2026,FedEx Ground,,$5.97
000000000,09/01/2026,9-2609-01001,770000002521,08/28/2026,FedEx 2Day,,$8.59
000000000,09/01/2026,9-2609-01001,770000002515,08/28/2026,FedEx Express Saver,,$9.43
000000000,09/01/2026,9-2609-01001,770000002547,08/28/2026,FedEx Ground,,$5.04
000000000,09/01/2026,9-2609-01001,770000002532,08/28/2026,FedEx Home Delivery,,$10.47
000000000,09/01/2026,9-2609-01001,770000002517,08/28/2026,FedEx Ground,,$12.09
000000000,09/01/2026,9-2609-01001,770000002548,08/28/2026,FedEx Ground,,$8.52
000000000,09/01/2026,9-2609-01001,770000002536,08/28/2026,FedEx Ground,,$8.62
000000000,09/01/2026,9-2609-01001,770000002537,08/28/2026,FedEx Ground,,$9.24
000000000,09/01/2026,9-2609-01001,770000002542,08/28/2026,FedEx Ground,,$13.85
000000000,09/01/2026,9-2609-01001,770000002535,08/28/2026,FedEx Ground,,$11.93
000000000,09/01/2026,9-2609-01001,770000002549,08/28/2026,FedEx Ground,,$8.17
000000000,09/01/2026,9-2609-01001,770000002540,08/28/2026,FedEx Ground,,$7.87
000000000,09/01/2026,9-2609-01001,770000002551,08/28/2026,FedEx Home Delivery,,$6.45
000000000,09/01/2026,9-2609-01001,770000002539,08/28/2026,FedEx Ground,,$13.74
000000000,09/01/2026,9-2609-01001,770000002522,08/28/2026,FedEx Ground,,$7.77
000000000,09/01/2026,9-2609-01001,770000002583,08/29/2026,FedEx Ground,,$3.81
000000000,09/01/2026,9-2609-01001,770000002565,08/29/2026,FedEx Home Delivery,,$9.37
000000000,09/01/2026,9-2609-01001,770000002559,08/29/2026,FedEx Ground,,$9.51
000000000,09/01/2026,9-2609-01001,770000002570,08/29/2026,FedEx Ground,,$6.71
000000000,09/01/2026,9-2609-01001,770000002562,08/29/2026,FedEx 2Day,,$9.49
000000000,09/01/2026,9-2609-01001,770000002519,08/29/2026,FedEx 2Day,,$15.58
000000000,09/01/2026,9-2609-01001,770000002538,08/29/2026,FedEx Ground,,$8.69
000000000,09/01/2026,9-2609-01001,770000002552,08/29/2026,FedEx Ground,,$11.64
000000000,09/01/2026,9-2609-01001,770000002577,08/29/2026,FedEx Ground,,$5.96
000000000,09/01/2026,9-2609-01001,770000002572,08/29/2026,FedEx 2Day,,$9.94
000000000,09/01/2026,9-2609-01001,770000002573,08/29/2026,FedEx Ground,,$5.55
000000000,09/01/2026,9-2609-01001,770000002553,08/29/2026,FedEx Ground,,$7.17
000000000,09/01/2026,9-2609-01001,770000002560,08/29/2026,FedEx Express Saver,,$8.74
000000000,09/01/2026,9-2609-01001,770000002568,08/29/2026,FedEx Home Delivery,,$16.87
000000000,09/01/2026,9-2609-01001,770000002555,08/29/2026,FedEx Express Saver,,$9.33
000000000,09/01/2026,9-2609-01001,770000002575,08/29/2026,FedEx Ground,,$9.44
000000000,09/01/2026,9-2609-01001,770000002533,08/29/2026,FedEx Home Delivery,,$7.91
000000000,09/01/2026,9-2609-01001,770000002545,08/29/2026,FedEx Ground,,$15.32
000000000,09/01/2026,9-2609-01001,770000002544,08/29/2026,FedEx Home Delivery,,$6.91
000000000,09/01/2026,9-2609-01001,770000002531,08/29/2026,FedEx Home Delivery,,$8.89
000000000,09/01/2026,9-2609-01001,770000002557,08/29/2026,FedEx Ground,,$10.49
000000000,09/01/2026,9-2609-01001,770000002554,08/29/2026,FedEx Ground,,$6.63
000000000,09/01/2026,9-2609-01001,770000002561,08/29/2026,FedEx Ground,,$11.60
000000000,09/01/2026,9-2609-01001,770000002574,08/29/2026,FedEx Home Delivery,,$6.79
000000000,09/01/2026,9-2609-01001,770000002563,08/29/2026,FedEx Ground,,$9.69
000000000,09/01/2026,9-2609-01001,770000002582,08/29/2026,FedEx Ground,,$4.40
000000000,09/01/2026,9-2609-01001,770000002567,08/29/2026,FedEx Ground,,$6.43
000000000,09/01/2026,9-2609-01001,770000002564,08/29/2026,FedEx Ground,,$8.79
000000000,09/01/2026,9-2609-01001,770000002581,08/29/2026,FedEx Home Delivery,,$8.01
000000000,09/01/2026,9-2609-01001,770000002558,08/29/2026,FedEx Ground,,$7.61
000000000,09/01/2026,9-2609-01001,770000002579,08/29/2026,FedEx Ground,,$4.24
000000000,09/01/2026,9-2609-01001,770000002556,08/29/2026,FedEx Home Delivery,,$10.04
000000000,09/01/2026,9-2609-01001,770000002550,08/29/2026,FedEx Home Delivery,,$8.07
000000000,09/01/2026,9-2609-01001,770000002571,08/29/2026,FedEx Ground,,$12.50
000000000,09/01/2026,9-2609-01001,770000002569,08/29/2026,FedEx Home Delivery,,$9.74
000000000,09/01/2026,9-2609-01001,770000002578,08/29/2026,FedEx 2Day,,$4.96
000000000,09/01/2026,9-2609-01001,770000002580,08/29/2026,FedEx Ground,,$5.09
000000000,09/01/2026,9-2609-01001,770000002591,08/30/2026,FedEx Ground,,$11.31
000000000,09/01/2026,9-2609-01001,770000003438,08/30/2026,FedEx 2Day,,$37.74
000000000,09/01/2026,9-2609-01001,770000002600,08/30/2026,FedEx Ground,,$9.88
000000000,09/01/2026,9-2609-01001,770000002604,08/30/2026,FedEx Ground,,$9.86
000000000,09/01/2026,9-2609-01001,770000002613,08/30/2026,FedEx Home Delivery,,$5.26
000000000,09/01/2026,9-2609-01001,770000002588,08/30/2026,FedEx Home Delivery,,$8.24
000000000,09/01/2026,9-2609-01001,770000002594,08/30/2026,FedEx Ground,,$15.31
000000000,09/01/2026,9-2609-01001,770000002612,08/30/2026,FedEx Express Saver,,$5.58
000000000,09/01/2026,9-2609-01001,770000002610,08/30/2026,FedEx Home Delivery,,$5.73
000000000,09/01/2026,9-2609-01001,770000002599,08/30/2026,FedEx Home Delivery,,$8.81
000000000,09/01/2026,9-2609-01001,770000002584,08/30/2026,FedEx Ground,,$12.08
000000000,09/01/2026,9-2609-01001,770000002595,08/30/2026,FedEx Home Delivery,,$8.84
000000000,09/01/2026,9-2609-01001,770000002606,08/30/2026,FedEx Ground,,$4.62
000000000,09/01/2026,9-2609-01001,770000002576,08/30/2026,FedEx Home Delivery,,$4.91
000000000,09/01/2026,9-2609-01001,770000002611,08/30/2026,FedEx Ground,,$6.03
000000000,09/01/2026,9-2609-01001,770000002585,08/30/2026,FedEx Ground,,$7.99
000000000,09/01/2026,9-2609-01001,770000002590,08/30/2026,FedEx Home Delivery,,$12.61
000000000,09/01/2026,9-2609-01001,770000002541,08/30/2026,FedEx Ground,,$9.62
000000000,09/01/2026,9-2609-01001,770000002605,08/30/2026,FedEx Home Delivery,,$6.09
000000000,09/01/2026,9-2609-01001,770000002609,08/30/2026,FedEx Ground,,$6.31
000000000,09/01/2026,9-2609-01001,770000002589,08/30/2026,FedEx Ground,,$7.11
000000000,09/01/2026,9-2609-01001,770000002608,08/30/2026,FedEx Ground,,$8.63
000000000,09/01/2026,9-2609-01001,770000002566,08/30/2026,FedEx Home Delivery,,$10.51
000000000,09/01/2026,9-2609-01001,770000002592,08/31/2026,FedEx Ground,,$6.40
000000000,09/01/2026,9-2609-01001,770000002614,08/31/2026,FedEx Ground,,$9.10
000000000,09/01/2026,9-2609-01001,770000002624,08/31/2026,FedEx Home Delivery,,$6.06
000000000,09/01/2026,9-2609-01001,770000002628,08/31/2026,FedEx Ground,,$7.26
000000000,09/01/2026,9-2609-01001,770000002627,08/31/2026,FedEx Ground,,$9.25
000000000,09/01/2026,9-2609-01001,770000002618,08/31/2026,FedEx Home Delivery,,$8.45
000000000,09/01/2026,9-2609-01001,770000002593,08/31/2026,FedEx Home Delivery,,$11.01
000000000,09/01/2026,9-2609-01001,770000002586,08/31/2026,FedEx 2Day,,$5.99
000000000,09/01/2026,9-2609-01001,770000002623,08/31/2026,FedEx Ground,,$6.79
000000000,09/01/2026,9-2609-01001,770000002617,08/31/2026,FedEx Ground,,$13.02
000000000,09/01/2026,9-2609-01001,770000002625,08/31/2026,FedEx Ground,,$10.48
000000000,09/01/2026,9-2609-01001,770000002607,08/31/2026,FedEx Ground,,$9.22
000000000,09/01/2026,9-2609-01001,770000002587,08/31/2026,FedEx Ground,,$4.23
000000000,09/01/2026,9-2609-01001,770000002602,08/31/2026,FedEx 2Day,,$15.45
000000000,09/01/2026,9-2609-01001,770000002620,08/31/2026,FedEx Ground,,$17.37
000000000,09/01/2026,9-2609-01001,770000002603,08/31/2026,FedEx Ground,,$9.08
000000000,09/01/2026,9-2609-01001,770000002626,08/31/2026,FedEx Ground,,$13.63
000000000,09/01/2026,9-2609-01001,770000002598,08/31/2026,FedEx Ground,,$8.95
000000000,09/01/2026,9-2609-01001,770000002629,08/31/2026,FedEx Ground,,$9.11
000000000,09/01/2026,9-2609-01001,770000002596,08/31/2026,FedEx Ground,,$9.06
000000000,09/08/2026,9-2609-08001,770000002457,08/26/2026,FedEx Ground,Service failure credit (GSR),-$10.14
000000000,09/08/2026,9-2609-08001,770000002567,08/29/2026,FedEx Ground,Address correction,$13.45
000000000,09/08/2026,9-2609-08001,770000002579,08/29/2026,FedEx Ground,Address correction,$15.63
,,,,,,Total,"$7,144.68"
