Bill to Account Number,Invoice Date,Invoice Number,Store ID,Original Amount Due,Current Balance,Payor,Ground Tracking ID Prefix,Express or Ground Tracking ID,Transportation Charge Amount,Net Charge Amount,Service Type,Ground Service,Shipment Date,POD Delivery Date,POD Delivery Time,POD Service Area Code,POD Signature Description,Actual Weight Amount,Actual Weight Units,Rated Weight Amount,Rated Weight Units,Number of Pieces,Bundle Number,Meter Number,TDMasterTrackingID,Service Packaging,Dim Length,Dim Width,Dim Height,Dim Divisor,Dim Unit,Recipient Name,Recipient Company,Recipient Address Line 1,Recipient Address Line 2,Recipient City,Recipient State,Recipient Zip Code,Recipient Country/Territory,Shipper Company,Shipper Name,Shipper Address Line 1,Shipper Address Line 2,Shipper City,Shipper State,Shipper Zip Code,Shipper Country/Territory,Original Customer Reference,Original Ref#2,Original Ref#3/PO Number,Original Department Reference Description,Updated Customer Reference,Updated Ref#2,Updated Ref#3/PO Number,Updated Department Reference Description,RMA#,Original Recipient Address Line 1,Original Recipient Address Line 2,Original Recipient City,Original Recipient State,Original Recipient Zip Code,Original Recipient Country/Territory,Zone Code,Cost Allocation,Alternate Address Line 1,Alternate Address Line 2,Alternate City,Alternate State Province,Alternate Zip Code,Alternate Country/Territory Code,CrossRefTrackingID Prefix,CrossRefTrackingID,Entry Date,Entry Number,Customs Value,Customs Value Currency Code,Declared Value,Declared Value Currency Code,Commodity Description,Commodity Country/Territory Code,Commodity Description,Commodity Country/Territory Code,Commodity Description,Commodity Country/Territory Code,Commodity Description,Commodity Country/Territory Code,Currency Conversion Date,Currency Conversion Rate,Multiweight Number,Multiweight Total Multiweight Units,Multiweight Total Multiweight Weight,Multiweight Total Shipment Charge Amount,Multiweight Total Shipment Weight,Ground Tracking ID Address Correction Discount Charge Amount,Ground Tracking ID Address Correction Gross Charge Amount,Rated Method,Sort Hub,Estimated Weight,Estimated Weight Unit,Postal Class,Process Category,Package Size,Delivery Confirmation,Tendered Date,Tracking ID Charge Description,Tracking ID Charge Amount,Tracking ID Charge Description,Tracking ID Charge Amount,Tracking ID Charge Description,Tracking ID Charge Amount,Tracking ID Charge Description,Tracking ID Charge Amount,Tracking ID Charge Description,Tracking ID Charge Amount,Tracking ID Charge Description,Tracking ID Charge Amount,Tracking ID Charge Description,Tracking ID Charge Amount,Tracking ID Charge Description,Tracking ID Charge Amount,Tracking ID Charge Description,Tracking ID Charge Amount,Tracking ID Charge Description,Tracking ID Charge Amount,Tracking ID Charge Description,Tracking ID Charge Amount,Tracking ID Charge Description,Tracking ID Charge Amount,Tracking ID Charge Description,Tracking ID Charge Amount,Tracking ID Charge Description,Tracking ID Charge Amount,Tracking ID Charge Description,Tracking ID Charge Amount,Tracking ID Charge Description,Tracking ID Charge Amount,Tracking ID Charge Description,Tracking ID Charge Amount,Tracking ID Charge Description,Tracking ID Charge Amount,Tracking ID Charge Description,Tracking ID Charge Amount,Tracking ID Charge Description,Tracking ID Charge Amount,Tracking ID Charge Description,Tracking ID Charge Amount,Tracking ID Charge Description,Tracking ID Charge Amount,Tracking ID Charge Description,Tracking ID Charge Amount,Tracking ID Charge Description,Tracking ID Charge Amount,Tracking ID Charge Description,Tracking ID Charge Amount,Shipment Notes
000000000,20260808,826080801,,232.14,232.14,Shipper,,770000002072,5.01,5.83,FedEx Ground,Ground,20260807,,,,,2.2,L,3,L,1,,,,,,,,,,TEST RECIPIENT,,1 EXAMPLE AVE,,TESTVILLE,IN,46601,US,GOODWILL MICHIANA (TEST),,100 TEST WAREHOUSE RD,,SOUTH BEND,IN,46601,US,11-14035-93987,,,,,,,,,,,,,,,2,,,,,,,,,,,,,,,,,,,,,,,,,,,,,,,,,01,,,,,,,,20260807,Transportation Charge,5.01,Fuel Surcharge,0.82,,,,,,,,,,,,,,,,,,,,,,,,,,,,,,,,,,,,,,,,,,,,,,,
000000000,20260808,826080801,,232.14,232.14,Shipper,,770000002042,12.20,14.19,FedEx Ground,Ground,20260807,,,,,1.4,L,2,L,1,,,,,,,,,,TEST RECIPIENT,,2 EXAMPLE AVE,,TESTVILLE,IN,46601,US,GOODWILL MICHIANA (TEST),,100 TEST WAREHOUSE RD,,SOUTH BEND,IN,46601,US,SGW-7713806,,,,,,,,,,,,,,,3,,,,,,,,,,,,,,,,,,,,,,,,,,,,,,,,,01,,,,,,,,20260807,Transportation Charge,12.20,Fuel Surcharge,1.99,,,,,,,,,,,,,,,,,,,,,,,,,,,,,,,,,,,,,,,,,,,,,,,
000000000,20260808,826080801,,232.14,232.14,Shipper,,770000002052,6.09,7.08,FedEx Ground,Ground,20260807,,,,,2.1,L,3,L,1,,,,,,,,,,TEST RECIPIENT,,3 EXAMPLE AVE,,TESTVILLE,IN,46601,US,GOODWILL MICHIANA (TEST),,100 TEST WAREHOUSE RD,,SOUTH BEND,IN,46601,US,17-13888-55695,,,,,,,,,,,,,,,4,,,,,,,,,,,,,,,,,,,,,,,,,,,,,,,,,01,,,,,,,,20260807,Transportation Charge,6.09,Fuel Surcharge,0.99,,,,,,,,,,,,,,,,,,,,,,,,,,,,,,,,,,,,,,,,,,,,,,,
000000000,20260808,826080801,,232.14,232.14,Shipper,,770000002046,6.48,7.53,FedEx Ground,Ground,20260807,,,,,2.2,L,3,L,1,,,,,,,,,,TEST RECIPIENT,,4 EXAMPLE AVE,,TESTVILLE,IN,46601,US,GOODWILL MICHIANA (TEST),,100 TEST WAREHOUSE RD,,SOUTH BEND,IN,46601,US,SGW-7713813,,,,,,,,,,,,,,,5,,,,,,,,,,,,,,,,,,,,,,,,,,,,,,,,,01,,,,,,,,20260807,Transportation Charge,6.48,Fuel Surcharge,1.05,,,,,,,,,,,,,,,,,,,,,,,,,,,,,,,,,,,,,,,,,,,,,,,
000000000,20260808,826080801,,232.14,232.14,Shipper,,770000002058,7.24,10.98,FedEx Ground,Home Delivery,20260807,,,,,2.8,L,3,L,1,,,,,,,,,,TEST RECIPIENT,,5 EXAMPLE AVE,,TESTVILLE,IN,46601,US,GOODWILL MICHIANA (TEST),,100 TEST WAREHOUSE RD,,SOUTH BEND,IN,46601,US,SGW-7713942,,,,,,,,,,,,,,,6,,,,,,,,,,,,,,,,,,,,,,,,,,,,,,,,,01,,,,,,,,20260807,Transportation Charge,7.24,Fuel Surcharge,1.54,Residential,2.20,,,,,,,,,,,,,,,,,,,,,,,,,,,,,,,,,,,,,,,,,,,,,
000000000,20260808,826080801,,232.14,232.14,Shipper,,770000002060,10.92,12.70,FedEx Ground,Ground,20260807,,,,,1.1,L,2,L,1,,,,,,,,,,TEST RECIPIENT,,6 EXAMPLE AVE,,TESTVILLE,IN,46601,US,GOODWILL MICHIANA (TEST),,100 TEST WAREHOUSE RD,,SOUTH BEND,IN,46601,US,SGW-7713949,,,,,,,,,,,,,,,7,,,,,,,,,,,,,,,,,,,,,,,,,,,,,,,,,01,,,,,,,,20260807,Transportation Charge,10.92,Fuel Surcharge,1.78,,,,,,,,,,,,,,,,,,,,,,,,,,,,,,,,,,,,,,,,,,,,,,,
000000000,20260808,826080801,,232.14,232.14,Shipper,,770000002066,7.30,8.49,FedEx Ground,Ground,20260807,,,,,1.1,L,2,L,1,,,,,,,,,,TEST RECIPIENT,,7 EXAMPLE AVE,,TESTVILLE,IN,46601,US,GOODWILL MICHIANA (TEST),,100 TEST WAREHOUSE RD,,SOUTH BEND,IN,46601,US,SGW-7713969,,,,,,,,,,,,,,,2,,,,,,,,,,,,,,,,,,,,,,,,,,,,,,,,,01,,,,,,,,20260807,Transportation Charge,7.30,Fuel Surcharge,1.19,,,,,,,,,,,,,,,,,,,,,,,,,,,,,,,,,,,,,,,,,,,,,,,
000000000,20260808,826080801,,232.14,232.14,Shipper,,770000002057,7.81,9.08,FedEx Ground,Ground,20260807,,,,,2.5,L,3,L,1,,,,,,,,,,TEST RECIPIENT,,8 EXAMPLE AVE,,TESTVILLE,IN,46601,US,GOODWILL MICHIANA (TEST),,100 TEST WAREHOUSE RD,,SOUTH BEND,IN,46601,US,SGW-7713935,,,,,,,,,,,,,,,3,,,,,,,,,,,,,,,,,,,,,,,,,,,,,,,,,01,,,,,,,,20260807,Transportation Charge,7.81,Fuel Surcharge,1.27,,,,,,,,,,,,,,,,,,,,,,,,,,,,,,,,,,,,,,,,,,,,,,,
000000000,20260808,826080801,,232.14,232.14,Shipper,,770000002063,5.63,6.55,FedEx Ground,Ground,20260807,,,,,1.9,L,2,L,1,,,,,,,,,,TEST RECIPIENT,,9 EXAMPLE AVE,,TESTVILLE,IN,46601,US,GOODWILL MICHIANA (TEST),,100 TEST WAREHOUSE RD,,SOUTH BEND,IN,46601,US,SGW-7713959,,,,,,,,,,,,,,,4,,,,,,,,,,,,,,,,,,,,,,,,,,,,,,,,,01,,,,,,,,20260807,Transportation Charge,5.63,Fuel Surcharge,0.92,,,,,,,,,,,,,,,,,,,,,,,,,,,,,,,,,,,,,,,,,,,,,,,
000000000,20260808,826080801,,232.14,232.14,Shipper,,770000002069,6.04,7.02,FedEx Ground,Ground,20260807,,,,,0.5,L,1,L,1,,,,,,,,,,TEST RECIPIENT,,10 EXAMPLE AVE,,TESTVILLE,IN,46601,US,GOODWILL MICHIANA (TEST),,100 TEST WAREHOUSE RD,,SOUTH BEND,IN,46601,US,23-14021-19187,,,,,,,,,,,,,,,5,,,,,,,,,,,,,,,,,,,,,,,,,,,,,,,,,01,,,,,,,,20260807,Transportation Charge,6.04,Fuel Surcharge,0.98,,,,,,,,,,,,,,,,,,,,,,,,,,,,,,,,,,,,,,,,,,,,,,,
000000000,20260808,826080801,,232.14,232.14,Shipper,,770000002037,11.83,13.76,FedEx Ground,Ground,20260807,,,,,1.7,L,2,L,1,,,,,,,,,,TEST RECIPIENT,,11 EXAMPLE AVE,,TESTVILLE,IN,46601,US,GOODWILL MICHIANA (TEST),,100 TEST WAREHOUSE RD,,SOUTH BEND,IN,46601,US,SGW-7713793,,,,,,,,,,,,,,,6,,,,,,,,,,,,,,,,,,,,,,,,,,,,,,,,,01,,,,,,,,20260807,Transportation Charge,11.83,Fuel Surcharge,1.93,,,,,,,,,,,,,,,,,,,,,,,,,,,,,,,,,,,,,,,,,,,,,,,
000000000,20260808,826080801,,232.14,232.14,Shipper,,770000002012,7.21,8.38,FedEx Ground,Ground,20260807,,,,,1.7,L,2,L,1,,,,,,,,,,TEST RECIPIENT,,12 EXAMPLE AVE,,TESTVILLE,IN,46601,US,GOODWILL MICHIANA (TEST),,100 TEST WAREHOUSE RD,,SOUTH BEND,IN,46601,US,SGW-7713654,,,,,,,,,,,,,,,7,,,,,,,,,,,,,,,,,,,,,,,,,,,,,,,,,01,,,,,,,,20260807,Transportation Charge,7.21,Fuel Surcharge,1.17,,,,,,,,,,,,,,,,,,,,,,,,,,,,,,,,,,,,,,,,,,,,,,,
000000000,20260808,826080801,,232.14,232.14,Shipper,,770000002062,12.03,13.99,FedEx Ground,Ground,20260807,,,,,2.2,L,3,L,1,,,,,,,,,,TEST RECIPIENT,,13 EXAMPLE AVE,,TESTVILLE,IN,46601,US,GOODWILL MICHIANA (TEST),,100 TEST WAREHOUSE RD,,SOUTH BEND,IN,46601,US,SGW-7713956,,,,,,,,,,,,,,,2,,,,,,,,,,,,,,,,,,,,,,,,,,,,,,,,,01,,,,,,,,20260807,Transportation Charge,12.03,Fuel Surcharge,1.96,,,,,,,,,,,,,,,,,,,,,,,,,,,,,,,,,,,,,,,,,,,,,,,
000000000,20260808,826080801,,232.14,232.14,Shipper,,770000002068,7.69,8.94,FedEx Ground,Ground,20260807,,,,,1.6,L,2,L,1,,,,,,,,,,TEST RECIPIENT,,14 EXAMPLE AVE,,TESTVILLE,IN,46601,US,GOODWILL MICHIANA (TEST),,100 TEST WAREHOUSE RD,,SOUTH BEND,IN,46601,US,14-14020-14287,,,,,,,,,,,,,,,3,,,,,,,,,,,,,,,,,,,,,,,,,,,,,,,,,01,,,,,,,,20260807,Transportation Charge,7.69,Fuel Surcharge,1.25,,,,,,,,,,,,,,,,,,,,,,,,,,,,,,,,,,,,,,,,,,,,,,,
000000000,20260808,826080801,,232.14,232.14,Shipper,,770000002064,12.77,14.85,FedEx Ground,Ground,20260807,,,,,2.9,L,3,L,1,,,,,,,,,,TEST RECIPIENT,,15 EXAMPLE AVE,,TESTVILLE,IN,46601,US,GOODWILL MICHIANA (TEST),,100 TEST WAREHOUSE RD,,SOUTH BEND,IN,46601,US,SGW-7713962,,,,,,,,,,,,,,,4,,,,,,,,,,,,,,,,,,,,,,,,,,,,,,,,,01,,,,,,,,20260807,Transportation Charge,12.77,Fuel Surcharge,2.08,,,,,,,,,,,,,,,,,,,,,,,,,,,,,,,,,,,,,,,,,,,,,,,
000000000,20260808,826080801,,232.14,232.14,Shipper,,770000002071,7.05,8.20,FedEx Ground,Ground,20260807,,,,,0.8,L,1,L,1,,,,,,,,,,TEST RECIPIENT,,16 EXAMPLE AVE,,TESTVILLE,IN,46601,US,GOODWILL MICHIANA (TEST),,100 TEST WAREHOUSE RD,,SOUTH BEND,IN,46601,US,18-14031-42989,,,,,,,,,,,,,,,5,,,,,,,,,,,,,,,,,,,,,,,,,,,,,,,,,01,,,,,,,,20260807,Transportation Charge,7.05,Fuel Surcharge,1.15,,,,,,,,,,,,,,,,,,,,,,,,,,,,,,,,,,,,,,,,,,,,,,,
000000000,20260808,826080801,,232.14,232.14,Shipper,,770000002059,4.93,7.47,FedEx Ground,Home Delivery,20260807,,,,,3.5,L,4,L,1,,,,,,,,,,TEST RECIPIENT,,17 EXAMPLE AVE,,TESTVILLE,IN,46601,US,GOODWILL MICHIANA (TEST),,100 TEST WAREHOUSE RD,,SOUTH BEND,IN,46601,US,SGW-7713948,,,,,,,,,,,,,,,6,,,,,,,,,,,,,,,,,,,,,,,,,,,,,,,,,01,,,,,,,,20260807,Transportation Charge,4.93,Fuel Surcharge,1.05,Residential,1.49,,,,,,,,,,,,,,,,,,,,,,,,,,,,,,,,,,,,,,,,,,,,,
000000000,20260808,826080801,,232.14,232.14,Shipper,,770000002055,12.16,14.14,FedEx 2Day,,20260807,,,,,1.9,L,2,L,1,,,,,,,,,,TEST RECIPIENT,,18 EXAMPLE AVE,,TESTVILLE,IN,46601,US,GOODWILL MICHIANA (TEST),,100 TEST WAREHOUSE RD,,SOUTH BEND,IN,46601,US,SGW-7713927,,,,,,,,,,,,,,,7,,,,,,,,,,,,,,,,,,,,,,,,,,,,,,,,,01,,,,,,,,20260807,Transportation Charge,12.16,Fuel Surcharge,1.98,,,,,,,,,,,,,,,,,,,,,,,,,,,,,,,,,,,,,,,,,,,,,,,
000000000,20260808,826080801,,232.14,232.14,Shipper,,770000002067,11.01,12.80,FedEx Ground,Ground,20260807,,,,,4.2,L,5,L,1,,,,,,,,,,TEST RECIPIENT,,19 EXAMPLE AVE,,TESTVILLE,IN,46601,US,GOODWILL MICHIANA (TEST),,100 TEST WAREHOUSE RD,,SOUTH BEND,IN,46601,US,SGW-7713972,,,,,,,,,,,,,,,2,,,,,,,,,,,,,,,,,,,,,,,,,,,,,,,,,01,,,,,,,,20260807,Transportation Charge,11.01,Fuel Surcharge,1.79,,,,,,,,,,,,,,,,,,,,,,,,,,,,,,,,,,,,,,,,,,,,,,,
000000000,20260808,826080801,,232.14,232.14,Shipper,,770000002056,9.26,10.77,FedEx Ground,Ground,20260807,,,,,4.9,L,5,L,1,,,,,,,,,,TEST RECIPIENT,,20 EXAMPLE AVE,,TESTVILLE,IN,46601,US,GOODWILL MICHIANA (TEST),,100 TEST WAREHOUSE RD,,SOUTH BEND,IN,46601,US,SGW-7713932,,,,,,,,,,,,,,,3,,,,,,,,,,,,,,,,,,,,,,,,,,,,,,,,,01,,,,,,,,20260807,Transportation Charge,9.26,Fuel Surcharge,1.51,,,,,,,,,,,,,,,,,,,,,,,,,,,,,,,,,,,,,,,,,,,,,,,
000000000,20260808,826080801,,232.14,232.14,Shipper,,770000002050,6.43,9.74,FedEx Ground,Home Delivery,20260807,,,,,2.3,L,3,L,1,,,,,,,,,,TEST RECIPIENT,,21 EXAMPLE AVE,,TESTVILLE,IN,46601,US,GOODWILL MICHIANA (TEST),,100 TEST WAREHOUSE RD,,SOUTH BEND,IN,46601,US,23-13883-61767,,,,,,,,,,,,,,,4,,,,,,,,,,,,,,,,,,,,,,,,,,,,,,,,,01,,,,,,,,20260807,Transportation Charge,6.43,Fuel Surcharge,1.36,Residential,1.95,,,,,,,,,,,,,,,,,,,,,,,,,,,,,,,,,,,,,,,,,,,,,
000000000,20260808,826080801,,232.14,232.14,Shipper,,770000003424,16.90,19.65,FedEx Ground,Ground,20260807,,,,,1.1,L,2,L,1,,,,,,,,,,TEST RECIPIENT,,22 EXAMPLE AVE,,TESTVILLE,IN,46601,US,GOODWILL MICHIANA (TEST),,100 TEST WAREHOUSE RD,,SOUTH BEND,IN,46601,US,CM-100061,,,,,,,,,,,,,,,5,,,,,,,,,,,,,,,,,,,,,,,,,,,,,,,,,01,,,,,,,,20260807,Transportation Charge,16.90,Fuel Surcharge,2.75,,,,,,,,,,,,,,,,,,,,,,,,,,,,,,,,,,,,,,,,,,,,,,,
