,,,,,,,,,,,,,,,,,,,,,,,,,,,,,,,,,,,,,,,,,,,,,,,,,,,,,,,,,,,,,,,,,,,,,,,,,,,,,,,
Sales Record Number,Order ID,Buyer User ID,Buyer Name,Buyer Email,Buyer Note,Buyer Address 1,Buyer Address 2,Buyer City,Buyer State,Buyer Zip,Buyer Country,Buyer Tax Identifier Name,Buyer Tax Identifier Value,Ship To Name,Ship To Phone,Ship To Address 1,Ship To Address 2,Ship To City,Ship To State,Ship To Zip,Ship To Country,Item Number,Item Title,Custom Label,Sold Via Promoted Listings,Quantity,Item Price,Shipping And Handling,Item Location,Item Zip Code,Item Country,eBay Collect And Remit Tax Rate,eBay Collect And Remit Tax Type,eBay Reference Name,eBay Reference Value,Tax Status,Seller Collected Tax,eBay Collected Tax,Electronic Waste Recycling Fee,Mattress Recycling Fee,Battery Recycling Fee,White Goods Disposal Tax,Tire Recycling Fee,Additional Fee,eBay Collected Charges,Total Price,eBay Collected Tax Included in Total,Payment Method,Commitment Date,Order Date,Paid On Date,Ship By Date,Minimum Estimated Delivery Date,Maximum Estimated Delivery Date,Shipped On Date,Feedback Left,Feedback Received,My Item Note,PayPal Transaction ID,Shipping Service,Tracking Number,Transaction ID,Variation Details,Global Shipping Program,Global Shipping Reference ID,Click And Collect,Click And Collect Reference Number,eBay Plus,Authenticity Verification Program,Authenticity Verification Status,Authenticity Verification Outcome Reason,eBay Vault Program,Vault Fulfillment Type,eBay Fulfillment Program,Tax City,Tax State,Tax Zip,Tax Country,eBay International Shipping
,,,,,,,,,,,,,,,,,,,,,,,,,,,,,,,,,,,,,,,,,,,,,,,,,,,,,,,,,,,,,,,,,,,,,,,,,,,,,,,
10586,20-22842-06854,ebuyer_002749,,,,,,,,,,,,,,,,,,,,310000022842,Handmade Figurine,CO-022842,No,1,$21.99,$7.17,"South Bend, IN",46601,US,7.00%,SalesTax,,,,$0.00,$2.04,,,,,,,,$31.20,Yes,eBay Managed Payments,,Oct-02-26 01:53:00,Oct-02-26 01:53:00,,,,,,,,,FedEx 2Day,,1000022842,,,,,,,,,,,,,,,,,
10591,27-22847-40841,ebuyer_002503,,,,,,,,,,,,,,,,,,,,310000022847,Vintage Flannel Shirt,CL-022847,No,1,$21.99,$0.00,"South Bend, IN",46601,US,7.00%,SalesTax,,,,$0.00,$1.54,,,,,,,,$23.53,Yes,eBay Managed Payments,,Oct-02-26 02:32:41,Oct-02-26 02:32:41,,,,,,,,,Ground Advantage,,1000022847,,,,,,,,,,,,,,,,,
10580,17-22836-36010,ebuyer_002509,,,,,,,,,,,,,,,,,,,,310000022836,Antique Clutch,HB-022836,No,1,$27.99,$7.19,"South Bend, IN",46601,US,7.00%,SalesTax,,,,$0.00,$2.46,,,,,,,,$37.64,Yes,eBay Managed Payments,,Oct-02-26 06:25:22,Oct-02-26 06:25:22,,,,,,,,,Ground Advantage,,1000022836,,,,,,,,,,,,,,,,,
10577,22-22833-96601,ebuyer_002747,,,,,,,,,,,,,,,,,,,,310000022833,Like New Fishing Reel,SG-022833,No,1,$44.99,$0.00,"South Bend, IN",46601,US,7.00%,SalesTax,,,,$0.00,$3.15,,,,,,,,$48.14,Yes,eBay Managed Payments,,Oct-02-26 06:43:50,Oct-02-26 06:43:50,,,,,,,,,Priority,,1000022833,,,,,,,,,,,,,,,,,
10594,06-22850-41319,ebuyer_002871,,,,,,,,,,,,,,,,,,,,310000022850,Mid-Century Wool Coat,CL-022850,No,1,$33.99,$0.00,"South Bend, IN",46601,US,7.00%,SalesTax,,,,$0.00,$2.38,,,,,,,,$36.37,Yes,eBay Managed Payments,,Oct-02-26 07:00:45,Oct-02-26 07:00:45,,,,,,,,,GroundAdvantage,,1000022850,,,,,,,,,,,,,,,,,
10574,05-22830-37935,ebuyer_002514,,,,,,,,,,,,,,,,,,,,310000022830,Antique Running Shoes,SH-022830,No,1,$30.99,$0.00,"South Bend, IN",46601,US,7.00%,SalesTax,,,,$0.00,$2.17,,,,,,,,$33.16,Yes,eBay Managed Payments,,Oct-02-26 09:22:03,Oct-02-26 09:22:03,,,,,,,,,FedEx Ground,,1000022830,,,,,,,,,,,,,,,,,
10588,20-22844-01513,ebuyer_002528,,,,,,,,,,,,,,,,,,,,310000022844,Retro Sandals,SH-022844,No,1,$90.99,$0.00,"South Bend, IN",46601,US,7.00%,SalesTax,,,,$0.00,$6.37,,,,,,,,$97.36,Yes,eBay Managed Payments,,Oct-02-26 10:06:05,Oct-02-26 10:06:05,,,,,,,,,GroundAdvantage,,1000022844,,,,,,,,,,,,,,,,,
10590,06-22846-82851,ebuyer_002637,,,,,,,,,,,,,,,,,,,,310000022846,Retro Golf Balls,SG-022846,No,1,$48.99,$11.44,"South Bend, IN",46601,US,7.00%,SalesTax,,,,$0.00,$4.23,,,,,,,,$64.66,Yes,eBay Managed Payments,,Oct-02-26 10:35:06,Oct-02-26 10:35:06,,,,,,,,,Priority Mail,,1000022846,,,,,,,,,,,,,,,,,
10576,10-22832-95688,ebuyer_002508,,,,,,,,,,,,,,,,,,,,310000022832,Vintage Clutch,HB-022832,No,1,$48.99,$0.00,"South Bend, IN",46601,US,7.00%,SalesTax,,,,$0.00,$3.43,,,,,,,,$52.42,Yes,eBay Managed Payments,,Oct-02-26 10:43:54,Oct-02-26 10:43:54,,,,,,,,,FedEx 2Day,,1000022832,,,,,,,,,,,,,,,,,
10578,18-22834-69102,ebuyer_003003,,,,,,,,,,,,,,,,,,,,310000022834,Handmade Rain Jacket,CL-022834,No,1,$50.99,$0.00,"South Bend, IN",46601,US,7.00%,SalesTax,,,,$0.00,$3.57,,,,,,,,$54.56,Yes,eBay Managed Payments,,Oct-02-26 15:19:40,Oct-02-26 15:19:40,,,,,,,,,GroundAdvantage,,1000022834,,,,,,,,,,,,,,,,,
10589,26-22845-14711,ebuyer_003061,,,,,,,,,,,,,,,,,,,,310000022845,Classic Silk Blouse,CL-022845,No,1,$14.99,$0.00,"South Bend, IN",46601,US,7.00%,SalesTax,,,,$0.00,$1.05,,,,,,,,$16.04,Yes,eBay Managed Payments,,Oct-02-26 15:58:29,Oct-02-26 15:58:29,,,,,,,,,Priority Mail,,1000022845,,,,,,,,,,,,,,,,,
10584,01-22840-93940,ebuyer_002514,,,,,,,,,,,,,,,,,,,,310000022840,Retro Wool Coat,CL-022840,No,1,$17.99,$0.00,"South Bend, IN",46601,US,7.00%,SalesTax,,,,$0.00,$1.26,,,,,,,,$19.25,Yes,eBay Managed Payments,,Oct-02-26 16:40:24,Oct-02-26 16:40:24,,,,,,,,,GroundAdvantage,,1000022840,,,,,,,,,,,,,,,,,
10575,25-22831-23111,ebuyer_002742,,,,,,,,,,,,,,,,,,,,310000022831,Vintage Hiking Boots,SH-022831,No,1,$20.99,$8.20,"South Bend, IN",46601,US,7.00%,SalesTax,,,,$0.00,$2.04,,,,,,,,$31.23,Yes,eBay Managed Payments,,Oct-02-26 17:05:43,Oct-02-26 17:05:43,,,,,,,,,Priority Mail,,1000022831,,,,,,,,,,,,,,,,,
10583,24-22839-54739,ebuyer_002846,,,,,,,,,,,,,,,,,,,,310000022839,Handmade Running Shoes,SH-022839,No,1,$68.99,$0.00,"South Bend, IN",46601,US,7.00%,SalesTax,,,,$0.00,$4.83,,,,,,,,$73.82,Yes,eBay Managed Payments,,Oct-02-26 18:32:49,Oct-02-26 18:32:49,,,,,,,,,GroundAdvantage,,1000022839,,,,,,,,,,,,,,,,,
10593,19-22849-14662,ebuyer_002671,,,,,,,,,,,,,,,,,,,,310000022849,Lot of 2 Tennis Racket,SG-022849,No,1,$47.99,$0.00,"South Bend, IN",46601,US,7.00%,SalesTax,,,,$0.00,$3.36,,,,,,,,$51.35,Yes,eBay Managed Payments,,Oct-02-26 19:00:43,Oct-02-26 19:00:43,,,,,,,,,Ground Advantage,,1000022849,,,,,,,,,,,,,,,,,
10579,13-22835-34922,ebuyer_003694,,,,,,,,,,,,,,,,,,,,310000022835,Retro Cast Iron Skillet,KT-022835,No,1,$6.99,$7.98,"South Bend, IN",46601,US,7.00%,SalesTax,,,,$0.00,$1.05,,,,,,,,$16.02,Yes,eBay Managed Payments,,Oct-02-26 19:48:35,Oct-02-26 19:48:35,,,,,,,,,Ground Advantage,,1000022835,,,,,,,,,,,,,,,,,
10592,08-22848-71056,ebuyer_002519,,,,,,,,,,,,,,,,,,,,310000022848,Antique Wool Coat,CL-022848,No,1,$19.99,$0.00,"South Bend, IN",46601,US,7.00%,SalesTax,,,,$0.00,$1.40,,,,,,,,$21.39,Yes,eBay Managed Payments,,Oct-02-26 21:06:44,Oct-02-26 21:06:44,,,,,,,,,Ground Advantage,,1000022848,,,,,,,,,,,,,,,,,
10582,02-22838-62744,ebuyer_002628,,,,,,,,,,,,,,,,,,,,310000022838,Vintage Game Console,EL-022838,No,1,$31.99,$9.02,"South Bend, IN",46601,US,7.00%,SalesTax,,,,$0.00,$2.87,,,,,,,,$43.88,Yes,eBay Managed Payments,,Oct-02-26 21:20:04,Oct-02-26 21:20:04,,,,,,,,,Priority Mail,,1000022838,,,,,,,,,,,,,,,,,
10587,03-22843-27476,ebuyer_003604,,,,,,,,,,,,,,,,,,,,310000022843,Mid-Century Fishing Reel,SG-022843,No,1,$44.99,$10.39,"South Bend, IN",46601,US,7.00%,SalesTax,,,,$0.00,$3.88,,,,,,,,$59.26,Yes,eBay Managed Payments,,Oct-02-26 22:26:41,Oct-02-26 22:26:41,,,,,,,,,Priority Mail,,1000022843,,,,,,,,,,,,,,,,,
10585,16-22841-08976,ebuyer_003581,,,,,,,,,,,,,,,,,,,,310000022841,Lot of 2 Headphones,EL-022841,No,1,$52.99,$0.00,"South Bend, IN",46601,US,7.00%,SalesTax,,,,$0.00,$3.71,,,,,,,,$56.70,Yes,eBay Managed Payments,,Oct-02-26 22:43:36,Oct-02-26 22:43:36,,,,,,,,,Ground Advantage,,1000022841,,,,,,,,,,,,,,,,,
10581,15-22837-56777,ebuyer_003400,,,,,,,,,,,,,,,,,,,,310000022837,Like New Trading Card Lot,CO-022837,No,1,$31.99,$0.00,"South Bend, IN",46601,US,7.00%,SalesTax,,,,$0.00,$2.24,,,,,,,,$34.23,Yes,eBay Managed Payments,,Oct-02-26 23:27:08,Oct-02-26 23:27:08,,,,,,,,,Priority,,1000022837,,,,,,,,,,,,,,,,,
21,record(s) downloaded,from Oct-02-26 to Oct-02-26
Seller ID : goodwill_michiana_test
