Sales Record Number,Order Number,Buyer Username,Buyer Name,Item Number,Item Title,Custom Label,Quantity,Sold For,Shipping And Handling,eBay Collected Tax,Total Price,eBay Collected Tax and Fees Included in Total,Payment Method,Sale Date,Paid On Date,Order Status,Refund Amount
,,,,,,,,,,,,,,,,,
9469,11-15953-94589,ebuyer_007476,,310000015953,Antique Silk Blouse,CL-015953,1,$44.99,$8.76,$3.76,$57.51,Yes,eBay Managed Payments,Aug-19-26 00:36:45,Aug-19-26 00:36:45,Paid,
9477,12-15961-46743,ebuyer_006686,,310000015961,Retro Figurine,CO-015961,1,$68.99,$0.00,$4.83,$73.82,Yes,eBay Managed Payments,Aug-19-26 02:56:04,Aug-19-26 02:56:04,Cancelled,$68.99
9474,10-15958-75947,ebuyer_007166,,310000015958,Lot of 2 Film Camera,EL-015958,1,$40.99,$0.00,$2.87,$43.86,Yes,eBay Managed Payments,Aug-19-26 04:59:17,Aug-19-26 04:59:17,Paid,
9472,22-15956-80951,ebuyer_006208,,310000015956,Classic Hiking Boots,SH-015956,1,$22.99,$0.00,$1.61,$24.60,Yes,eBay Managed Payments,Aug-19-26 06:44:26,Aug-19-26 06:44:26,Paid,
9466,11-15950-77515,ebuyer_006930,,310000015950,Used Tennis Racket,SG-015950,1,$75.99,$10.91,$6.08,$92.98,Yes,eBay Managed Payments,Aug-19-26 09:00:11,Aug-19-26 09:00:11,Paid,
9478,18-15962-43254,ebuyer_008227,,310000015962,Handmade Denim Jacket,CL-015962,1,$15.99,$6.19,$1.55,$23.73,Yes,eBay Managed Payments,Aug-19-26 10:59:42,Aug-19-26 10:59:42,Paid,
9481,08-15965-76158,ebuyer_006194,,310000015965,Used Silk Blouse,CL-015965,1,$24.99,$7.39,$2.27,$34.65,Yes,eBay Managed Payments,Aug-19-26 11:33:55,Aug-19-26 11:33:55,Paid,
9465,23-15949-87566,ebuyer_006119,,310000015949,Mid-Century Camera Lens,EL-015949,1,$36.99,$9.02,$3.22,$49.23,Yes,eBay Managed Payments,Aug-19-26 15:10:58,Aug-19-26 15:10:58,Paid,
9491,27-15975-62424,ebuyer_006011,,310000015975,Antique Headphones,EL-015975,1,$36.99,$0.00,$2.59,$39.58,Yes,eBay Managed Payments,Aug-19-26 15:15:04,Aug-19-26 15:15:04,Paid,
9476,22-15960-12132,ebuyer_009431,,310000015960,Vintage Leather Boots,SH-015960,1,$14.99,$7.79,$1.60,$24.38,Yes,eBay Managed Payments,Aug-19-26 15:29:22,Aug-19-26 15:29:22,Paid,
9487,22-15971-33173,ebuyer_006032,,310000015971,Retro Camera Lens,EL-015971,1,$22.99,$0.00,$1.61,$24.60,Yes,eBay Managed Payments,Aug-19-26 16:08:21,Aug-19-26 16:08:21,Paid,
9488,26-15972-92787,ebuyer_006385,,310000015972,Antique Stoneware Mugs,KT-015972,1,$8.99,$0.00,$0.63,$9.62,Yes,eBay Managed Payments,Aug-19-26 16:31:12,Aug-19-26 16:31:12,Paid,
9482,19-15966-43842,ebuyer_009547,,310000015966,Mid-Century Pewter Mug,CO-015966,1,$36.99,$6.92,$3.07,$46.98,Yes,eBay Managed Payments,Aug-19-26 17:04:40,Aug-19-26 17:04:40,Paid,
9470,10-15954-53624,ebuyer_006883,,310000015954,Lot of 2 Denim Jacket,CL-015954,1,$23.99,$0.00,$1.68,$25.67,Yes,eBay Managed Payments,Aug-19-26 17:06:16,Aug-19-26 17:06:16,Paid,
9486,03-15970-55797,ebuyer_006434,,310000015970,Antique Flannel Shirt,CL-015970,1,$21.99,$9.39,$2.20,$33.58,Yes,eBay Managed Payments,Aug-19-26 17:11:30,Aug-19-26 17:11:30,Paid,
9484,07-15968-96869,ebuyer_006041,,310000015968,Lot of 2 Hiking Boots,SH-015968,1,$34.99,$8.25,$3.03,$46.27,Yes,eBay Managed Payments,Aug-19-26 17:32:19,Aug-19-26 17:32:19,Paid,
9480,24-15964-81132,ebuyer_006756,,310000015964,Pre-owned Wool Coat,CL-015964,1,$52.99,$0.00,$3.71,$56.70,Yes,eBay Managed Payments,Aug-19-26 17:59:26,Aug-19-26 17:59:26,Paid,
9485,19-15969-45293,ebuyer_006930,,310000015969,Used Coin Lot,CO-015969,1,$96.99,$6.63,$7.25,$110.87,Yes,eBay Managed Payments,Aug-19-26 18:00:11,Aug-19-26 18:00:11,Paid,
9479,04-15963-82084,ebuyer_006281,,310000015963,Pre-owned Rain Jacket,CL-015963,1,$26.99,$0.00,$1.89,$28.88,Yes,eBay Managed Payments,Aug-19-26 19:35:33,Aug-19-26 19:35:33,Paid,
9489,23-15973-47449,ebuyer_007860,,310000015973,Mid-Century Cashmere Sweater,CL-015973,1,$16.99,$8.68,$1.80,$27.47,Yes,eBay Managed Payments,Aug-19-26 19:44:06,Aug-19-26 19:44:06,Paid,
9483,08-15967-26258,ebuyer_009238,,310000015967,Pre-owned Rain Jacket,CL-015967,1,$21.99,$11.10,$2.32,$35.41,Yes,eBay Managed Payments,Aug-19-26 19:51:37,Aug-19-26 19:51:37,Paid,
9467,10-15951-03123,ebuyer_007075,,310000015951,Handmade Portable Radio,EL-015951,1,$18.99,$0.00,$1.33,$20.32,Yes,eBay Managed Payments,Aug-19-26 20:27:33,Aug-19-26 20:27:33,Paid,
9473,15-15957-73065,ebuyer_006904,,310000015957,Mid-Century Denim Jacket,CL-015957,1,$18.99,$13.02,$2.24,$34.25,Yes,eBay Managed Payments,Aug-19-26 21:27:34,Aug-19-26 21:27:34,Paid,
9471,07-15955-26107,ebuyer_006000,,310000015955,Used Fishing Reel,SG-015955,1,$19.99,$8.48,$1.99,$30.46,Yes,eBay Managed Payments,Aug-19-26 21:57:20,Aug-19-26 21:57:20,Paid,
9490,27-15974-35512,ebuyer_006594,,310000015974,Lot of 2 Leather Satchel,HB-015974,1,$40.99,$11.55,$3.68,$56.22,Yes,eBay Managed Payments,Aug-19-26 22:59:32,Aug-19-26 22:59:32,Paid,
9468,22-15952-82971,ebuyer_007176,,310000015952,Retro Silk Blouse,CL-015952,1,$16.99,$7.73,$1.73,$26.45,Yes,eBay Managed Payments,Aug-19-26 23:05:05,Aug-19-26 23:05:05,Paid,
9492,23-15976-50665,ebuyer_006844,,310000015976,Mid-Century Sandals,SH-015976,1,$24.99,$0.00,$1.75,$26.74,Yes,eBay Managed Payments,Aug-19-26 23:23:35,Aug-19-26 23:23:35,Paid,
9464,10-15948-31034,ebuyer_009031,,310000015948,Handmade Running Shoes,SH-015948,1,$74.99,$4.87,$5.59,$85.45,Yes,eBay Managed Payments,Aug-19-26 23:51:10,Aug-19-26 23:51:10,Paid,
9475,10-15959-41462,ebuyer_006993,,310000015959,Antique Game Console,EL-015959,1,$22.99,$0.00,$1.61,$24.60,Yes,eBay Managed Payments,Aug-19-26 23:54:13,Aug-19-26 23:54:13,Paid,

"29 record(s) downloaded,from Aug-19-26 to Aug-19-26"
Seller ID : goodwill_michiana_test
