Sales Record Number,Order Number,Buyer Username,Item Number,Item Title,Quantity,Sold For,Shipping And Handling,eBay Collected Tax,Total Price,Sale Date,Paid On Date
4400,03-8800000,buyer_skyler0,330000000,Home Goods lot #0,1,53.89,6.19,3.23,63.31,2026-09-01,2026-09-01
4401,03-8800001,buyer_avery1,330000001,Apparel lot #1,1,54.19,7.21,3.25,64.65,2026-09-02,2026-09-02
4402,03-8800002,buyer_parker2,330000002,Furniture lot #2,1,60.83,3.52,3.65,68.00,2026-09-03,2026-09-03
4403,03-8800003,buyer_skyler3,330000003,Books & Media lot #3,1,48.34,5.87,2.90,57.11,2026-09-04,2026-09-04
4404,03-8800004,buyer_jamie4,330000004,Apparel lot #4,1,33.24,2.27,1.99,37.50,2026-09-05,2026-09-05
4405,03-8800005,buyer_jamie5,330000005,Furniture lot #5,1,11.79,7.47,0.71,19.97,2026-09-06,2026-09-06
4406,03-8800006,buyer_sam6,330000006,Books & Media lot #6,1,19.43,1.69,1.17,22.29,2026-09-07,2026-09-07
4407,03-8800007,buyer_avery7,330000007,Jewelry lot #7,1,9.84,6.37,0.59,16.80,2026-09-08,2026-09-08
4408,03-8800008,buyer_hayden8,330000008,Home Goods lot #8,1,69.42,4.51,4.17,78.10,2026-09-09,2026-09-09
4409,03-8800009,buyer_morgan9,330000009,Home Goods lot #9,1,47.67,2.31,2.86,52.84,2026-09-10,2026-09-10
4410,03-8800010,buyer_avery10,330000010,Home Goods lot #10,1,9.33,7.44,0.56,17.33,2026-09-11,2026-09-11
4411,03-8800011,buyer_alex11,330000011,Electronics lot #11,1,20.34,0.74,1.22,22.30,2026-09-12,2026-09-12
4412,03-8800012,buyer_drew12,330000012,Home Goods lot #12,1,33.06,3.47,1.98,38.51,2026-09-13,2026-09-13
4413,03-8800013,buyer_taylor13,330000013,Home Goods lot #13,1,62.08,2.57,3.72,68.37,2026-09-14,2026-09-14
4414,03-8800014,buyer_morgan14,330000014,Jewelry lot #14,1,65.76,3.82,3.95,73.53,2026-09-15,2026-09-15
4415,03-8800015,buyer_reese15,330000015,Jewelry lot #15,1,44.14,2.58,2.65,49.37,2026-09-16,2026-09-16
4416,03-8800016,buyer_quinn16,330000016,Sporting Goods lot #16,1,9.75,0.63,0.58,10.96,2026-09-17,2026-09-17
4417,03-8800017,buyer_avery17,330000017,Home Goods lot #17,1,45.64,3.61,2.74,51.99,2026-09-18,2026-09-18
4418,03-8800018,buyer_drew18,330000018,Jewelry lot #18,1,36.03,1.92,2.16,40.11,2026-09-19,2026-09-19
4419,03-8800019,buyer_skyler19,330000019,Apparel lot #19,1,35.53,1.93,2.13,39.59,2026-09-20,2026-09-20
4420,03-8800020,buyer_taylor20,330000020,Sporting Goods lot #20,1,60.83,7.91,3.65,72.39,2026-09-21,2026-09-21
4421,03-8800021,buyer_reese21,330000021,Toys lot #21,1,15.90,7.13,0.95,23.98,2026-09-22,2026-09-22
4422,03-8800022,buyer_parker22,330000022,Electronics lot #22,1,46.03,1.52,2.76,50.31,2026-09-23,2026-09-23
4423,03-8800023,buyer_casey23,330000023,Home Goods lot #23,1,52.79,7.88,3.17,63.84,2026-09-24,2026-09-24
