Jewelry Report - August 2025,,,,,,,,
,,,,,,,,
Sale Date,Order ID,Item ID,Description,Category,Sold Price,Shipping,Fees,Supplier
2025-08-01,J-5001,JW-0001,Watch lot (5),Watches,$30.99,$5.50,$3.10,Store 12
2025-08-02,J-5002,JW-0002,Gold-tone necklace lot,Necklaces,$36.99,$5.50,$3.70,Store 12
2025-08-03,J-5003,JW-0003,Watch lot (5),Watches,$35.99,$5.50,$3.60,Store 12
2025-08-06,J-5004,JW-0004,Gold-tone necklace lot,Necklaces,$86.99,$3.95,$8.70,Store 12
2025-08-06,J-5005,JW-0005,Vintage brooch,Brooches,$32.99,$5.50,$3.30,Store 12
2025-08-07,J-5006,JW-0006,Gold-tone necklace lot,Necklaces,$29.99,$3.95,$3.00,Store 04
2025-08-07,J-5007,JW-0007,Sterling silver ring,Rings,$24.99,$3.95,$2.50,Outlet DC
2025-08-08,J-5008,JW-0008,Vintage brooch,Brooches,$95.99,$3.95,$9.60,Store 04
2025-08-09,J-5009,JW-0009,Vintage brooch,Brooches,$29.99,$5.50,$3.00,Store 04
2025-08-11,J-5010,JW-0010,10k gold chain 18in,Chains,$43.99,$4.95,$4.40,Store 07
2025-08-18,J-5011,JW-0011,Sterling silver ring,Rings,$31.99,$4.95,$3.20,Store 07
2025-08-24,J-5012,JW-0012,Gold-tone necklace lot,Necklaces,$48.99,$5.50,$4.90,Outlet DC
2025-08-24,J-5013,JW-0013,Cameo pendant,Pendants,$19.99,$3.95,$2.00,Store 12
2025-08-26,J-5014,JW-0014,Cameo pendant,Pendants,$91.99,$5.50,$9.20,Store 07
2025-08-26,J-5015,JW-0015,Turquoise bracelet,Bracelets,$65.99,$5.50,$6.60,Store 04
2025-08-29,J-5016,JW-0016,Vintage brooch,Brooches,$32.99,$5.50,$3.30,Store 04
2025-08-29,J-5017,JW-0017,Cameo pendant,Pendants,$41.99,$4.95,$4.20,Store 12
2025-08-30,J-5018,JW-0018,Vintage brooch,Brooches,$25.99,$4.95,$2.60,Outlet DC
2025-08-30,J-5019,JW-0019,Cameo pendant,Pendants,$47.99,$3.95,$4.80,Store 04
,,,,,,,,
Grand Total,,,,,$856.81,$93.00,$85.70,
